solid OpenSCAD_Model
  facet normal 0.980791 -0.19506 0
    outer loop
      vertex -31.2329 -29.0094 7.7
      vertex -31.1334 -28.5091 3
      vertex -31.1334 -28.5091 7.7
    endloop
  endfacet
  facet normal 0.980791 -0.19506 0
    outer loop
      vertex -31.1334 -28.5091 3
      vertex -31.2329 -29.0094 7.7
      vertex -31.2329 -29.0094 3
    endloop
  endfacet
  facet normal 0.997855 -0.0654652 0
    outer loop
      vertex -31.1334 -28.5091 7.7
      vertex -31.1 -28 3
      vertex -31.1 -28 7.7
    endloop
  endfacet
  facet normal 0.997855 -0.0654652 0
    outer loop
      vertex -31.1 -28 3
      vertex -31.1334 -28.5091 7.7
      vertex -31.1334 -28.5091 3
    endloop
  endfacet
  facet normal 0.946924 -0.321456 0
    outer loop
      vertex -31.3969 -29.4925 7.7
      vertex -31.2329 -29.0094 3
      vertex -31.2329 -29.0094 7.7
    endloop
  endfacet
  facet normal 0.946924 -0.321456 0
    outer loop
      vertex -31.2329 -29.0094 3
      vertex -31.3969 -29.4925 7.7
      vertex -31.3969 -29.4925 3
    endloop
  endfacet
  facet normal -0.997855 0.0654652 0
    outer loop
      vertex -38.9 -28 3
      vertex -38.8666 -27.4909 7.7
      vertex -38.8666 -27.4909 3
    endloop
  endfacet
  facet normal -0.997855 0.0654652 0
    outer loop
      vertex -38.8666 -27.4909 7.7
      vertex -38.9 -28 3
      vertex -38.9 -28 7.7
    endloop
  endfacet
  facet normal -0.831507 0.555514 0
    outer loop
      vertex -38.3775 -26.05 3
      vertex -38.0941 -25.6258 7.7
      vertex -38.0941 -25.6258 3
    endloop
  endfacet
  facet normal -0.831507 0.555514 0
    outer loop
      vertex -38.0941 -25.6258 7.7
      vertex -38.3775 -26.05 3
      vertex -38.3775 -26.05 7.7
    endloop
  endfacet
  facet normal -0.980791 0.19506 0
    outer loop
      vertex -38.8666 -27.4909 3
      vertex -38.7671 -26.9906 7.7
      vertex -38.7671 -26.9906 3
    endloop
  endfacet
  facet normal -0.980791 0.19506 0
    outer loop
      vertex -38.7671 -26.9906 7.7
      vertex -38.8666 -27.4909 3
      vertex -38.8666 -27.4909 7.7
    endloop
  endfacet
  facet normal -0.896884 0.442267 0
    outer loop
      vertex -38.6031 -26.5075 3
      vertex -38.3775 -26.05 7.7
      vertex -38.3775 -26.05 3
    endloop
  endfacet
  facet normal -0.896884 0.442267 0
    outer loop
      vertex -38.3775 -26.05 7.7
      vertex -38.6031 -26.5075 3
      vertex -38.6031 -26.5075 7.7
    endloop
  endfacet
  facet normal 0.321456 -0.946924 0
    outer loop
      vertex -33.9906 -31.7671 3
      vertex -33.5075 -31.6031 7.7
      vertex -33.9906 -31.7671 7.7
    endloop
  endfacet
  facet normal 0.321456 -0.946924 0
    outer loop
      vertex -33.5075 -31.6031 7.7
      vertex -33.9906 -31.7671 3
      vertex -33.5075 -31.6031 3
    endloop
  endfacet
  facet normal 0.442267 0.896884 -0
    outer loop
      vertex -33.05 -24.6225 3
      vertex -33.5075 -24.3969 7.7
      vertex -33.05 -24.6225 7.7
    endloop
  endfacet
  facet normal 0.442267 0.896884 0
    outer loop
      vertex -33.5075 -24.3969 7.7
      vertex -33.05 -24.6225 3
      vertex -33.5075 -24.3969 3
    endloop
  endfacet
  facet normal 0.321456 0.946924 -0
    outer loop
      vertex -33.5075 -24.3969 3
      vertex -33.9906 -24.2329 7.7
      vertex -33.5075 -24.3969 7.7
    endloop
  endfacet
  facet normal 0.321456 0.946924 0
    outer loop
      vertex -33.9906 -24.2329 7.7
      vertex -33.5075 -24.3969 3
      vertex -33.9906 -24.2329 3
    endloop
  endfacet
  facet normal 0.896884 -0.442267 0
    outer loop
      vertex -31.6225 -29.95 7.7
      vertex -31.3969 -29.4925 3
      vertex -31.3969 -29.4925 7.7
    endloop
  endfacet
  facet normal 0.896884 -0.442267 0
    outer loop
      vertex -31.3969 -29.4925 3
      vertex -31.6225 -29.95 7.7
      vertex -31.6225 -29.95 3
    endloop
  endfacet
  facet normal -0.997855 -0.0654652 0
    outer loop
      vertex -38.8666 -28.5091 3
      vertex -38.9 -28 7.7
      vertex -38.9 -28 3
    endloop
  endfacet
  facet normal -0.997855 -0.0654652 0
    outer loop
      vertex -38.9 -28 7.7
      vertex -38.8666 -28.5091 3
      vertex -38.8666 -28.5091 7.7
    endloop
  endfacet
  facet normal 0.19506 0.980791 -0
    outer loop
      vertex -33.9906 -24.2329 3
      vertex -34.4909 -24.1334 7.7
      vertex -33.9906 -24.2329 7.7
    endloop
  endfacet
  facet normal 0.19506 0.980791 0
    outer loop
      vertex -34.4909 -24.1334 7.7
      vertex -33.9906 -24.2329 3
      vertex -34.4909 -24.1334 3
    endloop
  endfacet
  facet normal -0.751763 -0.659434 0
    outer loop
      vertex -37.7577 -30.7577 3
      vertex -38.0941 -30.3742 7.7
      vertex -38.0941 -30.3742 3
    endloop
  endfacet
  facet normal -0.751763 -0.659434 0
    outer loop
      vertex -38.0941 -30.3742 7.7
      vertex -37.7577 -30.7577 3
      vertex -37.7577 -30.7577 7.7
    endloop
  endfacet
  facet normal 0.555514 -0.831507 0
    outer loop
      vertex -33.05 -31.3775 3
      vertex -32.6258 -31.0941 7.7
      vertex -33.05 -31.3775 7.7
    endloop
  endfacet
  facet normal 0.555514 -0.831507 0
    outer loop
      vertex -32.6258 -31.0941 7.7
      vertex -33.05 -31.3775 3
      vertex -32.6258 -31.0941 3
    endloop
  endfacet
  facet normal 0.19506 -0.980791 0
    outer loop
      vertex -34.4909 -31.8666 3
      vertex -33.9906 -31.7671 7.7
      vertex -34.4909 -31.8666 7.7
    endloop
  endfacet
  facet normal 0.19506 -0.980791 0
    outer loop
      vertex -33.9906 -31.7671 7.7
      vertex -34.4909 -31.8666 3
      vertex -33.9906 -31.7671 3
    endloop
  endfacet
  facet normal 0.946924 0.321456 0
    outer loop
      vertex -31.2329 -26.9906 7.7
      vertex -31.3969 -26.5075 3
      vertex -31.3969 -26.5075 7.7
    endloop
  endfacet
  facet normal 0.946924 0.321456 0
    outer loop
      vertex -31.3969 -26.5075 3
      vertex -31.2329 -26.9906 7.7
      vertex -31.2329 -26.9906 3
    endloop
  endfacet
  facet normal 0.896884 0.442267 0
    outer loop
      vertex -31.3969 -26.5075 7.7
      vertex -31.6225 -26.05 3
      vertex -31.6225 -26.05 7.7
    endloop
  endfacet
  facet normal 0.896884 0.442267 0
    outer loop
      vertex -31.6225 -26.05 3
      vertex -31.3969 -26.5075 7.7
      vertex -31.3969 -26.5075 3
    endloop
  endfacet
  facet normal 0.997855 0.0654652 0
    outer loop
      vertex -31.1 -28 7.7
      vertex -31.1334 -27.4909 3
      vertex -31.1334 -27.4909 7.7
    endloop
  endfacet
  facet normal 0.997855 0.0654652 0
    outer loop
      vertex -31.1334 -27.4909 3
      vertex -31.1 -28 7.7
      vertex -31.1 -28 3
    endloop
  endfacet
  facet normal 0.751763 -0.659434 0
    outer loop
      vertex -32.2423 -30.7577 7.7
      vertex -31.9059 -30.3742 3
      vertex -31.9059 -30.3742 7.7
    endloop
  endfacet
  facet normal 0.751763 -0.659434 0
    outer loop
      vertex -31.9059 -30.3742 3
      vertex -32.2423 -30.7577 7.7
      vertex -32.2423 -30.7577 3
    endloop
  endfacet
  facet normal -0.659434 -0.751763 0
    outer loop
      vertex -37.7577 -30.7577 3
      vertex -37.3742 -31.0941 7.7
      vertex -37.7577 -30.7577 7.7
    endloop
  endfacet
  facet normal -0.659434 -0.751763 -0
    outer loop
      vertex -37.3742 -31.0941 7.7
      vertex -37.7577 -30.7577 3
      vertex -37.3742 -31.0941 3
    endloop
  endfacet
  facet normal -0.19506 -0.980791 0
    outer loop
      vertex -36.0094 -31.7671 3
      vertex -35.5091 -31.8666 7.7
      vertex -36.0094 -31.7671 7.7
    endloop
  endfacet
  facet normal -0.19506 -0.980791 -0
    outer loop
      vertex -35.5091 -31.8666 7.7
      vertex -36.0094 -31.7671 3
      vertex -35.5091 -31.8666 3
    endloop
  endfacet
  facet normal 0.659434 0.751763 -0
    outer loop
      vertex -32.2423 -25.2423 3
      vertex -32.6258 -24.9059 7.7
      vertex -32.2423 -25.2423 7.7
    endloop
  endfacet
  facet normal 0.659434 0.751763 0
    outer loop
      vertex -32.6258 -24.9059 7.7
      vertex -32.2423 -25.2423 3
      vertex -32.6258 -24.9059 3
    endloop
  endfacet
  facet normal -0.751763 0.659434 0
    outer loop
      vertex -38.0941 -25.6258 3
      vertex -37.7577 -25.2423 7.7
      vertex -37.7577 -25.2423 3
    endloop
  endfacet
  facet normal -0.751763 0.659434 0
    outer loop
      vertex -37.7577 -25.2423 7.7
      vertex -38.0941 -25.6258 3
      vertex -38.0941 -25.6258 7.7
    endloop
  endfacet
  facet normal -0.442267 -0.896884 0
    outer loop
      vertex -36.95 -31.3775 3
      vertex -36.4925 -31.6031 7.7
      vertex -36.95 -31.3775 7.7
    endloop
  endfacet
  facet normal -0.442267 -0.896884 -0
    outer loop
      vertex -36.4925 -31.6031 7.7
      vertex -36.95 -31.3775 3
      vertex -36.4925 -31.6031 3
    endloop
  endfacet
  facet normal 0.555514 0.831507 -0
    outer loop
      vertex -32.6258 -24.9059 3
      vertex -33.05 -24.6225 7.7
      vertex -32.6258 -24.9059 7.7
    endloop
  endfacet
  facet normal 0.555514 0.831507 0
    outer loop
      vertex -33.05 -24.6225 7.7
      vertex -32.6258 -24.9059 3
      vertex -33.05 -24.6225 3
    endloop
  endfacet
  facet normal 0.659434 -0.751763 0
    outer loop
      vertex -32.6258 -31.0941 3
      vertex -32.2423 -30.7577 7.7
      vertex -32.6258 -31.0941 7.7
    endloop
  endfacet
  facet normal 0.659434 -0.751763 0
    outer loop
      vertex -32.2423 -30.7577 7.7
      vertex -32.6258 -31.0941 3
      vertex -32.2423 -30.7577 3
    endloop
  endfacet
  facet normal 0.831507 -0.555514 0
    outer loop
      vertex -31.9059 -30.3742 7.7
      vertex -31.6225 -29.95 3
      vertex -31.6225 -29.95 7.7
    endloop
  endfacet
  facet normal 0.831507 -0.555514 0
    outer loop
      vertex -31.6225 -29.95 3
      vertex -31.9059 -30.3742 7.7
      vertex -31.9059 -30.3742 3
    endloop
  endfacet
  facet normal 0.442267 -0.896884 0
    outer loop
      vertex -33.5075 -31.6031 3
      vertex -33.05 -31.3775 7.7
      vertex -33.5075 -31.6031 7.7
    endloop
  endfacet
  facet normal 0.442267 -0.896884 0
    outer loop
      vertex -33.05 -31.3775 7.7
      vertex -33.5075 -31.6031 3
      vertex -33.05 -31.3775 3
    endloop
  endfacet
  facet normal 0.980791 0.19506 0
    outer loop
      vertex -31.1334 -27.4909 7.7
      vertex -31.2329 -26.9906 3
      vertex -31.2329 -26.9906 7.7
    endloop
  endfacet
  facet normal 0.980791 0.19506 0
    outer loop
      vertex -31.2329 -26.9906 3
      vertex -31.1334 -27.4909 7.7
      vertex -31.1334 -27.4909 3
    endloop
  endfacet
  facet normal -0.321456 0.946924 0
    outer loop
      vertex -36.0094 -24.2329 3
      vertex -36.4925 -24.3969 7.7
      vertex -36.0094 -24.2329 7.7
    endloop
  endfacet
  facet normal -0.321456 0.946924 0
    outer loop
      vertex -36.4925 -24.3969 7.7
      vertex -36.0094 -24.2329 3
      vertex -36.4925 -24.3969 3
    endloop
  endfacet
  facet normal 0.751763 0.659434 0
    outer loop
      vertex -31.9059 -25.6258 7.7
      vertex -32.2423 -25.2423 3
      vertex -32.2423 -25.2423 7.7
    endloop
  endfacet
  facet normal 0.751763 0.659434 0
    outer loop
      vertex -32.2423 -25.2423 3
      vertex -31.9059 -25.6258 7.7
      vertex -31.9059 -25.6258 3
    endloop
  endfacet
  facet normal 0.831507 0.555514 0
    outer loop
      vertex -31.6225 -26.05 7.7
      vertex -31.9059 -25.6258 3
      vertex -31.9059 -25.6258 7.7
    endloop
  endfacet
  facet normal 0.831507 0.555514 0
    outer loop
      vertex -31.9059 -25.6258 3
      vertex -31.6225 -26.05 7.7
      vertex -31.6225 -26.05 3
    endloop
  endfacet
  facet normal -0.0654652 0.997855 0
    outer loop
      vertex -35 -24.1 3
      vertex -35.5091 -24.1334 7.7
      vertex -35 -24.1 7.7
    endloop
  endfacet
  facet normal -0.0654652 0.997855 0
    outer loop
      vertex -35.5091 -24.1334 7.7
      vertex -35 -24.1 3
      vertex -35.5091 -24.1334 3
    endloop
  endfacet
  facet normal -0.0654652 -0.997855 0
    outer loop
      vertex -35.5091 -31.8666 3
      vertex -35 -31.9 7.7
      vertex -35.5091 -31.8666 7.7
    endloop
  endfacet
  facet normal -0.0654652 -0.997855 -0
    outer loop
      vertex -35 -31.9 7.7
      vertex -35.5091 -31.8666 3
      vertex -35 -31.9 3
    endloop
  endfacet
  facet normal -0.659434 0.751763 0
    outer loop
      vertex -37.3742 -24.9059 3
      vertex -37.7577 -25.2423 7.7
      vertex -37.3742 -24.9059 7.7
    endloop
  endfacet
  facet normal -0.659434 0.751763 0
    outer loop
      vertex -37.7577 -25.2423 7.7
      vertex -37.3742 -24.9059 3
      vertex -37.7577 -25.2423 3
    endloop
  endfacet
  facet normal -0.555514 0.831507 0
    outer loop
      vertex -36.95 -24.6225 3
      vertex -37.3742 -24.9059 7.7
      vertex -36.95 -24.6225 7.7
    endloop
  endfacet
  facet normal -0.555514 0.831507 0
    outer loop
      vertex -37.3742 -24.9059 7.7
      vertex -36.95 -24.6225 3
      vertex -37.3742 -24.9059 3
    endloop
  endfacet
  facet normal 0.0654652 0.997855 -0
    outer loop
      vertex -34.4909 -24.1334 3
      vertex -35 -24.1 7.7
      vertex -34.4909 -24.1334 7.7
    endloop
  endfacet
  facet normal 0.0654652 0.997855 0
    outer loop
      vertex -35 -24.1 7.7
      vertex -34.4909 -24.1334 3
      vertex -35 -24.1 3
    endloop
  endfacet
  facet normal 0.0654652 -0.997855 0
    outer loop
      vertex -35 -31.9 3
      vertex -34.4909 -31.8666 7.7
      vertex -35 -31.9 7.7
    endloop
  endfacet
  facet normal 0.0654652 -0.997855 0
    outer loop
      vertex -34.4909 -31.8666 7.7
      vertex -35 -31.9 3
      vertex -34.4909 -31.8666 3
    endloop
  endfacet
  facet normal -0.980791 -0.19506 0
    outer loop
      vertex -38.7671 -29.0094 3
      vertex -38.8666 -28.5091 7.7
      vertex -38.8666 -28.5091 3
    endloop
  endfacet
  facet normal -0.980791 -0.19506 0
    outer loop
      vertex -38.8666 -28.5091 7.7
      vertex -38.7671 -29.0094 3
      vertex -38.7671 -29.0094 7.7
    endloop
  endfacet
  facet normal -0.442267 0.896884 0
    outer loop
      vertex -36.4925 -24.3969 3
      vertex -36.95 -24.6225 7.7
      vertex -36.4925 -24.3969 7.7
    endloop
  endfacet
  facet normal -0.442267 0.896884 0
    outer loop
      vertex -36.95 -24.6225 7.7
      vertex -36.4925 -24.3969 3
      vertex -36.95 -24.6225 3
    endloop
  endfacet
  facet normal -0.555514 -0.831507 0
    outer loop
      vertex -37.3742 -31.0941 3
      vertex -36.95 -31.3775 7.7
      vertex -37.3742 -31.0941 7.7
    endloop
  endfacet
  facet normal -0.555514 -0.831507 -0
    outer loop
      vertex -36.95 -31.3775 7.7
      vertex -37.3742 -31.0941 3
      vertex -36.95 -31.3775 3
    endloop
  endfacet
  facet normal -0.321456 -0.946924 0
    outer loop
      vertex -36.4925 -31.6031 3
      vertex -36.0094 -31.7671 7.7
      vertex -36.4925 -31.6031 7.7
    endloop
  endfacet
  facet normal -0.321456 -0.946924 -0
    outer loop
      vertex -36.0094 -31.7671 7.7
      vertex -36.4925 -31.6031 3
      vertex -36.0094 -31.7671 3
    endloop
  endfacet
  facet normal -0.19506 0.980791 0
    outer loop
      vertex -35.5091 -24.1334 3
      vertex -36.0094 -24.2329 7.7
      vertex -35.5091 -24.1334 7.7
    endloop
  endfacet
  facet normal -0.19506 0.980791 0
    outer loop
      vertex -36.0094 -24.2329 7.7
      vertex -35.5091 -24.1334 3
      vertex -36.0094 -24.2329 3
    endloop
  endfacet
  facet normal -0.946924 -0.321456 0
    outer loop
      vertex -38.6031 -29.4925 3
      vertex -38.7671 -29.0094 7.7
      vertex -38.7671 -29.0094 3
    endloop
  endfacet
  facet normal -0.946924 -0.321456 0
    outer loop
      vertex -38.7671 -29.0094 7.7
      vertex -38.6031 -29.4925 3
      vertex -38.6031 -29.4925 7.7
    endloop
  endfacet
  facet normal 0 0 1
    outer loop
      vertex -31.1334 -27.4909 7.7
      vertex -31.1334 -28.5091 7.7
      vertex -31.1 -28 7.7
    endloop
  endfacet
  facet normal 0 0 1
    outer loop
      vertex -31.2329 -26.9906 7.7
      vertex -31.1334 -28.5091 7.7
      vertex -31.1334 -27.4909 7.7
    endloop
  endfacet
  facet normal 0 0 1
    outer loop
      vertex -31.2329 -26.9906 7.7
      vertex -31.2329 -29.0094 7.7
      vertex -31.1334 -28.5091 7.7
    endloop
  endfacet
  facet normal 0 0 1
    outer loop
      vertex -31.3969 -26.5075 7.7
      vertex -31.2329 -29.0094 7.7
      vertex -31.2329 -26.9906 7.7
    endloop
  endfacet
  facet normal 0 0 1
    outer loop
      vertex -31.3969 -26.5075 7.7
      vertex -31.3969 -29.4925 7.7
      vertex -31.2329 -29.0094 7.7
    endloop
  endfacet
  facet normal 0 0 1
    outer loop
      vertex -31.6225 -26.05 7.7
      vertex -31.3969 -29.4925 7.7
      vertex -31.3969 -26.5075 7.7
    endloop
  endfacet
  facet normal 0 0 1
    outer loop
      vertex -31.6225 -26.05 7.7
      vertex -31.6225 -29.95 7.7
      vertex -31.3969 -29.4925 7.7
    endloop
  endfacet
  facet normal 0 0 1
    outer loop
      vertex -31.9059 -25.6258 7.7
      vertex -31.6225 -29.95 7.7
      vertex -31.6225 -26.05 7.7
    endloop
  endfacet
  facet normal 0 0 1
    outer loop
      vertex -31.9059 -25.6258 7.7
      vertex -31.9059 -30.3742 7.7
      vertex -31.6225 -29.95 7.7
    endloop
  endfacet
  facet normal 0 0 1
    outer loop
      vertex -32.2423 -25.2423 7.7
      vertex -31.9059 -30.3742 7.7
      vertex -31.9059 -25.6258 7.7
    endloop
  endfacet
  facet normal 0 0 1
    outer loop
      vertex -32.2423 -25.2423 7.7
      vertex -32.2423 -30.7577 7.7
      vertex -31.9059 -30.3742 7.7
    endloop
  endfacet
  facet normal 0 0 1
    outer loop
      vertex -32.6258 -24.9059 7.7
      vertex -32.2423 -30.7577 7.7
      vertex -32.2423 -25.2423 7.7
    endloop
  endfacet
  facet normal 0 0 1
    outer loop
      vertex -32.6258 -24.9059 7.7
      vertex -32.6258 -31.0941 7.7
      vertex -32.2423 -30.7577 7.7
    endloop
  endfacet
  facet normal 0 0 1
    outer loop
      vertex -33.05 -24.6225 7.7
      vertex -32.6258 -31.0941 7.7
      vertex -32.6258 -24.9059 7.7
    endloop
  endfacet
  facet normal 0 0 1
    outer loop
      vertex -33.05 -24.6225 7.7
      vertex -33.05 -31.3775 7.7
      vertex -32.6258 -31.0941 7.7
    endloop
  endfacet
  facet normal 0 0 1
    outer loop
      vertex -33.5075 -24.3969 7.7
      vertex -33.05 -31.3775 7.7
      vertex -33.05 -24.6225 7.7
    endloop
  endfacet
  facet normal 0 0 1
    outer loop
      vertex -33.5075 -24.3969 7.7
      vertex -33.5075 -31.6031 7.7
      vertex -33.05 -31.3775 7.7
    endloop
  endfacet
  facet normal 0 0 1
    outer loop
      vertex -33.9906 -24.2329 7.7
      vertex -33.5075 -31.6031 7.7
      vertex -33.5075 -24.3969 7.7
    endloop
  endfacet
  facet normal 0 0 1
    outer loop
      vertex -33.9906 -24.2329 7.7
      vertex -33.9906 -31.7671 7.7
      vertex -33.5075 -31.6031 7.7
    endloop
  endfacet
  facet normal 0 0 1
    outer loop
      vertex -34.4909 -24.1334 7.7
      vertex -33.9906 -31.7671 7.7
      vertex -33.9906 -24.2329 7.7
    endloop
  endfacet
  facet normal 0 0 1
    outer loop
      vertex -34.4909 -24.1334 7.7
      vertex -34.4909 -31.8666 7.7
      vertex -33.9906 -31.7671 7.7
    endloop
  endfacet
  facet normal 0 0 1
    outer loop
      vertex -35 -24.1 7.7
      vertex -34.4909 -31.8666 7.7
      vertex -34.4909 -24.1334 7.7
    endloop
  endfacet
  facet normal 0 0 1
    outer loop
      vertex -35 -24.1 7.7
      vertex -35 -31.9 7.7
      vertex -34.4909 -31.8666 7.7
    endloop
  endfacet
  facet normal -0 0 1
    outer loop
      vertex -35.5091 -24.1334 7.7
      vertex -35 -31.9 7.7
      vertex -35 -24.1 7.7
    endloop
  endfacet
  facet normal 0 0 1
    outer loop
      vertex -35.5091 -24.1334 7.7
      vertex -35.5091 -31.8666 7.7
      vertex -35 -31.9 7.7
    endloop
  endfacet
  facet normal -0 0 1
    outer loop
      vertex -36.0094 -24.2329 7.7
      vertex -35.5091 -31.8666 7.7
      vertex -35.5091 -24.1334 7.7
    endloop
  endfacet
  facet normal 0 0 1
    outer loop
      vertex -36.0094 -24.2329 7.7
      vertex -36.0094 -31.7671 7.7
      vertex -35.5091 -31.8666 7.7
    endloop
  endfacet
  facet normal -0 0 1
    outer loop
      vertex -36.4925 -24.3969 7.7
      vertex -36.0094 -31.7671 7.7
      vertex -36.0094 -24.2329 7.7
    endloop
  endfacet
  facet normal 0 0 1
    outer loop
      vertex -36.4925 -24.3969 7.7
      vertex -36.4925 -31.6031 7.7
      vertex -36.0094 -31.7671 7.7
    endloop
  endfacet
  facet normal -0 0 1
    outer loop
      vertex -36.95 -24.6225 7.7
      vertex -36.4925 -31.6031 7.7
      vertex -36.4925 -24.3969 7.7
    endloop
  endfacet
  facet normal 0 0 1
    outer loop
      vertex -36.95 -24.6225 7.7
      vertex -36.95 -31.3775 7.7
      vertex -36.4925 -31.6031 7.7
    endloop
  endfacet
  facet normal -0 0 1
    outer loop
      vertex -37.3742 -24.9059 7.7
      vertex -36.95 -31.3775 7.7
      vertex -36.95 -24.6225 7.7
    endloop
  endfacet
  facet normal 0 0 1
    outer loop
      vertex -37.3742 -24.9059 7.7
      vertex -37.3742 -31.0941 7.7
      vertex -36.95 -31.3775 7.7
    endloop
  endfacet
  facet normal -0 0 1
    outer loop
      vertex -37.7577 -25.2423 7.7
      vertex -37.3742 -31.0941 7.7
      vertex -37.3742 -24.9059 7.7
    endloop
  endfacet
  facet normal 0 0 1
    outer loop
      vertex -37.7577 -25.2423 7.7
      vertex -37.7577 -30.7577 7.7
      vertex -37.3742 -31.0941 7.7
    endloop
  endfacet
  facet normal -0 0 1
    outer loop
      vertex -38.0941 -25.6258 7.7
      vertex -37.7577 -30.7577 7.7
      vertex -37.7577 -25.2423 7.7
    endloop
  endfacet
  facet normal 0 0 1
    outer loop
      vertex -38.0941 -25.6258 7.7
      vertex -38.0941 -30.3742 7.7
      vertex -37.7577 -30.7577 7.7
    endloop
  endfacet
  facet normal -0 0 1
    outer loop
      vertex -38.3775 -26.05 7.7
      vertex -38.0941 -30.3742 7.7
      vertex -38.0941 -25.6258 7.7
    endloop
  endfacet
  facet normal 0 0 1
    outer loop
      vertex -38.3775 -26.05 7.7
      vertex -38.3775 -29.95 7.7
      vertex -38.0941 -30.3742 7.7
    endloop
  endfacet
  facet normal -0 0 1
    outer loop
      vertex -38.6031 -26.5075 7.7
      vertex -38.3775 -29.95 7.7
      vertex -38.3775 -26.05 7.7
    endloop
  endfacet
  facet normal 0 0 1
    outer loop
      vertex -38.6031 -26.5075 7.7
      vertex -38.6031 -29.4925 7.7
      vertex -38.3775 -29.95 7.7
    endloop
  endfacet
  facet normal -0 0 1
    outer loop
      vertex -38.7671 -26.9906 7.7
      vertex -38.6031 -29.4925 7.7
      vertex -38.6031 -26.5075 7.7
    endloop
  endfacet
  facet normal 0 0 1
    outer loop
      vertex -38.7671 -26.9906 7.7
      vertex -38.7671 -29.0094 7.7
      vertex -38.6031 -29.4925 7.7
    endloop
  endfacet
  facet normal -0 0 1
    outer loop
      vertex -38.8666 -27.4909 7.7
      vertex -38.7671 -29.0094 7.7
      vertex -38.7671 -26.9906 7.7
    endloop
  endfacet
  facet normal 0 0 1
    outer loop
      vertex -38.8666 -27.4909 7.7
      vertex -38.8666 -28.5091 7.7
      vertex -38.7671 -29.0094 7.7
    endloop
  endfacet
  facet normal 0 -0 1
    outer loop
      vertex -38.8666 -28.5091 7.7
      vertex -38.8666 -27.4909 7.7
      vertex -38.9 -28 7.7
    endloop
  endfacet
  facet normal -0.831507 -0.555514 0
    outer loop
      vertex -38.0941 -30.3742 3
      vertex -38.3775 -29.95 7.7
      vertex -38.3775 -29.95 3
    endloop
  endfacet
  facet normal -0.831507 -0.555514 0
    outer loop
      vertex -38.3775 -29.95 7.7
      vertex -38.0941 -30.3742 3
      vertex -38.0941 -30.3742 7.7
    endloop
  endfacet
  facet normal -0.946924 0.321456 0
    outer loop
      vertex -38.7671 -26.9906 3
      vertex -38.6031 -26.5075 7.7
      vertex -38.6031 -26.5075 3
    endloop
  endfacet
  facet normal -0.946924 0.321456 0
    outer loop
      vertex -38.6031 -26.5075 7.7
      vertex -38.7671 -26.9906 3
      vertex -38.7671 -26.9906 7.7
    endloop
  endfacet
  facet normal 0 0 -1
    outer loop
      vertex 43 -20 0
      vertex -33.0681 -28.5176 0
      vertex -33 -28 0
    endloop
  endfacet
  facet normal 0 0 -1
    outer loop
      vertex -9.6 -76.15 0
      vertex -33.2679 -29 0
      vertex -33.0681 -28.5176 0
    endloop
  endfacet
  facet normal 0 0 -1
    outer loop
      vertex -9.6 -76.15 0
      vertex -33.5858 -29.4142 0
      vertex -33.2679 -29 0
    endloop
  endfacet
  facet normal 0 0 -1
    outer loop
      vertex -9.6 -76.15 0
      vertex -34 -29.732 0
      vertex -33.5858 -29.4142 0
    endloop
  endfacet
  facet normal 0 0 -1
    outer loop
      vertex -9.6 -76.15 0
      vertex -34.4824 -29.9319 0
      vertex -34 -29.732 0
    endloop
  endfacet
  facet normal 0 0 -1
    outer loop
      vertex -9.6 -76.15 0
      vertex -35 -30 0
      vertex -34.4824 -29.9319 0
    endloop
  endfacet
  facet normal 0 -0 -1
    outer loop
      vertex -35.5176 -29.9319 0
      vertex -9.6 -76.15 0
      vertex -43 -104 0
    endloop
  endfacet
  facet normal 0 0 -1
    outer loop
      vertex -9.6 -76.15 0
      vertex -35.5176 -29.9319 0
      vertex -35 -30 0
    endloop
  endfacet
  facet normal -0 0 -1
    outer loop
      vertex -35.5176 -29.9319 0
      vertex -43 -104 0
      vertex -36 -29.732 0
    endloop
  endfacet
  facet normal -0 0 -1
    outer loop
      vertex -36 -29.732 0
      vertex -43 -104 0
      vertex -36.4142 -29.4142 0
    endloop
  endfacet
  facet normal -0 0 -1
    outer loop
      vertex -36.4142 -29.4142 0
      vertex -43 -104 0
      vertex -36.732 -29 0
    endloop
  endfacet
  facet normal 0 0 -1
    outer loop
      vertex -36.732 -29 0
      vertex -43 -20 0
      vertex -36.9319 -28.5176 0
    endloop
  endfacet
  facet normal 0 0 -1
    outer loop
      vertex -43 -20 0
      vertex -36.732 -29 0
      vertex -43 -104 0
    endloop
  endfacet
  facet normal 0 0 -1
    outer loop
      vertex 18.7 -132 0
      vertex 16.9 -118 0
      vertex 18.7 -104 0
    endloop
  endfacet
  facet normal 0 0 -1
    outer loop
      vertex 18.7 -132 0
      vertex 16.8455 -118.414 0
      vertex 16.9 -118 0
    endloop
  endfacet
  facet normal 0 0 -1
    outer loop
      vertex 18.7 -132 0
      vertex 16.6856 -118.8 0
      vertex 16.8455 -118.414 0
    endloop
  endfacet
  facet normal 0 0 -1
    outer loop
      vertex 18.7 -132 0
      vertex 16.4314 -119.131 0
      vertex 16.6856 -118.8 0
    endloop
  endfacet
  facet normal 0 0 -1
    outer loop
      vertex 18.7 -132 0
      vertex 16.1 -119.386 0
      vertex 16.4314 -119.131 0
    endloop
  endfacet
  facet normal 0 0 -1
    outer loop
      vertex 18.7 -132 0
      vertex 15.7141 -119.545 0
      vertex 16.1 -119.386 0
    endloop
  endfacet
  facet normal 0 0 -1
    outer loop
      vertex 18.7 -132 0
      vertex 15.3 -119.6 0
      vertex 15.7141 -119.545 0
    endloop
  endfacet
  facet normal 0 0 -1
    outer loop
      vertex 18.7 -132 0
      vertex 14.8859 -119.545 0
      vertex 15.3 -119.6 0
    endloop
  endfacet
  facet normal 0 0 -1
    outer loop
      vertex 18.7 -132 0
      vertex 14.5 -119.386 0
      vertex 14.8859 -119.545 0
    endloop
  endfacet
  facet normal 0 0 -1
    outer loop
      vertex 18.7 -132 0
      vertex 14.1686 -119.131 0
      vertex 14.5 -119.386 0
    endloop
  endfacet
  facet normal 0 0 -1
    outer loop
      vertex -14.1686 -119.131 0
      vertex 14.1686 -119.131 0
      vertex 18.7 -132 0
    endloop
  endfacet
  facet normal 0 0 -1
    outer loop
      vertex 14.1686 -119.131 0
      vertex -14.1686 -119.131 0
      vertex 13.9144 -118.8 0
    endloop
  endfacet
  facet normal 0 0 -1
    outer loop
      vertex 18.7 -104 0
      vertex -9.6 -85.35 0
      vertex 9.6 -85.35 0
    endloop
  endfacet
  facet normal 0 0 -1
    outer loop
      vertex -13.7 -118 0
      vertex 13.7 -118 0
      vertex 13.7545 -118.414 0
    endloop
  endfacet
  facet normal 0 -0 -1
    outer loop
      vertex -13.9144 -118.8 0
      vertex 13.9144 -118.8 0
      vertex -14.1686 -119.131 0
    endloop
  endfacet
  facet normal 0 0 -1
    outer loop
      vertex 13.7545 -117.586 0
      vertex -13.7545 -117.586 0
      vertex -13.9144 -117.2 0
    endloop
  endfacet
  facet normal 0 0 -1
    outer loop
      vertex 13.7 -118 0
      vertex -13.7 -118 0
      vertex -13.7545 -117.586 0
    endloop
  endfacet
  facet normal 0 0 -1
    outer loop
      vertex 13.7545 -118.414 0
      vertex -13.7545 -118.414 0
      vertex -13.7 -118 0
    endloop
  endfacet
  facet normal -0 0 -1
    outer loop
      vertex 13.7545 -118.414 0
      vertex -13.9144 -118.8 0
      vertex -13.7545 -118.414 0
    endloop
  endfacet
  facet normal 0 0 -1
    outer loop
      vertex 13.9144 -118.8 0
      vertex -13.9144 -118.8 0
      vertex 13.7545 -118.414 0
    endloop
  endfacet
  facet normal 0 0 -1
    outer loop
      vertex -18.7 -132 0
      vertex -14.1686 -119.131 0
      vertex 18.7 -132 0
    endloop
  endfacet
  facet normal 0 0 -1
    outer loop
      vertex -14.1686 -119.131 0
      vertex -18.7 -132 0
      vertex -14.5 -119.386 0
    endloop
  endfacet
  facet normal 0 0 -1
    outer loop
      vertex -14.5 -119.386 0
      vertex -18.7 -132 0
      vertex -14.8859 -119.545 0
    endloop
  endfacet
  facet normal 0 0 -1
    outer loop
      vertex -14.8859 -119.545 0
      vertex -18.7 -132 0
      vertex -15.3 -119.6 0
    endloop
  endfacet
  facet normal -0 0 -1
    outer loop
      vertex -16.8455 -118.414 0
      vertex -18.7 -132 0
      vertex -16.9 -118 0
    endloop
  endfacet
  facet normal -0 0 -1
    outer loop
      vertex -16.6856 -118.8 0
      vertex -18.7 -132 0
      vertex -16.8455 -118.414 0
    endloop
  endfacet
  facet normal -0 0 -1
    outer loop
      vertex -16.4314 -119.131 0
      vertex -18.7 -132 0
      vertex -16.6856 -118.8 0
    endloop
  endfacet
  facet normal -0 0 -1
    outer loop
      vertex -16.1 -119.386 0
      vertex -18.7 -132 0
      vertex -16.4314 -119.131 0
    endloop
  endfacet
  facet normal -0 0 -1
    outer loop
      vertex -15.7141 -119.545 0
      vertex -18.7 -132 0
      vertex -16.1 -119.386 0
    endloop
  endfacet
  facet normal -0 0 -1
    outer loop
      vertex -15.3 -119.6 0
      vertex -18.7 -132 0
      vertex -15.7141 -119.545 0
    endloop
  endfacet
  facet normal 0 0 -1
    outer loop
      vertex 36.9319 -95.4824 0
      vertex 43 -104 0
      vertex 37 -96 0
    endloop
  endfacet
  facet normal 0 0 -1
    outer loop
      vertex 43 -104 0
      vertex 36.9319 -96.5176 0
      vertex 37 -96 0
    endloop
  endfacet
  facet normal 0 0 -1
    outer loop
      vertex 43 -104 0
      vertex 36.732 -97 0
      vertex 36.9319 -96.5176 0
    endloop
  endfacet
  facet normal 0 0 -1
    outer loop
      vertex 43 -104 0
      vertex 36.4142 -97.4142 0
      vertex 36.732 -97 0
    endloop
  endfacet
  facet normal 0 0 -1
    outer loop
      vertex 43 -104 0
      vertex 36 -97.732 0
      vertex 36.4142 -97.4142 0
    endloop
  endfacet
  facet normal 0 0 -1
    outer loop
      vertex 43 -104 0
      vertex 35.5176 -97.9319 0
      vertex 36 -97.732 0
    endloop
  endfacet
  facet normal 0 0 -1
    outer loop
      vertex 43 -104 0
      vertex 35 -98 0
      vertex 35.5176 -97.9319 0
    endloop
  endfacet
  facet normal 0 0 -1
    outer loop
      vertex 43 -104 0
      vertex 34.4824 -97.9319 0
      vertex 35 -98 0
    endloop
  endfacet
  facet normal 0 0 -1
    outer loop
      vertex 18.7 -104 0
      vertex 34.4824 -97.9319 0
      vertex 43 -104 0
    endloop
  endfacet
  facet normal -0 0 -1
    outer loop
      vertex 33.0681 -96.5176 0
      vertex 18.7 -104 0
      vertex 33 -96 0
    endloop
  endfacet
  facet normal -0 0 -1
    outer loop
      vertex 33.2679 -97 0
      vertex 18.7 -104 0
      vertex 33.0681 -96.5176 0
    endloop
  endfacet
  facet normal -0 0 -1
    outer loop
      vertex 33.5858 -97.4142 0
      vertex 18.7 -104 0
      vertex 33.2679 -97 0
    endloop
  endfacet
  facet normal -0 0 -1
    outer loop
      vertex 34 -97.732 0
      vertex 18.7 -104 0
      vertex 33.5858 -97.4142 0
    endloop
  endfacet
  facet normal -0 0 -1
    outer loop
      vertex 34.4824 -97.9319 0
      vertex 18.7 -104 0
      vertex 34 -97.732 0
    endloop
  endfacet
  facet normal 0 0 -1
    outer loop
      vertex 36.732 -95 0
      vertex 43 -104 0
      vertex 36.9319 -95.4824 0
    endloop
  endfacet
  facet normal 0 0 -1
    outer loop
      vertex 43 -104 0
      vertex 36.732 -95 0
      vertex 43 -20 0
    endloop
  endfacet
  facet normal 0 0 -1
    outer loop
      vertex 36.4142 -94.5858 0
      vertex 43 -20 0
      vertex 36.732 -95 0
    endloop
  endfacet
  facet normal 0 0 -1
    outer loop
      vertex 36 -94.268 0
      vertex 43 -20 0
      vertex 36.4142 -94.5858 0
    endloop
  endfacet
  facet normal 0 0 -1
    outer loop
      vertex 35.5176 -94.0681 0
      vertex 43 -20 0
      vertex 36 -94.268 0
    endloop
  endfacet
  facet normal 0 0 -1
    outer loop
      vertex 9.6 -76.15 0
      vertex 35.5176 -94.0681 0
      vertex 35 -94 0
    endloop
  endfacet
  facet normal 0 0 -1
    outer loop
      vertex 9.6 -76.15 0
      vertex 35 -94 0
      vertex 34.4824 -94.0681 0
    endloop
  endfacet
  facet normal 0 0 -1
    outer loop
      vertex 9.6 -76.15 0
      vertex 34.4824 -94.0681 0
      vertex 34 -94.268 0
    endloop
  endfacet
  facet normal 0 0 -1
    outer loop
      vertex 9.6 -85.35 0
      vertex 34 -94.268 0
      vertex 33.5858 -94.5858 0
    endloop
  endfacet
  facet normal 0 0 -1
    outer loop
      vertex 9.6 -85.35 0
      vertex 33.5858 -94.5858 0
      vertex 33.2679 -95 0
    endloop
  endfacet
  facet normal 0 0 -1
    outer loop
      vertex 9.6 -85.35 0
      vertex 33.2679 -95 0
      vertex 33.0681 -95.4824 0
    endloop
  endfacet
  facet normal 0 0 -1
    outer loop
      vertex 18.7 -104 0
      vertex 33.0681 -95.4824 0
      vertex 33 -96 0
    endloop
  endfacet
  facet normal -0 0 -1
    outer loop
      vertex 33.0681 -95.4824 0
      vertex 18.7 -104 0
      vertex 9.6 -85.35 0
    endloop
  endfacet
  facet normal 0 0 -1
    outer loop
      vertex 16.8455 -117.586 0
      vertex 18.7 -104 0
      vertex 16.9 -118 0
    endloop
  endfacet
  facet normal 0 0 -1
    outer loop
      vertex 16.6856 -117.2 0
      vertex 18.7 -104 0
      vertex 16.8455 -117.586 0
    endloop
  endfacet
  facet normal 0 0 -1
    outer loop
      vertex 16.4314 -116.869 0
      vertex 18.7 -104 0
      vertex 16.6856 -117.2 0
    endloop
  endfacet
  facet normal 0 0 -1
    outer loop
      vertex 16.1 -116.614 0
      vertex 18.7 -104 0
      vertex 16.4314 -116.869 0
    endloop
  endfacet
  facet normal 0 0 -1
    outer loop
      vertex 15.7141 -116.455 0
      vertex 18.7 -104 0
      vertex 16.1 -116.614 0
    endloop
  endfacet
  facet normal 0 0 -1
    outer loop
      vertex 15.3 -116.4 0
      vertex 18.7 -104 0
      vertex 15.7141 -116.455 0
    endloop
  endfacet
  facet normal 0 0 -1
    outer loop
      vertex 14.8859 -116.455 0
      vertex 18.7 -104 0
      vertex 15.3 -116.4 0
    endloop
  endfacet
  facet normal 0 0 -1
    outer loop
      vertex 14.5 -116.614 0
      vertex 18.7 -104 0
      vertex 14.8859 -116.455 0
    endloop
  endfacet
  facet normal 0 0 -1
    outer loop
      vertex 14.1686 -116.869 0
      vertex 18.7 -104 0
      vertex 14.5 -116.614 0
    endloop
  endfacet
  facet normal 0 0 -1
    outer loop
      vertex -9.6 -85.35 0
      vertex 18.7 -104 0
      vertex 14.1686 -116.869 0
    endloop
  endfacet
  facet normal 0 0 -1
    outer loop
      vertex -9.6 -85.35 0
      vertex 14.1686 -116.869 0
      vertex 13.9144 -117.2 0
    endloop
  endfacet
  facet normal 0 0 -1
    outer loop
      vertex -9.6 -85.35 0
      vertex 13.9144 -117.2 0
      vertex 13.7545 -117.586 0
    endloop
  endfacet
  facet normal 0 0 -1
    outer loop
      vertex -13.7545 -117.586 0
      vertex 13.7545 -117.586 0
      vertex 13.7 -118 0
    endloop
  endfacet
  facet normal 0 0 -1
    outer loop
      vertex 34 -94.268 0
      vertex 9.6 -85.35 0
      vertex 9.6 -76.15 0
    endloop
  endfacet
  facet normal 0 0 -1
    outer loop
      vertex 35.5176 -94.0681 0
      vertex 9.6 -76.15 0
      vertex 43 -20 0
    endloop
  endfacet
  facet normal 0 0 -1
    outer loop
      vertex -33.0681 -28.5176 0
      vertex 9.6 -76.15 0
      vertex -9.6 -76.15 0
    endloop
  endfacet
  facet normal 0 0 -1
    outer loop
      vertex 13.7545 -117.586 0
      vertex -13.9144 -117.2 0
      vertex -14.1686 -116.869 0
    endloop
  endfacet
  facet normal 0 0 -1
    outer loop
      vertex 13.7545 -117.586 0
      vertex -18.7 -104 0
      vertex -9.6 -85.35 0
    endloop
  endfacet
  facet normal 0 0 -1
    outer loop
      vertex 13.7545 -117.586 0
      vertex -14.1686 -116.869 0
      vertex -18.7 -104 0
    endloop
  endfacet
  facet normal 0 0 -1
    outer loop
      vertex -18.7 -104 0
      vertex -14.1686 -116.869 0
      vertex -14.5 -116.614 0
    endloop
  endfacet
  facet normal 0 0 -1
    outer loop
      vertex -18.7 -104 0
      vertex -14.5 -116.614 0
      vertex -14.8859 -116.455 0
    endloop
  endfacet
  facet normal 0 0 -1
    outer loop
      vertex -18.7 -104 0
      vertex -14.8859 -116.455 0
      vertex -15.3 -116.4 0
    endloop
  endfacet
  facet normal 0 0 -1
    outer loop
      vertex -18.7 -104 0
      vertex -15.3 -116.4 0
      vertex -15.7141 -116.455 0
    endloop
  endfacet
  facet normal 0 0 -1
    outer loop
      vertex -18.7 -104 0
      vertex -15.7141 -116.455 0
      vertex -16.1 -116.614 0
    endloop
  endfacet
  facet normal 0 0 -1
    outer loop
      vertex -18.7 -104 0
      vertex -16.1 -116.614 0
      vertex -16.4314 -116.869 0
    endloop
  endfacet
  facet normal 0 0 -1
    outer loop
      vertex -18.7 -104 0
      vertex -16.4314 -116.869 0
      vertex -16.6856 -117.2 0
    endloop
  endfacet
  facet normal 0 0 -1
    outer loop
      vertex -18.7 -104 0
      vertex -16.6856 -117.2 0
      vertex -16.8455 -117.586 0
    endloop
  endfacet
  facet normal 0 0 -1
    outer loop
      vertex -18.7 -104 0
      vertex -16.9 -118 0
      vertex -18.7 -132 0
    endloop
  endfacet
  facet normal 0 0 -1
    outer loop
      vertex -18.7 -104 0
      vertex -16.8455 -117.586 0
      vertex -16.9 -118 0
    endloop
  endfacet
  facet normal 0 0 -1
    outer loop
      vertex -43 -104 0
      vertex -9.6 -85.35 0
      vertex -18.7 -104 0
    endloop
  endfacet
  facet normal -0 0 -1
    outer loop
      vertex -9.6 -85.35 0
      vertex -43 -104 0
      vertex -9.6 -76.15 0
    endloop
  endfacet
  facet normal 0 0 -1
    outer loop
      vertex -33.0681 -28.5176 0
      vertex 43 -20 0
      vertex 9.6 -76.15 0
    endloop
  endfacet
  facet normal 0 0 -1
    outer loop
      vertex -33.0681 -27.4824 0
      vertex 43 -20 0
      vertex -33 -28 0
    endloop
  endfacet
  facet normal 0 0 -1
    outer loop
      vertex -33.2679 -27 0
      vertex 43 -20 0
      vertex -33.0681 -27.4824 0
    endloop
  endfacet
  facet normal 0 0 -1
    outer loop
      vertex -33.5858 -26.5858 0
      vertex 43 -20 0
      vertex -33.2679 -27 0
    endloop
  endfacet
  facet normal 0 0 -1
    outer loop
      vertex -34 -26.2679 0
      vertex 43 -20 0
      vertex -33.5858 -26.5858 0
    endloop
  endfacet
  facet normal 0 0 -1
    outer loop
      vertex -43 -20 0
      vertex -34 -26.2679 0
      vertex -34.4824 -26.0681 0
    endloop
  endfacet
  facet normal 0 0 -1
    outer loop
      vertex -43 -20 0
      vertex -34.4824 -26.0681 0
      vertex -35 -26 0
    endloop
  endfacet
  facet normal 0 0 -1
    outer loop
      vertex -34 -26.2679 0
      vertex -43 -20 0
      vertex 43 -20 0
    endloop
  endfacet
  facet normal 0 0 -1
    outer loop
      vertex -35.5176 -26.0681 0
      vertex -43 -20 0
      vertex -35 -26 0
    endloop
  endfacet
  facet normal 0 0 -1
    outer loop
      vertex -36 -26.2679 0
      vertex -43 -20 0
      vertex -35.5176 -26.0681 0
    endloop
  endfacet
  facet normal 0 0 -1
    outer loop
      vertex -36.4142 -26.5858 0
      vertex -43 -20 0
      vertex -36 -26.2679 0
    endloop
  endfacet
  facet normal 0 0 -1
    outer loop
      vertex -36.732 -27 0
      vertex -43 -20 0
      vertex -36.4142 -26.5858 0
    endloop
  endfacet
  facet normal 0 0 -1
    outer loop
      vertex -36.9319 -27.4824 0
      vertex -43 -20 0
      vertex -36.732 -27 0
    endloop
  endfacet
  facet normal 0 0 -1
    outer loop
      vertex -37 -28 0
      vertex -43 -20 0
      vertex -36.9319 -27.4824 0
    endloop
  endfacet
  facet normal 0 0 -1
    outer loop
      vertex -36.9319 -28.5176 0
      vertex -43 -20 0
      vertex -37 -28 0
    endloop
  endfacet
  facet normal -0.896884 -0.442267 0
    outer loop
      vertex -38.3775 -29.95 3
      vertex -38.6031 -29.4925 7.7
      vertex -38.6031 -29.4925 3
    endloop
  endfacet
  facet normal -0.896884 -0.442267 0
    outer loop
      vertex -38.6031 -29.4925 7.7
      vertex -38.3775 -29.95 3
      vertex -38.3775 -29.95 7.7
    endloop
  endfacet
  facet normal 0.980799 -0.195023 0
    outer loop
      vertex 38.7671 -97.0094 7.7
      vertex 38.8666 -96.509 3
      vertex 38.8666 -96.509 7.7
    endloop
  endfacet
  facet normal 0.980799 -0.195023 0
    outer loop
      vertex 38.8666 -96.509 3
      vertex 38.7671 -97.0094 7.7
      vertex 38.7671 -97.0094 3
    endloop
  endfacet
  facet normal 0.997854 -0.065478 0
    outer loop
      vertex 38.8666 -96.509 7.7
      vertex 38.9 -96 3
      vertex 38.9 -96 7.7
    endloop
  endfacet
  facet normal 0.997854 -0.065478 0
    outer loop
      vertex 38.9 -96 3
      vertex 38.8666 -96.509 7.7
      vertex 38.8666 -96.509 3
    endloop
  endfacet
  facet normal 0.946924 -0.321456 0
    outer loop
      vertex 38.6031 -97.4925 7.7
      vertex 38.7671 -97.0094 3
      vertex 38.7671 -97.0094 7.7
    endloop
  endfacet
  facet normal 0.946924 -0.321456 0
    outer loop
      vertex 38.7671 -97.0094 3
      vertex 38.6031 -97.4925 7.7
      vertex 38.6031 -97.4925 3
    endloop
  endfacet
  facet normal -0.997854 0.065478 0
    outer loop
      vertex 31.1 -96 3
      vertex 31.1334 -95.491 7.7
      vertex 31.1334 -95.491 3
    endloop
  endfacet
  facet normal -0.997854 0.065478 0
    outer loop
      vertex 31.1334 -95.491 7.7
      vertex 31.1 -96 3
      vertex 31.1 -96 7.7
    endloop
  endfacet
  facet normal -0.831507 0.555514 0
    outer loop
      vertex 31.6225 -94.05 3
      vertex 31.9059 -93.6258 7.7
      vertex 31.9059 -93.6258 3
    endloop
  endfacet
  facet normal -0.831507 0.555514 0
    outer loop
      vertex 31.9059 -93.6258 7.7
      vertex 31.6225 -94.05 3
      vertex 31.6225 -94.05 7.7
    endloop
  endfacet
  facet normal -0.980799 0.195023 0
    outer loop
      vertex 31.1334 -95.491 3
      vertex 31.2329 -94.9906 7.7
      vertex 31.2329 -94.9906 3
    endloop
  endfacet
  facet normal -0.980799 0.195023 0
    outer loop
      vertex 31.2329 -94.9906 7.7
      vertex 31.1334 -95.491 3
      vertex 31.1334 -95.491 7.7
    endloop
  endfacet
  facet normal 0.321456 -0.946924 0
    outer loop
      vertex 36.0094 -99.7671 3
      vertex 36.4925 -99.6031 7.7
      vertex 36.0094 -99.7671 7.7
    endloop
  endfacet
  facet normal 0.321456 -0.946924 0
    outer loop
      vertex 36.4925 -99.6031 7.7
      vertex 36.0094 -99.7671 3
      vertex 36.4925 -99.6031 3
    endloop
  endfacet
  facet normal 0.442267 0.896884 -0
    outer loop
      vertex 36.95 -92.6225 3
      vertex 36.4925 -92.3969 7.7
      vertex 36.95 -92.6225 7.7
    endloop
  endfacet
  facet normal 0.442267 0.896884 0
    outer loop
      vertex 36.4925 -92.3969 7.7
      vertex 36.95 -92.6225 3
      vertex 36.4925 -92.3969 3
    endloop
  endfacet
  facet normal 0.321456 0.946924 -0
    outer loop
      vertex 36.4925 -92.3969 3
      vertex 36.0094 -92.2329 7.7
      vertex 36.4925 -92.3969 7.7
    endloop
  endfacet
  facet normal 0.321456 0.946924 0
    outer loop
      vertex 36.0094 -92.2329 7.7
      vertex 36.4925 -92.3969 3
      vertex 36.0094 -92.2329 3
    endloop
  endfacet
  facet normal 0.896884 -0.442267 0
    outer loop
      vertex 38.3775 -97.95 7.7
      vertex 38.6031 -97.4925 3
      vertex 38.6031 -97.4925 7.7
    endloop
  endfacet
  facet normal 0.896884 -0.442267 0
    outer loop
      vertex 38.6031 -97.4925 3
      vertex 38.3775 -97.95 7.7
      vertex 38.3775 -97.95 3
    endloop
  endfacet
  facet normal -0.997854 -0.065478 0
    outer loop
      vertex 31.1334 -96.509 3
      vertex 31.1 -96 7.7
      vertex 31.1 -96 3
    endloop
  endfacet
  facet normal -0.997854 -0.065478 0
    outer loop
      vertex 31.1 -96 7.7
      vertex 31.1334 -96.509 3
      vertex 31.1334 -96.509 7.7
    endloop
  endfacet
  facet normal 0.19506 0.980791 -0
    outer loop
      vertex 36.0094 -92.2329 3
      vertex 35.5091 -92.1334 7.7
      vertex 36.0094 -92.2329 7.7
    endloop
  endfacet
  facet normal 0.19506 0.980791 0
    outer loop
      vertex 35.5091 -92.1334 7.7
      vertex 36.0094 -92.2329 3
      vertex 35.5091 -92.1334 3
    endloop
  endfacet
  facet normal -0.751763 -0.659434 0
    outer loop
      vertex 32.2423 -98.7577 3
      vertex 31.9059 -98.3742 7.7
      vertex 31.9059 -98.3742 3
    endloop
  endfacet
  facet normal -0.751763 -0.659434 0
    outer loop
      vertex 31.9059 -98.3742 7.7
      vertex 32.2423 -98.7577 3
      vertex 32.2423 -98.7577 7.7
    endloop
  endfacet
  facet normal 0.555514 -0.831507 0
    outer loop
      vertex 36.95 -99.3775 3
      vertex 37.3742 -99.0941 7.7
      vertex 36.95 -99.3775 7.7
    endloop
  endfacet
  facet normal 0.555514 -0.831507 0
    outer loop
      vertex 37.3742 -99.0941 7.7
      vertex 36.95 -99.3775 3
      vertex 37.3742 -99.0941 3
    endloop
  endfacet
  facet normal 0.19506 -0.980791 0
    outer loop
      vertex 35.5091 -99.8666 3
      vertex 36.0094 -99.7671 7.7
      vertex 35.5091 -99.8666 7.7
    endloop
  endfacet
  facet normal 0.19506 -0.980791 0
    outer loop
      vertex 36.0094 -99.7671 7.7
      vertex 35.5091 -99.8666 3
      vertex 36.0094 -99.7671 3
    endloop
  endfacet
  facet normal 0.946924 0.321456 0
    outer loop
      vertex 38.7671 -94.9906 7.7
      vertex 38.6031 -94.5075 3
      vertex 38.6031 -94.5075 7.7
    endloop
  endfacet
  facet normal 0.946924 0.321456 0
    outer loop
      vertex 38.6031 -94.5075 3
      vertex 38.7671 -94.9906 7.7
      vertex 38.7671 -94.9906 3
    endloop
  endfacet
  facet normal 0.896884 0.442267 0
    outer loop
      vertex 38.6031 -94.5075 7.7
      vertex 38.3775 -94.05 3
      vertex 38.3775 -94.05 7.7
    endloop
  endfacet
  facet normal 0.896884 0.442267 0
    outer loop
      vertex 38.3775 -94.05 3
      vertex 38.6031 -94.5075 7.7
      vertex 38.6031 -94.5075 3
    endloop
  endfacet
  facet normal 0.997854 0.065478 0
    outer loop
      vertex 38.9 -96 7.7
      vertex 38.8666 -95.491 3
      vertex 38.8666 -95.491 7.7
    endloop
  endfacet
  facet normal 0.997854 0.065478 0
    outer loop
      vertex 38.8666 -95.491 3
      vertex 38.9 -96 7.7
      vertex 38.9 -96 3
    endloop
  endfacet
  facet normal 0.751763 -0.659434 0
    outer loop
      vertex 37.7577 -98.7577 7.7
      vertex 38.0941 -98.3742 3
      vertex 38.0941 -98.3742 7.7
    endloop
  endfacet
  facet normal 0.751763 -0.659434 0
    outer loop
      vertex 38.0941 -98.3742 3
      vertex 37.7577 -98.7577 7.7
      vertex 37.7577 -98.7577 3
    endloop
  endfacet
  facet normal -0.659434 -0.751763 0
    outer loop
      vertex 32.2423 -98.7577 3
      vertex 32.6258 -99.0941 7.7
      vertex 32.2423 -98.7577 7.7
    endloop
  endfacet
  facet normal -0.659434 -0.751763 -0
    outer loop
      vertex 32.6258 -99.0941 7.7
      vertex 32.2423 -98.7577 3
      vertex 32.6258 -99.0941 3
    endloop
  endfacet
  facet normal 0.659434 0.751763 -0
    outer loop
      vertex 37.7577 -93.2423 3
      vertex 37.3742 -92.9059 7.7
      vertex 37.7577 -93.2423 7.7
    endloop
  endfacet
  facet normal 0.659434 0.751763 0
    outer loop
      vertex 37.3742 -92.9059 7.7
      vertex 37.7577 -93.2423 3
      vertex 37.3742 -92.9059 3
    endloop
  endfacet
  facet normal -0.751763 0.659434 0
    outer loop
      vertex 31.9059 -93.6258 3
      vertex 32.2423 -93.2423 7.7
      vertex 32.2423 -93.2423 3
    endloop
  endfacet
  facet normal -0.751763 0.659434 0
    outer loop
      vertex 32.2423 -93.2423 7.7
      vertex 31.9059 -93.6258 3
      vertex 31.9059 -93.6258 7.7
    endloop
  endfacet
  facet normal -0.442267 -0.896884 0
    outer loop
      vertex 33.05 -99.3775 3
      vertex 33.5075 -99.6031 7.7
      vertex 33.05 -99.3775 7.7
    endloop
  endfacet
  facet normal -0.442267 -0.896884 -0
    outer loop
      vertex 33.5075 -99.6031 7.7
      vertex 33.05 -99.3775 3
      vertex 33.5075 -99.6031 3
    endloop
  endfacet
  facet normal 0.555514 0.831507 -0
    outer loop
      vertex 37.3742 -92.9059 3
      vertex 36.95 -92.6225 7.7
      vertex 37.3742 -92.9059 7.7
    endloop
  endfacet
  facet normal 0.555514 0.831507 0
    outer loop
      vertex 36.95 -92.6225 7.7
      vertex 37.3742 -92.9059 3
      vertex 36.95 -92.6225 3
    endloop
  endfacet
  facet normal 0.659434 -0.751763 0
    outer loop
      vertex 37.3742 -99.0941 3
      vertex 37.7577 -98.7577 7.7
      vertex 37.3742 -99.0941 7.7
    endloop
  endfacet
  facet normal 0.659434 -0.751763 0
    outer loop
      vertex 37.7577 -98.7577 7.7
      vertex 37.3742 -99.0941 3
      vertex 37.7577 -98.7577 3
    endloop
  endfacet
  facet normal 0.831507 -0.555514 0
    outer loop
      vertex 38.0941 -98.3742 7.7
      vertex 38.3775 -97.95 3
      vertex 38.3775 -97.95 7.7
    endloop
  endfacet
  facet normal 0.831507 -0.555514 0
    outer loop
      vertex 38.3775 -97.95 3
      vertex 38.0941 -98.3742 7.7
      vertex 38.0941 -98.3742 3
    endloop
  endfacet
  facet normal 0.442267 -0.896884 0
    outer loop
      vertex 36.4925 -99.6031 3
      vertex 36.95 -99.3775 7.7
      vertex 36.4925 -99.6031 7.7
    endloop
  endfacet
  facet normal 0.442267 -0.896884 0
    outer loop
      vertex 36.95 -99.3775 7.7
      vertex 36.4925 -99.6031 3
      vertex 36.95 -99.3775 3
    endloop
  endfacet
  facet normal 0.980799 0.195023 0
    outer loop
      vertex 38.8666 -95.491 7.7
      vertex 38.7671 -94.9906 3
      vertex 38.7671 -94.9906 7.7
    endloop
  endfacet
  facet normal 0.980799 0.195023 0
    outer loop
      vertex 38.7671 -94.9906 3
      vertex 38.8666 -95.491 7.7
      vertex 38.8666 -95.491 3
    endloop
  endfacet
  facet normal -0.321456 0.946924 0
    outer loop
      vertex 33.9906 -92.2329 3
      vertex 33.5075 -92.3969 7.7
      vertex 33.9906 -92.2329 7.7
    endloop
  endfacet
  facet normal -0.321456 0.946924 0
    outer loop
      vertex 33.5075 -92.3969 7.7
      vertex 33.9906 -92.2329 3
      vertex 33.5075 -92.3969 3
    endloop
  endfacet
  facet normal 0.751763 0.659434 0
    outer loop
      vertex 38.0941 -93.6258 7.7
      vertex 37.7577 -93.2423 3
      vertex 37.7577 -93.2423 7.7
    endloop
  endfacet
  facet normal 0.751763 0.659434 0
    outer loop
      vertex 37.7577 -93.2423 3
      vertex 38.0941 -93.6258 7.7
      vertex 38.0941 -93.6258 3
    endloop
  endfacet
  facet normal 0.831507 0.555514 0
    outer loop
      vertex 38.3775 -94.05 7.7
      vertex 38.0941 -93.6258 3
      vertex 38.0941 -93.6258 7.7
    endloop
  endfacet
  facet normal 0.831507 0.555514 0
    outer loop
      vertex 38.0941 -93.6258 3
      vertex 38.3775 -94.05 7.7
      vertex 38.3775 -94.05 3
    endloop
  endfacet
  facet normal -0.0654652 0.997855 0
    outer loop
      vertex 35 -92.1 3
      vertex 34.4909 -92.1334 7.7
      vertex 35 -92.1 7.7
    endloop
  endfacet
  facet normal -0.0654652 0.997855 0
    outer loop
      vertex 34.4909 -92.1334 7.7
      vertex 35 -92.1 3
      vertex 34.4909 -92.1334 3
    endloop
  endfacet
  facet normal -0.0654652 -0.997855 0
    outer loop
      vertex 34.4909 -99.8666 3
      vertex 35 -99.9 7.7
      vertex 34.4909 -99.8666 7.7
    endloop
  endfacet
  facet normal -0.0654652 -0.997855 -0
    outer loop
      vertex 35 -99.9 7.7
      vertex 34.4909 -99.8666 3
      vertex 35 -99.9 3
    endloop
  endfacet
  facet normal -0.659434 0.751763 0
    outer loop
      vertex 32.6258 -92.9059 3
      vertex 32.2423 -93.2423 7.7
      vertex 32.6258 -92.9059 7.7
    endloop
  endfacet
  facet normal -0.659434 0.751763 0
    outer loop
      vertex 32.2423 -93.2423 7.7
      vertex 32.6258 -92.9059 3
      vertex 32.2423 -93.2423 3
    endloop
  endfacet
  facet normal -0.555514 0.831507 0
    outer loop
      vertex 33.05 -92.6225 3
      vertex 32.6258 -92.9059 7.7
      vertex 33.05 -92.6225 7.7
    endloop
  endfacet
  facet normal -0.555514 0.831507 0
    outer loop
      vertex 32.6258 -92.9059 7.7
      vertex 33.05 -92.6225 3
      vertex 32.6258 -92.9059 3
    endloop
  endfacet
  facet normal 0.0654652 0.997855 -0
    outer loop
      vertex 35.5091 -92.1334 3
      vertex 35 -92.1 7.7
      vertex 35.5091 -92.1334 7.7
    endloop
  endfacet
  facet normal 0.0654652 0.997855 0
    outer loop
      vertex 35 -92.1 7.7
      vertex 35.5091 -92.1334 3
      vertex 35 -92.1 3
    endloop
  endfacet
  facet normal 0.0654652 -0.997855 0
    outer loop
      vertex 35 -99.9 3
      vertex 35.5091 -99.8666 7.7
      vertex 35 -99.9 7.7
    endloop
  endfacet
  facet normal 0.0654652 -0.997855 0
    outer loop
      vertex 35.5091 -99.8666 7.7
      vertex 35 -99.9 3
      vertex 35.5091 -99.8666 3
    endloop
  endfacet
  facet normal -0.980799 -0.195023 0
    outer loop
      vertex 31.2329 -97.0094 3
      vertex 31.1334 -96.509 7.7
      vertex 31.1334 -96.509 3
    endloop
  endfacet
  facet normal -0.980799 -0.195023 0
    outer loop
      vertex 31.1334 -96.509 7.7
      vertex 31.2329 -97.0094 3
      vertex 31.2329 -97.0094 7.7
    endloop
  endfacet
  facet normal -0.442267 0.896884 0
    outer loop
      vertex 33.5075 -92.3969 3
      vertex 33.05 -92.6225 7.7
      vertex 33.5075 -92.3969 7.7
    endloop
  endfacet
  facet normal -0.442267 0.896884 0
    outer loop
      vertex 33.05 -92.6225 7.7
      vertex 33.5075 -92.3969 3
      vertex 33.05 -92.6225 3
    endloop
  endfacet
  facet normal -0.555514 -0.831507 0
    outer loop
      vertex 32.6258 -99.0941 3
      vertex 33.05 -99.3775 7.7
      vertex 32.6258 -99.0941 7.7
    endloop
  endfacet
  facet normal -0.555514 -0.831507 -0
    outer loop
      vertex 33.05 -99.3775 7.7
      vertex 32.6258 -99.0941 3
      vertex 33.05 -99.3775 3
    endloop
  endfacet
  facet normal -0.896884 0.442267 0
    outer loop
      vertex 31.3969 -94.5075 3
      vertex 31.6225 -94.05 7.7
      vertex 31.6225 -94.05 3
    endloop
  endfacet
  facet normal -0.896884 0.442267 0
    outer loop
      vertex 31.6225 -94.05 7.7
      vertex 31.3969 -94.5075 3
      vertex 31.3969 -94.5075 7.7
    endloop
  endfacet
  facet normal -0.19506 -0.980791 0
    outer loop
      vertex 33.9906 -99.7671 3
      vertex 34.4909 -99.8666 7.7
      vertex 33.9906 -99.7671 7.7
    endloop
  endfacet
  facet normal -0.19506 -0.980791 -0
    outer loop
      vertex 34.4909 -99.8666 7.7
      vertex 33.9906 -99.7671 3
      vertex 34.4909 -99.8666 3
    endloop
  endfacet
  facet normal -0.321456 -0.946924 0
    outer loop
      vertex 33.5075 -99.6031 3
      vertex 33.9906 -99.7671 7.7
      vertex 33.5075 -99.6031 7.7
    endloop
  endfacet
  facet normal -0.321456 -0.946924 -0
    outer loop
      vertex 33.9906 -99.7671 7.7
      vertex 33.5075 -99.6031 3
      vertex 33.9906 -99.7671 3
    endloop
  endfacet
  facet normal -0.19506 0.980791 0
    outer loop
      vertex 34.4909 -92.1334 3
      vertex 33.9906 -92.2329 7.7
      vertex 34.4909 -92.1334 7.7
    endloop
  endfacet
  facet normal -0.19506 0.980791 0
    outer loop
      vertex 33.9906 -92.2329 7.7
      vertex 34.4909 -92.1334 3
      vertex 33.9906 -92.2329 3
    endloop
  endfacet
  facet normal -0.946924 -0.321456 0
    outer loop
      vertex 31.3969 -97.4925 3
      vertex 31.2329 -97.0094 7.7
      vertex 31.2329 -97.0094 3
    endloop
  endfacet
  facet normal -0.946924 -0.321456 0
    outer loop
      vertex 31.2329 -97.0094 7.7
      vertex 31.3969 -97.4925 3
      vertex 31.3969 -97.4925 7.7
    endloop
  endfacet
  facet normal 0 0 1
    outer loop
      vertex 38.8666 -95.491 7.7
      vertex 38.8666 -96.509 7.7
      vertex 38.9 -96 7.7
    endloop
  endfacet
  facet normal 0 0 1
    outer loop
      vertex 38.7671 -94.9906 7.7
      vertex 38.8666 -96.509 7.7
      vertex 38.8666 -95.491 7.7
    endloop
  endfacet
  facet normal 0 0 1
    outer loop
      vertex 38.7671 -94.9906 7.7
      vertex 38.7671 -97.0094 7.7
      vertex 38.8666 -96.509 7.7
    endloop
  endfacet
  facet normal 0 0 1
    outer loop
      vertex 38.6031 -94.5075 7.7
      vertex 38.7671 -97.0094 7.7
      vertex 38.7671 -94.9906 7.7
    endloop
  endfacet
  facet normal 0 0 1
    outer loop
      vertex 38.6031 -94.5075 7.7
      vertex 38.6031 -97.4925 7.7
      vertex 38.7671 -97.0094 7.7
    endloop
  endfacet
  facet normal 0 0 1
    outer loop
      vertex 38.3775 -94.05 7.7
      vertex 38.6031 -97.4925 7.7
      vertex 38.6031 -94.5075 7.7
    endloop
  endfacet
  facet normal 0 0 1
    outer loop
      vertex 38.3775 -94.05 7.7
      vertex 38.3775 -97.95 7.7
      vertex 38.6031 -97.4925 7.7
    endloop
  endfacet
  facet normal 0 0 1
    outer loop
      vertex 38.0941 -93.6258 7.7
      vertex 38.3775 -97.95 7.7
      vertex 38.3775 -94.05 7.7
    endloop
  endfacet
  facet normal 0 0 1
    outer loop
      vertex 38.0941 -93.6258 7.7
      vertex 38.0941 -98.3742 7.7
      vertex 38.3775 -97.95 7.7
    endloop
  endfacet
  facet normal 0 0 1
    outer loop
      vertex 37.7577 -93.2423 7.7
      vertex 38.0941 -98.3742 7.7
      vertex 38.0941 -93.6258 7.7
    endloop
  endfacet
  facet normal 0 0 1
    outer loop
      vertex 37.7577 -93.2423 7.7
      vertex 37.7577 -98.7577 7.7
      vertex 38.0941 -98.3742 7.7
    endloop
  endfacet
  facet normal 0 0 1
    outer loop
      vertex 37.3742 -92.9059 7.7
      vertex 37.7577 -98.7577 7.7
      vertex 37.7577 -93.2423 7.7
    endloop
  endfacet
  facet normal 0 0 1
    outer loop
      vertex 37.3742 -92.9059 7.7
      vertex 37.3742 -99.0941 7.7
      vertex 37.7577 -98.7577 7.7
    endloop
  endfacet
  facet normal 0 0 1
    outer loop
      vertex 36.95 -92.6225 7.7
      vertex 37.3742 -99.0941 7.7
      vertex 37.3742 -92.9059 7.7
    endloop
  endfacet
  facet normal 0 0 1
    outer loop
      vertex 36.95 -92.6225 7.7
      vertex 36.95 -99.3775 7.7
      vertex 37.3742 -99.0941 7.7
    endloop
  endfacet
  facet normal 0 0 1
    outer loop
      vertex 36.4925 -92.3969 7.7
      vertex 36.95 -99.3775 7.7
      vertex 36.95 -92.6225 7.7
    endloop
  endfacet
  facet normal 0 0 1
    outer loop
      vertex 36.4925 -92.3969 7.7
      vertex 36.4925 -99.6031 7.7
      vertex 36.95 -99.3775 7.7
    endloop
  endfacet
  facet normal 0 0 1
    outer loop
      vertex 36.0094 -92.2329 7.7
      vertex 36.4925 -99.6031 7.7
      vertex 36.4925 -92.3969 7.7
    endloop
  endfacet
  facet normal 0 0 1
    outer loop
      vertex 36.0094 -92.2329 7.7
      vertex 36.0094 -99.7671 7.7
      vertex 36.4925 -99.6031 7.7
    endloop
  endfacet
  facet normal 0 0 1
    outer loop
      vertex 35.5091 -92.1334 7.7
      vertex 36.0094 -99.7671 7.7
      vertex 36.0094 -92.2329 7.7
    endloop
  endfacet
  facet normal 0 0 1
    outer loop
      vertex 35.5091 -92.1334 7.7
      vertex 35.5091 -99.8666 7.7
      vertex 36.0094 -99.7671 7.7
    endloop
  endfacet
  facet normal 0 0 1
    outer loop
      vertex 35 -92.1 7.7
      vertex 35.5091 -99.8666 7.7
      vertex 35.5091 -92.1334 7.7
    endloop
  endfacet
  facet normal 0 0 1
    outer loop
      vertex 35 -92.1 7.7
      vertex 35 -99.9 7.7
      vertex 35.5091 -99.8666 7.7
    endloop
  endfacet
  facet normal -0 0 1
    outer loop
      vertex 34.4909 -92.1334 7.7
      vertex 35 -99.9 7.7
      vertex 35 -92.1 7.7
    endloop
  endfacet
  facet normal 0 0 1
    outer loop
      vertex 34.4909 -92.1334 7.7
      vertex 34.4909 -99.8666 7.7
      vertex 35 -99.9 7.7
    endloop
  endfacet
  facet normal -0 0 1
    outer loop
      vertex 33.9906 -92.2329 7.7
      vertex 34.4909 -99.8666 7.7
      vertex 34.4909 -92.1334 7.7
    endloop
  endfacet
  facet normal 0 0 1
    outer loop
      vertex 33.9906 -92.2329 7.7
      vertex 33.9906 -99.7671 7.7
      vertex 34.4909 -99.8666 7.7
    endloop
  endfacet
  facet normal -0 0 1
    outer loop
      vertex 33.5075 -92.3969 7.7
      vertex 33.9906 -99.7671 7.7
      vertex 33.9906 -92.2329 7.7
    endloop
  endfacet
  facet normal 0 0 1
    outer loop
      vertex 33.5075 -92.3969 7.7
      vertex 33.5075 -99.6031 7.7
      vertex 33.9906 -99.7671 7.7
    endloop
  endfacet
  facet normal -0 0 1
    outer loop
      vertex 33.05 -92.6225 7.7
      vertex 33.5075 -99.6031 7.7
      vertex 33.5075 -92.3969 7.7
    endloop
  endfacet
  facet normal 0 0 1
    outer loop
      vertex 33.05 -92.6225 7.7
      vertex 33.05 -99.3775 7.7
      vertex 33.5075 -99.6031 7.7
    endloop
  endfacet
  facet normal -0 0 1
    outer loop
      vertex 32.6258 -92.9059 7.7
      vertex 33.05 -99.3775 7.7
      vertex 33.05 -92.6225 7.7
    endloop
  endfacet
  facet normal 0 0 1
    outer loop
      vertex 32.6258 -92.9059 7.7
      vertex 32.6258 -99.0941 7.7
      vertex 33.05 -99.3775 7.7
    endloop
  endfacet
  facet normal -0 0 1
    outer loop
      vertex 32.2423 -93.2423 7.7
      vertex 32.6258 -99.0941 7.7
      vertex 32.6258 -92.9059 7.7
    endloop
  endfacet
  facet normal 0 0 1
    outer loop
      vertex 32.2423 -93.2423 7.7
      vertex 32.2423 -98.7577 7.7
      vertex 32.6258 -99.0941 7.7
    endloop
  endfacet
  facet normal -0 0 1
    outer loop
      vertex 31.9059 -93.6258 7.7
      vertex 32.2423 -98.7577 7.7
      vertex 32.2423 -93.2423 7.7
    endloop
  endfacet
  facet normal 0 0 1
    outer loop
      vertex 31.9059 -93.6258 7.7
      vertex 31.9059 -98.3742 7.7
      vertex 32.2423 -98.7577 7.7
    endloop
  endfacet
  facet normal -0 0 1
    outer loop
      vertex 31.6225 -94.05 7.7
      vertex 31.9059 -98.3742 7.7
      vertex 31.9059 -93.6258 7.7
    endloop
  endfacet
  facet normal 0 0 1
    outer loop
      vertex 31.6225 -94.05 7.7
      vertex 31.6225 -97.95 7.7
      vertex 31.9059 -98.3742 7.7
    endloop
  endfacet
  facet normal -0 0 1
    outer loop
      vertex 31.3969 -94.5075 7.7
      vertex 31.6225 -97.95 7.7
      vertex 31.6225 -94.05 7.7
    endloop
  endfacet
  facet normal 0 0 1
    outer loop
      vertex 31.3969 -94.5075 7.7
      vertex 31.3969 -97.4925 7.7
      vertex 31.6225 -97.95 7.7
    endloop
  endfacet
  facet normal -0 0 1
    outer loop
      vertex 31.2329 -94.9906 7.7
      vertex 31.3969 -97.4925 7.7
      vertex 31.3969 -94.5075 7.7
    endloop
  endfacet
  facet normal 0 0 1
    outer loop
      vertex 31.2329 -94.9906 7.7
      vertex 31.2329 -97.0094 7.7
      vertex 31.3969 -97.4925 7.7
    endloop
  endfacet
  facet normal -0 0 1
    outer loop
      vertex 31.1334 -95.491 7.7
      vertex 31.2329 -97.0094 7.7
      vertex 31.2329 -94.9906 7.7
    endloop
  endfacet
  facet normal 0 0 1
    outer loop
      vertex 31.1334 -95.491 7.7
      vertex 31.1334 -96.509 7.7
      vertex 31.2329 -97.0094 7.7
    endloop
  endfacet
  facet normal 0 -0 1
    outer loop
      vertex 31.1334 -96.509 7.7
      vertex 31.1334 -95.491 7.7
      vertex 31.1 -96 7.7
    endloop
  endfacet
  facet normal -0.831507 -0.555514 0
    outer loop
      vertex 31.9059 -98.3742 3
      vertex 31.6225 -97.95 7.7
      vertex 31.6225 -97.95 3
    endloop
  endfacet
  facet normal -0.831507 -0.555514 0
    outer loop
      vertex 31.6225 -97.95 7.7
      vertex 31.9059 -98.3742 3
      vertex 31.9059 -98.3742 7.7
    endloop
  endfacet
  facet normal -0.946924 0.321456 0
    outer loop
      vertex 31.2329 -94.9906 3
      vertex 31.3969 -94.5075 7.7
      vertex 31.3969 -94.5075 3
    endloop
  endfacet
  facet normal -0.946924 0.321456 0
    outer loop
      vertex 31.3969 -94.5075 7.7
      vertex 31.2329 -94.9906 3
      vertex 31.2329 -94.9906 7.7
    endloop
  endfacet
  facet normal -0.896884 -0.442267 0
    outer loop
      vertex 31.6225 -97.95 3
      vertex 31.3969 -97.4925 7.7
      vertex 31.3969 -97.4925 3
    endloop
  endfacet
  facet normal -0.896884 -0.442267 0
    outer loop
      vertex 31.3969 -97.4925 7.7
      vertex 31.6225 -97.95 3
      vertex 31.6225 -97.95 7.7
    endloop
  endfacet
  facet normal 0.751516 0.659714 0
    outer loop
      vertex -12.6026 -115.93 5
      vertex -12.8958 -115.596 3
      vertex -12.8958 -115.596 5
    endloop
  endfacet
  facet normal 0.751516 0.659714 0
    outer loop
      vertex -12.8958 -115.596 3
      vertex -12.6026 -115.93 5
      vertex -12.6026 -115.93 3
    endloop
  endfacet
  facet normal 0.896931 0.442171 0
    outer loop
      vertex -12.1588 -116.699 5
      vertex -12.3555 -116.3 3
      vertex -12.3555 -116.3 5
    endloop
  endfacet
  facet normal 0.896931 0.442171 0
    outer loop
      vertex -12.3555 -116.3 3
      vertex -12.1588 -116.699 5
      vertex -12.1588 -116.699 3
    endloop
  endfacet
  facet normal 0.980753 -0.195251 0
    outer loop
      vertex -12.0159 -118.88 5
      vertex -11.9291 -118.444 3
      vertex -11.9291 -118.444 5
    endloop
  endfacet
  facet normal 0.980753 -0.195251 0
    outer loop
      vertex -11.9291 -118.444 3
      vertex -12.0159 -118.88 5
      vertex -12.0159 -118.88 3
    endloop
  endfacet
  facet normal 0.997859 -0.0654002 0
    outer loop
      vertex -11.9291 -118.444 5
      vertex -11.9 -118 3
      vertex -11.9 -118 5
    endloop
  endfacet
  facet normal 0.997859 -0.0654002 0
    outer loop
      vertex -11.9 -118 3
      vertex -11.9291 -118.444 5
      vertex -11.9291 -118.444 3
    endloop
  endfacet
  facet normal 0.946937 -0.321419 0
    outer loop
      vertex -12.1588 -119.301 5
      vertex -12.0159 -118.88 3
      vertex -12.0159 -118.88 5
    endloop
  endfacet
  facet normal 0.946937 -0.321419 0
    outer loop
      vertex -12.0159 -118.88 3
      vertex -12.1588 -119.301 5
      vertex -12.1588 -119.301 3
    endloop
  endfacet
  facet normal 0.831601 -0.555374 0
    outer loop
      vertex -12.6026 -120.07 5
      vertex -12.3555 -119.7 3
      vertex -12.3555 -119.7 5
    endloop
  endfacet
  facet normal 0.831601 -0.555374 0
    outer loop
      vertex -12.3555 -119.7 3
      vertex -12.6026 -120.07 5
      vertex -12.6026 -120.07 3
    endloop
  endfacet
  facet normal 0.896931 -0.442171 0
    outer loop
      vertex -12.3555 -119.7 5
      vertex -12.1588 -119.301 3
      vertex -12.1588 -119.301 5
    endloop
  endfacet
  facet normal 0.896931 -0.442171 0
    outer loop
      vertex -12.1588 -119.301 3
      vertex -12.3555 -119.7 5
      vertex -12.3555 -119.7 3
    endloop
  endfacet
  facet normal -0.997859 0.0654002 0
    outer loop
      vertex -18.7 -118 3
      vertex -18.6709 -117.556 5
      vertex -18.6709 -117.556 3
    endloop
  endfacet
  facet normal -0.997859 0.0654002 0
    outer loop
      vertex -18.6709 -117.556 5
      vertex -18.7 -118 3
      vertex -18.7 -118 5
    endloop
  endfacet
  facet normal -0.555426 -0.831566 0
    outer loop
      vertex -17.3698 -120.697 3
      vertex -17 -120.944 5
      vertex -17.3698 -120.697 5
    endloop
  endfacet
  facet normal -0.555426 -0.831566 -0
    outer loop
      vertex -17 -120.944 5
      vertex -17.3698 -120.697 3
      vertex -17 -120.944 3
    endloop
  endfacet
  facet normal 0.980753 0.195251 0
    outer loop
      vertex -11.9291 -117.556 5
      vertex -12.0159 -117.12 3
      vertex -12.0159 -117.12 5
    endloop
  endfacet
  facet normal 0.980753 0.195251 0
    outer loop
      vertex -12.0159 -117.12 3
      vertex -11.9291 -117.556 5
      vertex -11.9291 -117.556 3
    endloop
  endfacet
  facet normal 0.831601 0.555374 0
    outer loop
      vertex -12.3555 -116.3 5
      vertex -12.6026 -115.93 3
      vertex -12.6026 -115.93 5
    endloop
  endfacet
  facet normal 0.831601 0.555374 0
    outer loop
      vertex -12.6026 -115.93 3
      vertex -12.3555 -116.3 5
      vertex -12.3555 -116.3 3
    endloop
  endfacet
  facet normal 0.321552 -0.946892 0
    outer loop
      vertex -14.42 -121.284 3
      vertex -13.9989 -121.141 5
      vertex -14.42 -121.284 5
    endloop
  endfacet
  facet normal 0.321552 -0.946892 0
    outer loop
      vertex -13.9989 -121.141 5
      vertex -14.42 -121.284 3
      vertex -13.9989 -121.141 3
    endloop
  endfacet
  facet normal 0.0652057 -0.997872 0
    outer loop
      vertex -15.3 -121.4 3
      vertex -14.8562 -121.371 5
      vertex -15.3 -121.4 5
    endloop
  endfacet
  facet normal 0.0652057 -0.997872 0
    outer loop
      vertex -14.8562 -121.371 5
      vertex -15.3 -121.4 3
      vertex -14.8562 -121.371 3
    endloop
  endfacet
  facet normal 0.555426 0.831566 -0
    outer loop
      vertex -13.2302 -115.303 3
      vertex -13.6 -115.056 5
      vertex -13.2302 -115.303 5
    endloop
  endfacet
  facet normal 0.555426 0.831566 0
    outer loop
      vertex -13.6 -115.056 5
      vertex -13.2302 -115.303 3
      vertex -13.6 -115.056 3
    endloop
  endfacet
  facet normal -0.946937 0.321419 0
    outer loop
      vertex -18.5841 -117.12 3
      vertex -18.4412 -116.699 5
      vertex -18.4412 -116.699 3
    endloop
  endfacet
  facet normal -0.946937 0.321419 0
    outer loop
      vertex -18.4412 -116.699 5
      vertex -18.5841 -117.12 3
      vertex -18.5841 -117.12 5
    endloop
  endfacet
  facet normal -0.751516 0.659714 0
    outer loop
      vertex -17.9974 -115.93 3
      vertex -17.7042 -115.596 5
      vertex -17.7042 -115.596 3
    endloop
  endfacet
  facet normal -0.751516 0.659714 0
    outer loop
      vertex -17.7042 -115.596 5
      vertex -17.9974 -115.93 3
      vertex -17.9974 -115.93 5
    endloop
  endfacet
  facet normal 0.751516 -0.659714 0
    outer loop
      vertex -12.8958 -120.404 5
      vertex -12.6026 -120.07 3
      vertex -12.6026 -120.07 5
    endloop
  endfacet
  facet normal 0.751516 -0.659714 0
    outer loop
      vertex -12.6026 -120.07 3
      vertex -12.8958 -120.404 5
      vertex -12.8958 -120.404 3
    endloop
  endfacet
  facet normal -0.321552 -0.946892 0
    outer loop
      vertex -16.6011 -121.141 3
      vertex -16.18 -121.284 5
      vertex -16.6011 -121.141 5
    endloop
  endfacet
  facet normal -0.321552 -0.946892 -0
    outer loop
      vertex -16.18 -121.284 5
      vertex -16.6011 -121.141 3
      vertex -16.18 -121.284 3
    endloop
  endfacet
  facet normal -0.442803 -0.896619 0
    outer loop
      vertex -17 -120.944 3
      vertex -16.6011 -121.141 5
      vertex -17 -120.944 5
    endloop
  endfacet
  facet normal -0.442803 -0.896619 -0
    outer loop
      vertex -16.6011 -121.141 5
      vertex -17 -120.944 3
      vertex -16.6011 -121.141 3
    endloop
  endfacet
  facet normal 0.195597 -0.980684 0
    outer loop
      vertex -14.8562 -121.371 3
      vertex -14.42 -121.284 5
      vertex -14.8562 -121.371 5
    endloop
  endfacet
  facet normal 0.195597 -0.980684 0
    outer loop
      vertex -14.42 -121.284 5
      vertex -14.8562 -121.371 3
      vertex -14.42 -121.284 3
    endloop
  endfacet
  facet normal -0.659014 -0.752131 0
    outer loop
      vertex -17.7042 -120.404 3
      vertex -17.3698 -120.697 5
      vertex -17.7042 -120.404 5
    endloop
  endfacet
  facet normal -0.659014 -0.752131 -0
    outer loop
      vertex -17.3698 -120.697 5
      vertex -17.7042 -120.404 3
      vertex -17.3698 -120.697 3
    endloop
  endfacet
  facet normal -0.980753 0.195251 0
    outer loop
      vertex -18.6709 -117.556 3
      vertex -18.5841 -117.12 5
      vertex -18.5841 -117.12 3
    endloop
  endfacet
  facet normal -0.980753 0.195251 0
    outer loop
      vertex -18.5841 -117.12 5
      vertex -18.6709 -117.556 3
      vertex -18.6709 -117.556 5
    endloop
  endfacet
  facet normal 0.997859 0.0654002 0
    outer loop
      vertex -11.9 -118 5
      vertex -11.9291 -117.556 3
      vertex -11.9291 -117.556 5
    endloop
  endfacet
  facet normal 0.997859 0.0654002 0
    outer loop
      vertex -11.9291 -117.556 3
      vertex -11.9 -118 5
      vertex -11.9 -118 3
    endloop
  endfacet
  facet normal 0.442803 0.896619 -0
    outer loop
      vertex -13.6 -115.056 3
      vertex -13.9989 -114.859 5
      vertex -13.6 -115.056 5
    endloop
  endfacet
  facet normal 0.442803 0.896619 0
    outer loop
      vertex -13.9989 -114.859 5
      vertex -13.6 -115.056 3
      vertex -13.9989 -114.859 3
    endloop
  endfacet
  facet normal 0.195597 0.980684 -0
    outer loop
      vertex -14.42 -114.716 3
      vertex -14.8562 -114.629 5
      vertex -14.42 -114.716 5
    endloop
  endfacet
  facet normal 0.195597 0.980684 0
    outer loop
      vertex -14.8562 -114.629 5
      vertex -14.42 -114.716 3
      vertex -14.8562 -114.629 3
    endloop
  endfacet
  facet normal -0.321552 0.946892 0
    outer loop
      vertex -16.18 -114.716 3
      vertex -16.6011 -114.859 5
      vertex -16.18 -114.716 5
    endloop
  endfacet
  facet normal -0.321552 0.946892 0
    outer loop
      vertex -16.6011 -114.859 5
      vertex -16.18 -114.716 3
      vertex -16.6011 -114.859 3
    endloop
  endfacet
  facet normal 0.442803 -0.896619 0
    outer loop
      vertex -13.9989 -121.141 3
      vertex -13.6 -120.944 5
      vertex -13.9989 -121.141 5
    endloop
  endfacet
  facet normal 0.442803 -0.896619 0
    outer loop
      vertex -13.6 -120.944 5
      vertex -13.9989 -121.141 3
      vertex -13.6 -120.944 3
    endloop
  endfacet
  facet normal -0.555426 0.831566 0
    outer loop
      vertex -17 -115.056 3
      vertex -17.3698 -115.303 5
      vertex -17 -115.056 5
    endloop
  endfacet
  facet normal -0.555426 0.831566 0
    outer loop
      vertex -17.3698 -115.303 5
      vertex -17 -115.056 3
      vertex -17.3698 -115.303 3
    endloop
  endfacet
  facet normal -0.195597 0.980684 0
    outer loop
      vertex -15.7438 -114.629 3
      vertex -16.18 -114.716 5
      vertex -15.7438 -114.629 5
    endloop
  endfacet
  facet normal -0.195597 0.980684 0
    outer loop
      vertex -16.18 -114.716 5
      vertex -15.7438 -114.629 3
      vertex -16.18 -114.716 3
    endloop
  endfacet
  facet normal 0.555426 -0.831566 0
    outer loop
      vertex -13.6 -120.944 3
      vertex -13.2302 -120.697 5
      vertex -13.6 -120.944 5
    endloop
  endfacet
  facet normal 0.555426 -0.831566 0
    outer loop
      vertex -13.2302 -120.697 5
      vertex -13.6 -120.944 3
      vertex -13.2302 -120.697 3
    endloop
  endfacet
  facet normal -0.997859 -0.0654002 0
    outer loop
      vertex -18.6709 -118.444 3
      vertex -18.7 -118 5
      vertex -18.7 -118 3
    endloop
  endfacet
  facet normal -0.997859 -0.0654002 0
    outer loop
      vertex -18.7 -118 5
      vertex -18.6709 -118.444 3
      vertex -18.6709 -118.444 5
    endloop
  endfacet
  facet normal 0.946937 0.321419 0
    outer loop
      vertex -12.0159 -117.12 5
      vertex -12.1588 -116.699 3
      vertex -12.1588 -116.699 5
    endloop
  endfacet
  facet normal 0.946937 0.321419 0
    outer loop
      vertex -12.1588 -116.699 3
      vertex -12.0159 -117.12 5
      vertex -12.0159 -117.12 3
    endloop
  endfacet
  facet normal -0.195597 -0.980684 0
    outer loop
      vertex -16.18 -121.284 3
      vertex -15.7438 -121.371 5
      vertex -16.18 -121.284 5
    endloop
  endfacet
  facet normal -0.195597 -0.980684 -0
    outer loop
      vertex -15.7438 -121.371 5
      vertex -16.18 -121.284 3
      vertex -15.7438 -121.371 3
    endloop
  endfacet
  facet normal -0.896931 -0.442171 0
    outer loop
      vertex -18.2445 -119.7 3
      vertex -18.4412 -119.301 5
      vertex -18.4412 -119.301 3
    endloop
  endfacet
  facet normal -0.896931 -0.442171 0
    outer loop
      vertex -18.4412 -119.301 5
      vertex -18.2445 -119.7 3
      vertex -18.2445 -119.7 5
    endloop
  endfacet
  facet normal -0.831601 -0.555374 0
    outer loop
      vertex -17.9974 -120.07 3
      vertex -18.2445 -119.7 5
      vertex -18.2445 -119.7 3
    endloop
  endfacet
  facet normal -0.831601 -0.555374 0
    outer loop
      vertex -18.2445 -119.7 5
      vertex -17.9974 -120.07 3
      vertex -17.9974 -120.07 5
    endloop
  endfacet
  facet normal 0.0652057 0.997872 -0
    outer loop
      vertex -14.8562 -114.629 3
      vertex -15.3 -114.6 5
      vertex -14.8562 -114.629 5
    endloop
  endfacet
  facet normal 0.0652057 0.997872 0
    outer loop
      vertex -15.3 -114.6 5
      vertex -14.8562 -114.629 3
      vertex -15.3 -114.6 3
    endloop
  endfacet
  facet normal -0.442803 0.896619 0
    outer loop
      vertex -16.6011 -114.859 3
      vertex -17 -115.056 5
      vertex -16.6011 -114.859 5
    endloop
  endfacet
  facet normal -0.442803 0.896619 0
    outer loop
      vertex -17 -115.056 5
      vertex -16.6011 -114.859 3
      vertex -17 -115.056 3
    endloop
  endfacet
  facet normal -0.0652057 -0.997872 0
    outer loop
      vertex -15.7438 -121.371 3
      vertex -15.3 -121.4 5
      vertex -15.7438 -121.371 5
    endloop
  endfacet
  facet normal -0.0652057 -0.997872 -0
    outer loop
      vertex -15.3 -121.4 5
      vertex -15.7438 -121.371 3
      vertex -15.3 -121.4 3
    endloop
  endfacet
  facet normal 0.321552 0.946892 -0
    outer loop
      vertex -13.9989 -114.859 3
      vertex -14.42 -114.716 5
      vertex -13.9989 -114.859 5
    endloop
  endfacet
  facet normal 0.321552 0.946892 0
    outer loop
      vertex -14.42 -114.716 5
      vertex -13.9989 -114.859 3
      vertex -14.42 -114.716 3
    endloop
  endfacet
  facet normal -0.946937 -0.321419 0
    outer loop
      vertex -18.4412 -119.301 3
      vertex -18.5841 -118.88 5
      vertex -18.5841 -118.88 3
    endloop
  endfacet
  facet normal -0.946937 -0.321419 0
    outer loop
      vertex -18.5841 -118.88 5
      vertex -18.4412 -119.301 3
      vertex -18.4412 -119.301 5
    endloop
  endfacet
  facet normal 0.659014 -0.752131 0
    outer loop
      vertex -13.2302 -120.697 3
      vertex -12.8958 -120.404 5
      vertex -13.2302 -120.697 5
    endloop
  endfacet
  facet normal 0.659014 -0.752131 0
    outer loop
      vertex -12.8958 -120.404 5
      vertex -13.2302 -120.697 3
      vertex -12.8958 -120.404 3
    endloop
  endfacet
  facet normal -0.896931 0.442171 0
    outer loop
      vertex -18.4412 -116.699 3
      vertex -18.2445 -116.3 5
      vertex -18.2445 -116.3 3
    endloop
  endfacet
  facet normal -0.896931 0.442171 0
    outer loop
      vertex -18.2445 -116.3 5
      vertex -18.4412 -116.699 3
      vertex -18.4412 -116.699 5
    endloop
  endfacet
  facet normal -0.831601 0.555374 0
    outer loop
      vertex -18.2445 -116.3 3
      vertex -17.9974 -115.93 5
      vertex -17.9974 -115.93 3
    endloop
  endfacet
  facet normal -0.831601 0.555374 0
    outer loop
      vertex -17.9974 -115.93 5
      vertex -18.2445 -116.3 3
      vertex -18.2445 -116.3 5
    endloop
  endfacet
  facet normal -0.980753 -0.195251 0
    outer loop
      vertex -18.5841 -118.88 3
      vertex -18.6709 -118.444 5
      vertex -18.6709 -118.444 3
    endloop
  endfacet
  facet normal -0.980753 -0.195251 0
    outer loop
      vertex -18.6709 -118.444 5
      vertex -18.5841 -118.88 3
      vertex -18.5841 -118.88 5
    endloop
  endfacet
  facet normal -0.659014 0.752131 0
    outer loop
      vertex -17.3698 -115.303 3
      vertex -17.7042 -115.596 5
      vertex -17.3698 -115.303 5
    endloop
  endfacet
  facet normal -0.659014 0.752131 0
    outer loop
      vertex -17.7042 -115.596 5
      vertex -17.3698 -115.303 3
      vertex -17.7042 -115.596 3
    endloop
  endfacet
  facet normal -0.751516 -0.659714 0
    outer loop
      vertex -17.7042 -120.404 3
      vertex -17.9974 -120.07 5
      vertex -17.9974 -120.07 3
    endloop
  endfacet
  facet normal -0.751516 -0.659714 0
    outer loop
      vertex -17.9974 -120.07 5
      vertex -17.7042 -120.404 3
      vertex -17.7042 -120.404 5
    endloop
  endfacet
  facet normal -0.0652057 0.997872 0
    outer loop
      vertex -15.3 -114.6 3
      vertex -15.7438 -114.629 5
      vertex -15.3 -114.6 5
    endloop
  endfacet
  facet normal -0.0652057 0.997872 0
    outer loop
      vertex -15.7438 -114.629 5
      vertex -15.3 -114.6 3
      vertex -15.7438 -114.629 3
    endloop
  endfacet
  facet normal 0 0 1
    outer loop
      vertex -11.9291 -117.556 5
      vertex -11.9291 -118.444 5
      vertex -11.9 -118 5
    endloop
  endfacet
  facet normal 0 0 1
    outer loop
      vertex -12.0159 -117.12 5
      vertex -11.9291 -118.444 5
      vertex -11.9291 -117.556 5
    endloop
  endfacet
  facet normal 0 0 1
    outer loop
      vertex -12.0159 -117.12 5
      vertex -12.0159 -118.88 5
      vertex -11.9291 -118.444 5
    endloop
  endfacet
  facet normal 0 0 1
    outer loop
      vertex -12.1588 -116.699 5
      vertex -12.0159 -118.88 5
      vertex -12.0159 -117.12 5
    endloop
  endfacet
  facet normal 0 0 1
    outer loop
      vertex -12.1588 -116.699 5
      vertex -12.1588 -119.301 5
      vertex -12.0159 -118.88 5
    endloop
  endfacet
  facet normal 0 0 1
    outer loop
      vertex -12.3555 -116.3 5
      vertex -12.1588 -119.301 5
      vertex -12.1588 -116.699 5
    endloop
  endfacet
  facet normal 0 0 1
    outer loop
      vertex -12.3555 -116.3 5
      vertex -12.3555 -119.7 5
      vertex -12.1588 -119.301 5
    endloop
  endfacet
  facet normal 0 0 1
    outer loop
      vertex -12.6026 -115.93 5
      vertex -12.3555 -119.7 5
      vertex -12.3555 -116.3 5
    endloop
  endfacet
  facet normal 0 0 1
    outer loop
      vertex -12.6026 -115.93 5
      vertex -12.6026 -120.07 5
      vertex -12.3555 -119.7 5
    endloop
  endfacet
  facet normal 0 0 1
    outer loop
      vertex -12.8958 -115.596 5
      vertex -12.6026 -120.07 5
      vertex -12.6026 -115.93 5
    endloop
  endfacet
  facet normal 0 0 1
    outer loop
      vertex -12.8958 -115.596 5
      vertex -12.8958 -120.404 5
      vertex -12.6026 -120.07 5
    endloop
  endfacet
  facet normal 0 0 1
    outer loop
      vertex -13.2302 -115.303 5
      vertex -12.8958 -120.404 5
      vertex -12.8958 -115.596 5
    endloop
  endfacet
  facet normal 0 0 1
    outer loop
      vertex -13.2302 -115.303 5
      vertex -13.2302 -120.697 5
      vertex -12.8958 -120.404 5
    endloop
  endfacet
  facet normal 0 0 1
    outer loop
      vertex -13.6 -115.056 5
      vertex -13.2302 -120.697 5
      vertex -13.2302 -115.303 5
    endloop
  endfacet
  facet normal 0 0 1
    outer loop
      vertex -13.6 -115.056 5
      vertex -13.6 -120.944 5
      vertex -13.2302 -120.697 5
    endloop
  endfacet
  facet normal 0 0 1
    outer loop
      vertex -13.9989 -114.859 5
      vertex -13.6 -120.944 5
      vertex -13.6 -115.056 5
    endloop
  endfacet
  facet normal 0 0 1
    outer loop
      vertex -13.9989 -114.859 5
      vertex -13.9989 -121.141 5
      vertex -13.6 -120.944 5
    endloop
  endfacet
  facet normal 0 0 1
    outer loop
      vertex -14.42 -114.716 5
      vertex -13.9989 -121.141 5
      vertex -13.9989 -114.859 5
    endloop
  endfacet
  facet normal 0 0 1
    outer loop
      vertex -14.42 -114.716 5
      vertex -14.42 -121.284 5
      vertex -13.9989 -121.141 5
    endloop
  endfacet
  facet normal 0 0 1
    outer loop
      vertex -14.8562 -114.629 5
      vertex -14.42 -121.284 5
      vertex -14.42 -114.716 5
    endloop
  endfacet
  facet normal 0 0 1
    outer loop
      vertex -14.8562 -114.629 5
      vertex -14.8562 -121.371 5
      vertex -14.42 -121.284 5
    endloop
  endfacet
  facet normal 0 0 1
    outer loop
      vertex -15.3 -114.6 5
      vertex -14.8562 -121.371 5
      vertex -14.8562 -114.629 5
    endloop
  endfacet
  facet normal 0 0 1
    outer loop
      vertex -15.3 -114.6 5
      vertex -15.3 -121.4 5
      vertex -14.8562 -121.371 5
    endloop
  endfacet
  facet normal -0 0 1
    outer loop
      vertex -15.7438 -114.629 5
      vertex -15.3 -121.4 5
      vertex -15.3 -114.6 5
    endloop
  endfacet
  facet normal 0 0 1
    outer loop
      vertex -15.7438 -114.629 5
      vertex -15.7438 -121.371 5
      vertex -15.3 -121.4 5
    endloop
  endfacet
  facet normal -0 0 1
    outer loop
      vertex -16.18 -114.716 5
      vertex -15.7438 -121.371 5
      vertex -15.7438 -114.629 5
    endloop
  endfacet
  facet normal 0 0 1
    outer loop
      vertex -16.18 -114.716 5
      vertex -16.18 -121.284 5
      vertex -15.7438 -121.371 5
    endloop
  endfacet
  facet normal -0 0 1
    outer loop
      vertex -16.6011 -114.859 5
      vertex -16.18 -121.284 5
      vertex -16.18 -114.716 5
    endloop
  endfacet
  facet normal 0 0 1
    outer loop
      vertex -16.6011 -114.859 5
      vertex -16.6011 -121.141 5
      vertex -16.18 -121.284 5
    endloop
  endfacet
  facet normal -0 0 1
    outer loop
      vertex -17 -115.056 5
      vertex -16.6011 -121.141 5
      vertex -16.6011 -114.859 5
    endloop
  endfacet
  facet normal 0 0 1
    outer loop
      vertex -17 -115.056 5
      vertex -17 -120.944 5
      vertex -16.6011 -121.141 5
    endloop
  endfacet
  facet normal -0 0 1
    outer loop
      vertex -17.3698 -115.303 5
      vertex -17 -120.944 5
      vertex -17 -115.056 5
    endloop
  endfacet
  facet normal 0 0 1
    outer loop
      vertex -17.3698 -115.303 5
      vertex -17.3698 -120.697 5
      vertex -17 -120.944 5
    endloop
  endfacet
  facet normal -0 0 1
    outer loop
      vertex -17.7042 -115.596 5
      vertex -17.3698 -120.697 5
      vertex -17.3698 -115.303 5
    endloop
  endfacet
  facet normal 0 0 1
    outer loop
      vertex -17.7042 -115.596 5
      vertex -17.7042 -120.404 5
      vertex -17.3698 -120.697 5
    endloop
  endfacet
  facet normal -0 0 1
    outer loop
      vertex -17.9974 -115.93 5
      vertex -17.7042 -120.404 5
      vertex -17.7042 -115.596 5
    endloop
  endfacet
  facet normal 0 0 1
    outer loop
      vertex -17.9974 -115.93 5
      vertex -17.9974 -120.07 5
      vertex -17.7042 -120.404 5
    endloop
  endfacet
  facet normal -0 0 1
    outer loop
      vertex -18.2445 -116.3 5
      vertex -17.9974 -120.07 5
      vertex -17.9974 -115.93 5
    endloop
  endfacet
  facet normal 0 0 1
    outer loop
      vertex -18.2445 -116.3 5
      vertex -18.2445 -119.7 5
      vertex -17.9974 -120.07 5
    endloop
  endfacet
  facet normal -0 0 1
    outer loop
      vertex -18.4412 -116.699 5
      vertex -18.2445 -119.7 5
      vertex -18.2445 -116.3 5
    endloop
  endfacet
  facet normal 0 0 1
    outer loop
      vertex -18.4412 -116.699 5
      vertex -18.4412 -119.301 5
      vertex -18.2445 -119.7 5
    endloop
  endfacet
  facet normal -0 0 1
    outer loop
      vertex -18.5841 -117.12 5
      vertex -18.4412 -119.301 5
      vertex -18.4412 -116.699 5
    endloop
  endfacet
  facet normal 0 0 1
    outer loop
      vertex -18.5841 -117.12 5
      vertex -18.5841 -118.88 5
      vertex -18.4412 -119.301 5
    endloop
  endfacet
  facet normal -0 0 1
    outer loop
      vertex -18.6709 -117.556 5
      vertex -18.5841 -118.88 5
      vertex -18.5841 -117.12 5
    endloop
  endfacet
  facet normal 0 0 1
    outer loop
      vertex -18.6709 -117.556 5
      vertex -18.6709 -118.444 5
      vertex -18.5841 -118.88 5
    endloop
  endfacet
  facet normal 0 -0 1
    outer loop
      vertex -18.6709 -118.444 5
      vertex -18.6709 -117.556 5
      vertex -18.7 -118 5
    endloop
  endfacet
  facet normal 0.659014 0.752131 -0
    outer loop
      vertex -12.8958 -115.596 3
      vertex -13.2302 -115.303 5
      vertex -12.8958 -115.596 5
    endloop
  endfacet
  facet normal 0.659014 0.752131 0
    outer loop
      vertex -13.2302 -115.303 5
      vertex -12.8958 -115.596 3
      vertex -13.2302 -115.303 3
    endloop
  endfacet
  facet normal 0.980753 -0.195251 0
    outer loop
      vertex 18.5841 -118.88 5
      vertex 18.6709 -118.444 3
      vertex 18.6709 -118.444 5
    endloop
  endfacet
  facet normal 0.980753 -0.195251 0
    outer loop
      vertex 18.6709 -118.444 3
      vertex 18.5841 -118.88 5
      vertex 18.5841 -118.88 3
    endloop
  endfacet
  facet normal 0.997859 -0.0654002 0
    outer loop
      vertex 18.6709 -118.444 5
      vertex 18.7 -118 3
      vertex 18.7 -118 5
    endloop
  endfacet
  facet normal 0.997859 -0.0654002 0
    outer loop
      vertex 18.7 -118 3
      vertex 18.6709 -118.444 5
      vertex 18.6709 -118.444 3
    endloop
  endfacet
  facet normal 0.751516 0.659714 0
    outer loop
      vertex 17.9974 -115.93 5
      vertex 17.7042 -115.596 3
      vertex 17.7042 -115.596 5
    endloop
  endfacet
  facet normal 0.751516 0.659714 0
    outer loop
      vertex 17.7042 -115.596 3
      vertex 17.9974 -115.93 5
      vertex 17.9974 -115.93 3
    endloop
  endfacet
  facet normal 0.321552 0.946892 -0
    outer loop
      vertex 16.6011 -114.859 3
      vertex 16.18 -114.716 5
      vertex 16.6011 -114.859 5
    endloop
  endfacet
  facet normal 0.321552 0.946892 0
    outer loop
      vertex 16.18 -114.716 5
      vertex 16.6011 -114.859 3
      vertex 16.18 -114.716 3
    endloop
  endfacet
  facet normal 0.751516 -0.659714 0
    outer loop
      vertex 17.7042 -120.404 5
      vertex 17.9974 -120.07 3
      vertex 17.9974 -120.07 5
    endloop
  endfacet
  facet normal 0.751516 -0.659714 0
    outer loop
      vertex 17.9974 -120.07 3
      vertex 17.7042 -120.404 5
      vertex 17.7042 -120.404 3
    endloop
  endfacet
  facet normal 0.946937 0.321419 0
    outer loop
      vertex 18.5841 -117.12 5
      vertex 18.4412 -116.699 3
      vertex 18.4412 -116.699 5
    endloop
  endfacet
  facet normal 0.946937 0.321419 0
    outer loop
      vertex 18.4412 -116.699 3
      vertex 18.5841 -117.12 5
      vertex 18.5841 -117.12 3
    endloop
  endfacet
  facet normal -0.321552 -0.946892 0
    outer loop
      vertex 13.9989 -121.141 3
      vertex 14.42 -121.284 5
      vertex 13.9989 -121.141 5
    endloop
  endfacet
  facet normal -0.321552 -0.946892 -0
    outer loop
      vertex 14.42 -121.284 5
      vertex 13.9989 -121.141 3
      vertex 14.42 -121.284 3
    endloop
  endfacet
  facet normal -0.555426 -0.831566 0
    outer loop
      vertex 13.2302 -120.697 3
      vertex 13.6 -120.944 5
      vertex 13.2302 -120.697 5
    endloop
  endfacet
  facet normal -0.555426 -0.831566 -0
    outer loop
      vertex 13.6 -120.944 5
      vertex 13.2302 -120.697 3
      vertex 13.6 -120.944 3
    endloop
  endfacet
  facet normal 0 0 1
    outer loop
      vertex 18.6709 -117.556 5
      vertex 18.6709 -118.444 5
      vertex 18.7 -118 5
    endloop
  endfacet
  facet normal 0 0 1
    outer loop
      vertex 18.5841 -117.12 5
      vertex 18.6709 -118.444 5
      vertex 18.6709 -117.556 5
    endloop
  endfacet
  facet normal 0 0 1
    outer loop
      vertex 18.5841 -117.12 5
      vertex 18.5841 -118.88 5
      vertex 18.6709 -118.444 5
    endloop
  endfacet
  facet normal 0 0 1
    outer loop
      vertex 18.4412 -116.699 5
      vertex 18.5841 -118.88 5
      vertex 18.5841 -117.12 5
    endloop
  endfacet
  facet normal 0 0 1
    outer loop
      vertex 18.4412 -116.699 5
      vertex 18.4412 -119.301 5
      vertex 18.5841 -118.88 5
    endloop
  endfacet
  facet normal 0 0 1
    outer loop
      vertex 18.2445 -116.3 5
      vertex 18.4412 -119.301 5
      vertex 18.4412 -116.699 5
    endloop
  endfacet
  facet normal 0 0 1
    outer loop
      vertex 18.2445 -116.3 5
      vertex 18.2445 -119.7 5
      vertex 18.4412 -119.301 5
    endloop
  endfacet
  facet normal 0 0 1
    outer loop
      vertex 17.9974 -115.93 5
      vertex 18.2445 -119.7 5
      vertex 18.2445 -116.3 5
    endloop
  endfacet
  facet normal 0 0 1
    outer loop
      vertex 17.9974 -115.93 5
      vertex 17.9974 -120.07 5
      vertex 18.2445 -119.7 5
    endloop
  endfacet
  facet normal 0 0 1
    outer loop
      vertex 17.7042 -115.596 5
      vertex 17.9974 -120.07 5
      vertex 17.9974 -115.93 5
    endloop
  endfacet
  facet normal 0 0 1
    outer loop
      vertex 17.7042 -115.596 5
      vertex 17.7042 -120.404 5
      vertex 17.9974 -120.07 5
    endloop
  endfacet
  facet normal 0 0 1
    outer loop
      vertex 17.3698 -115.303 5
      vertex 17.7042 -120.404 5
      vertex 17.7042 -115.596 5
    endloop
  endfacet
  facet normal 0 0 1
    outer loop
      vertex 17.3698 -115.303 5
      vertex 17.3698 -120.697 5
      vertex 17.7042 -120.404 5
    endloop
  endfacet
  facet normal 0 0 1
    outer loop
      vertex 17 -115.056 5
      vertex 17.3698 -120.697 5
      vertex 17.3698 -115.303 5
    endloop
  endfacet
  facet normal 0 0 1
    outer loop
      vertex 17 -115.056 5
      vertex 17 -120.944 5
      vertex 17.3698 -120.697 5
    endloop
  endfacet
  facet normal 0 0 1
    outer loop
      vertex 16.6011 -114.859 5
      vertex 17 -120.944 5
      vertex 17 -115.056 5
    endloop
  endfacet
  facet normal 0 0 1
    outer loop
      vertex 16.6011 -114.859 5
      vertex 16.6011 -121.141 5
      vertex 17 -120.944 5
    endloop
  endfacet
  facet normal 0 0 1
    outer loop
      vertex 16.18 -114.716 5
      vertex 16.6011 -121.141 5
      vertex 16.6011 -114.859 5
    endloop
  endfacet
  facet normal 0 0 1
    outer loop
      vertex 16.18 -114.716 5
      vertex 16.18 -121.284 5
      vertex 16.6011 -121.141 5
    endloop
  endfacet
  facet normal 0 0 1
    outer loop
      vertex 15.7438 -114.629 5
      vertex 16.18 -121.284 5
      vertex 16.18 -114.716 5
    endloop
  endfacet
  facet normal 0 0 1
    outer loop
      vertex 15.7438 -114.629 5
      vertex 15.7438 -121.371 5
      vertex 16.18 -121.284 5
    endloop
  endfacet
  facet normal 0 0 1
    outer loop
      vertex 15.3 -114.6 5
      vertex 15.7438 -121.371 5
      vertex 15.7438 -114.629 5
    endloop
  endfacet
  facet normal 0 0 1
    outer loop
      vertex 15.3 -114.6 5
      vertex 15.3 -121.4 5
      vertex 15.7438 -121.371 5
    endloop
  endfacet
  facet normal -0 0 1
    outer loop
      vertex 14.8562 -114.629 5
      vertex 15.3 -121.4 5
      vertex 15.3 -114.6 5
    endloop
  endfacet
  facet normal 0 0 1
    outer loop
      vertex 14.8562 -114.629 5
      vertex 14.8562 -121.371 5
      vertex 15.3 -121.4 5
    endloop
  endfacet
  facet normal -0 0 1
    outer loop
      vertex 14.42 -114.716 5
      vertex 14.8562 -121.371 5
      vertex 14.8562 -114.629 5
    endloop
  endfacet
  facet normal 0 0 1
    outer loop
      vertex 14.42 -114.716 5
      vertex 14.42 -121.284 5
      vertex 14.8562 -121.371 5
    endloop
  endfacet
  facet normal -0 0 1
    outer loop
      vertex 13.9989 -114.859 5
      vertex 14.42 -121.284 5
      vertex 14.42 -114.716 5
    endloop
  endfacet
  facet normal 0 0 1
    outer loop
      vertex 13.9989 -114.859 5
      vertex 13.9989 -121.141 5
      vertex 14.42 -121.284 5
    endloop
  endfacet
  facet normal -0 0 1
    outer loop
      vertex 13.6 -115.056 5
      vertex 13.9989 -121.141 5
      vertex 13.9989 -114.859 5
    endloop
  endfacet
  facet normal 0 0 1
    outer loop
      vertex 13.6 -115.056 5
      vertex 13.6 -120.944 5
      vertex 13.9989 -121.141 5
    endloop
  endfacet
  facet normal -0 0 1
    outer loop
      vertex 13.2302 -115.303 5
      vertex 13.6 -120.944 5
      vertex 13.6 -115.056 5
    endloop
  endfacet
  facet normal 0 0 1
    outer loop
      vertex 13.2302 -115.303 5
      vertex 13.2302 -120.697 5
      vertex 13.6 -120.944 5
    endloop
  endfacet
  facet normal -0 0 1
    outer loop
      vertex 12.8958 -115.596 5
      vertex 13.2302 -120.697 5
      vertex 13.2302 -115.303 5
    endloop
  endfacet
  facet normal 0 0 1
    outer loop
      vertex 12.8958 -115.596 5
      vertex 12.8958 -120.404 5
      vertex 13.2302 -120.697 5
    endloop
  endfacet
  facet normal -0 0 1
    outer loop
      vertex 12.6026 -115.93 5
      vertex 12.8958 -120.404 5
      vertex 12.8958 -115.596 5
    endloop
  endfacet
  facet normal 0 0 1
    outer loop
      vertex 12.6026 -115.93 5
      vertex 12.6026 -120.07 5
      vertex 12.8958 -120.404 5
    endloop
  endfacet
  facet normal -0 0 1
    outer loop
      vertex 12.3555 -116.3 5
      vertex 12.6026 -120.07 5
      vertex 12.6026 -115.93 5
    endloop
  endfacet
  facet normal 0 0 1
    outer loop
      vertex 12.3555 -116.3 5
      vertex 12.3555 -119.7 5
      vertex 12.6026 -120.07 5
    endloop
  endfacet
  facet normal -0 0 1
    outer loop
      vertex 12.1588 -116.699 5
      vertex 12.3555 -119.7 5
      vertex 12.3555 -116.3 5
    endloop
  endfacet
  facet normal 0 0 1
    outer loop
      vertex 12.1588 -116.699 5
      vertex 12.1588 -119.301 5
      vertex 12.3555 -119.7 5
    endloop
  endfacet
  facet normal -0 0 1
    outer loop
      vertex 12.0159 -117.12 5
      vertex 12.1588 -119.301 5
      vertex 12.1588 -116.699 5
    endloop
  endfacet
  facet normal 0 0 1
    outer loop
      vertex 12.0159 -117.12 5
      vertex 12.0159 -118.88 5
      vertex 12.1588 -119.301 5
    endloop
  endfacet
  facet normal -0 0 1
    outer loop
      vertex 11.9291 -117.556 5
      vertex 12.0159 -118.88 5
      vertex 12.0159 -117.12 5
    endloop
  endfacet
  facet normal 0 0 1
    outer loop
      vertex 11.9291 -117.556 5
      vertex 11.9291 -118.444 5
      vertex 12.0159 -118.88 5
    endloop
  endfacet
  facet normal 0 -0 1
    outer loop
      vertex 11.9291 -118.444 5
      vertex 11.9291 -117.556 5
      vertex 11.9 -118 5
    endloop
  endfacet
  facet normal 0.896931 0.442171 0
    outer loop
      vertex 18.4412 -116.699 5
      vertex 18.2445 -116.3 3
      vertex 18.2445 -116.3 5
    endloop
  endfacet
  facet normal 0.896931 0.442171 0
    outer loop
      vertex 18.2445 -116.3 3
      vertex 18.4412 -116.699 5
      vertex 18.4412 -116.699 3
    endloop
  endfacet
  facet normal 0.0652057 -0.997872 0
    outer loop
      vertex 15.3 -121.4 3
      vertex 15.7438 -121.371 5
      vertex 15.3 -121.4 5
    endloop
  endfacet
  facet normal 0.0652057 -0.997872 0
    outer loop
      vertex 15.7438 -121.371 5
      vertex 15.3 -121.4 3
      vertex 15.7438 -121.371 3
    endloop
  endfacet
  facet normal 0.659014 -0.752131 0
    outer loop
      vertex 17.3698 -120.697 3
      vertex 17.7042 -120.404 5
      vertex 17.3698 -120.697 5
    endloop
  endfacet
  facet normal 0.659014 -0.752131 0
    outer loop
      vertex 17.7042 -120.404 5
      vertex 17.3698 -120.697 3
      vertex 17.7042 -120.404 3
    endloop
  endfacet
  facet normal 0.555426 0.831566 -0
    outer loop
      vertex 17.3698 -115.303 3
      vertex 17 -115.056 5
      vertex 17.3698 -115.303 5
    endloop
  endfacet
  facet normal 0.555426 0.831566 0
    outer loop
      vertex 17 -115.056 5
      vertex 17.3698 -115.303 3
      vertex 17 -115.056 3
    endloop
  endfacet
  facet normal -0.442803 -0.896619 0
    outer loop
      vertex 13.6 -120.944 3
      vertex 13.9989 -121.141 5
      vertex 13.6 -120.944 5
    endloop
  endfacet
  facet normal -0.442803 -0.896619 -0
    outer loop
      vertex 13.9989 -121.141 5
      vertex 13.6 -120.944 3
      vertex 13.9989 -121.141 3
    endloop
  endfacet
  facet normal -0.751516 0.659714 0
    outer loop
      vertex 12.6026 -115.93 3
      vertex 12.8958 -115.596 5
      vertex 12.8958 -115.596 3
    endloop
  endfacet
  facet normal -0.751516 0.659714 0
    outer loop
      vertex 12.8958 -115.596 5
      vertex 12.6026 -115.93 3
      vertex 12.6026 -115.93 5
    endloop
  endfacet
  facet normal -0.831601 0.555374 0
    outer loop
      vertex 12.3555 -116.3 3
      vertex 12.6026 -115.93 5
      vertex 12.6026 -115.93 3
    endloop
  endfacet
  facet normal -0.831601 0.555374 0
    outer loop
      vertex 12.6026 -115.93 5
      vertex 12.3555 -116.3 3
      vertex 12.3555 -116.3 5
    endloop
  endfacet
  facet normal 0.831601 -0.555374 0
    outer loop
      vertex 17.9974 -120.07 5
      vertex 18.2445 -119.7 3
      vertex 18.2445 -119.7 5
    endloop
  endfacet
  facet normal 0.831601 -0.555374 0
    outer loop
      vertex 18.2445 -119.7 3
      vertex 17.9974 -120.07 5
      vertex 17.9974 -120.07 3
    endloop
  endfacet
  facet normal -0.0652057 0.997872 0
    outer loop
      vertex 15.3 -114.6 3
      vertex 14.8562 -114.629 5
      vertex 15.3 -114.6 5
    endloop
  endfacet
  facet normal -0.0652057 0.997872 0
    outer loop
      vertex 14.8562 -114.629 5
      vertex 15.3 -114.6 3
      vertex 14.8562 -114.629 3
    endloop
  endfacet
  facet normal -0.980753 0.195251 0
    outer loop
      vertex 11.9291 -117.556 3
      vertex 12.0159 -117.12 5
      vertex 12.0159 -117.12 3
    endloop
  endfacet
  facet normal -0.980753 0.195251 0
    outer loop
      vertex 12.0159 -117.12 5
      vertex 11.9291 -117.556 3
      vertex 11.9291 -117.556 5
    endloop
  endfacet
  facet normal 0.195597 0.980684 -0
    outer loop
      vertex 16.18 -114.716 3
      vertex 15.7438 -114.629 5
      vertex 16.18 -114.716 5
    endloop
  endfacet
  facet normal 0.195597 0.980684 0
    outer loop
      vertex 15.7438 -114.629 5
      vertex 16.18 -114.716 3
      vertex 15.7438 -114.629 3
    endloop
  endfacet
  facet normal -0.751516 -0.659714 0
    outer loop
      vertex 12.8958 -120.404 3
      vertex 12.6026 -120.07 5
      vertex 12.6026 -120.07 3
    endloop
  endfacet
  facet normal -0.751516 -0.659714 0
    outer loop
      vertex 12.6026 -120.07 5
      vertex 12.8958 -120.404 3
      vertex 12.8958 -120.404 5
    endloop
  endfacet
  facet normal -0.896931 -0.442171 0
    outer loop
      vertex 12.3555 -119.7 3
      vertex 12.1588 -119.301 5
      vertex 12.1588 -119.301 3
    endloop
  endfacet
  facet normal -0.896931 -0.442171 0
    outer loop
      vertex 12.1588 -119.301 5
      vertex 12.3555 -119.7 3
      vertex 12.3555 -119.7 5
    endloop
  endfacet
  facet normal 0.896931 -0.442171 0
    outer loop
      vertex 18.2445 -119.7 5
      vertex 18.4412 -119.301 3
      vertex 18.4412 -119.301 5
    endloop
  endfacet
  facet normal 0.896931 -0.442171 0
    outer loop
      vertex 18.4412 -119.301 3
      vertex 18.2445 -119.7 5
      vertex 18.2445 -119.7 3
    endloop
  endfacet
  facet normal 0.442803 -0.896619 0
    outer loop
      vertex 16.6011 -121.141 3
      vertex 17 -120.944 5
      vertex 16.6011 -121.141 5
    endloop
  endfacet
  facet normal 0.442803 -0.896619 0
    outer loop
      vertex 17 -120.944 5
      vertex 16.6011 -121.141 3
      vertex 17 -120.944 3
    endloop
  endfacet
  facet normal -0.659014 0.752131 0
    outer loop
      vertex 13.2302 -115.303 3
      vertex 12.8958 -115.596 5
      vertex 13.2302 -115.303 5
    endloop
  endfacet
  facet normal -0.659014 0.752131 0
    outer loop
      vertex 12.8958 -115.596 5
      vertex 13.2302 -115.303 3
      vertex 12.8958 -115.596 3
    endloop
  endfacet
  facet normal 0.555426 -0.831566 0
    outer loop
      vertex 17 -120.944 3
      vertex 17.3698 -120.697 5
      vertex 17 -120.944 5
    endloop
  endfacet
  facet normal 0.555426 -0.831566 0
    outer loop
      vertex 17.3698 -120.697 5
      vertex 17 -120.944 3
      vertex 17.3698 -120.697 3
    endloop
  endfacet
  facet normal 0.980753 0.195251 0
    outer loop
      vertex 18.6709 -117.556 5
      vertex 18.5841 -117.12 3
      vertex 18.5841 -117.12 5
    endloop
  endfacet
  facet normal 0.980753 0.195251 0
    outer loop
      vertex 18.5841 -117.12 3
      vertex 18.6709 -117.556 5
      vertex 18.6709 -117.556 3
    endloop
  endfacet
  facet normal -0.997859 -0.0654002 0
    outer loop
      vertex 11.9291 -118.444 3
      vertex 11.9 -118 5
      vertex 11.9 -118 3
    endloop
  endfacet
  facet normal -0.997859 -0.0654002 0
    outer loop
      vertex 11.9 -118 5
      vertex 11.9291 -118.444 3
      vertex 11.9291 -118.444 5
    endloop
  endfacet
  facet normal -0.195597 -0.980684 0
    outer loop
      vertex 14.42 -121.284 3
      vertex 14.8562 -121.371 5
      vertex 14.42 -121.284 5
    endloop
  endfacet
  facet normal -0.195597 -0.980684 -0
    outer loop
      vertex 14.8562 -121.371 5
      vertex 14.42 -121.284 3
      vertex 14.8562 -121.371 3
    endloop
  endfacet
  facet normal -0.321552 0.946892 0
    outer loop
      vertex 14.42 -114.716 3
      vertex 13.9989 -114.859 5
      vertex 14.42 -114.716 5
    endloop
  endfacet
  facet normal -0.321552 0.946892 0
    outer loop
      vertex 13.9989 -114.859 5
      vertex 14.42 -114.716 3
      vertex 13.9989 -114.859 3
    endloop
  endfacet
  facet normal 0.997859 0.0654002 0
    outer loop
      vertex 18.7 -118 5
      vertex 18.6709 -117.556 3
      vertex 18.6709 -117.556 5
    endloop
  endfacet
  facet normal 0.997859 0.0654002 0
    outer loop
      vertex 18.6709 -117.556 3
      vertex 18.7 -118 5
      vertex 18.7 -118 3
    endloop
  endfacet
  facet normal -0.946937 0.321419 0
    outer loop
      vertex 12.0159 -117.12 3
      vertex 12.1588 -116.699 5
      vertex 12.1588 -116.699 3
    endloop
  endfacet
  facet normal -0.946937 0.321419 0
    outer loop
      vertex 12.1588 -116.699 5
      vertex 12.0159 -117.12 3
      vertex 12.0159 -117.12 5
    endloop
  endfacet
  facet normal -0.896931 0.442171 0
    outer loop
      vertex 12.1588 -116.699 3
      vertex 12.3555 -116.3 5
      vertex 12.3555 -116.3 3
    endloop
  endfacet
  facet normal -0.896931 0.442171 0
    outer loop
      vertex 12.3555 -116.3 5
      vertex 12.1588 -116.699 3
      vertex 12.1588 -116.699 5
    endloop
  endfacet
  facet normal 0.0652057 0.997872 -0
    outer loop
      vertex 15.7438 -114.629 3
      vertex 15.3 -114.6 5
      vertex 15.7438 -114.629 5
    endloop
  endfacet
  facet normal 0.0652057 0.997872 0
    outer loop
      vertex 15.3 -114.6 5
      vertex 15.7438 -114.629 3
      vertex 15.3 -114.6 3
    endloop
  endfacet
  facet normal 0.442803 0.896619 -0
    outer loop
      vertex 17 -115.056 3
      vertex 16.6011 -114.859 5
      vertex 17 -115.056 5
    endloop
  endfacet
  facet normal 0.442803 0.896619 0
    outer loop
      vertex 16.6011 -114.859 5
      vertex 17 -115.056 3
      vertex 16.6011 -114.859 3
    endloop
  endfacet
  facet normal -0.659014 -0.752131 0
    outer loop
      vertex 12.8958 -120.404 3
      vertex 13.2302 -120.697 5
      vertex 12.8958 -120.404 5
    endloop
  endfacet
  facet normal -0.659014 -0.752131 -0
    outer loop
      vertex 13.2302 -120.697 5
      vertex 12.8958 -120.404 3
      vertex 13.2302 -120.697 3
    endloop
  endfacet
  facet normal 0.195597 -0.980684 0
    outer loop
      vertex 15.7438 -121.371 3
      vertex 16.18 -121.284 5
      vertex 15.7438 -121.371 5
    endloop
  endfacet
  facet normal 0.195597 -0.980684 0
    outer loop
      vertex 16.18 -121.284 5
      vertex 15.7438 -121.371 3
      vertex 16.18 -121.284 3
    endloop
  endfacet
  facet normal -0.980753 -0.195251 0
    outer loop
      vertex 12.0159 -118.88 3
      vertex 11.9291 -118.444 5
      vertex 11.9291 -118.444 3
    endloop
  endfacet
  facet normal -0.980753 -0.195251 0
    outer loop
      vertex 11.9291 -118.444 5
      vertex 12.0159 -118.88 3
      vertex 12.0159 -118.88 5
    endloop
  endfacet
  facet normal -0.0652057 -0.997872 0
    outer loop
      vertex 14.8562 -121.371 3
      vertex 15.3 -121.4 5
      vertex 14.8562 -121.371 5
    endloop
  endfacet
  facet normal -0.0652057 -0.997872 -0
    outer loop
      vertex 15.3 -121.4 5
      vertex 14.8562 -121.371 3
      vertex 15.3 -121.4 3
    endloop
  endfacet
  facet normal 0.321552 -0.946892 0
    outer loop
      vertex 16.18 -121.284 3
      vertex 16.6011 -121.141 5
      vertex 16.18 -121.284 5
    endloop
  endfacet
  facet normal 0.321552 -0.946892 0
    outer loop
      vertex 16.6011 -121.141 5
      vertex 16.18 -121.284 3
      vertex 16.6011 -121.141 3
    endloop
  endfacet
  facet normal 0.946937 -0.321419 0
    outer loop
      vertex 18.4412 -119.301 5
      vertex 18.5841 -118.88 3
      vertex 18.5841 -118.88 5
    endloop
  endfacet
  facet normal 0.946937 -0.321419 0
    outer loop
      vertex 18.5841 -118.88 3
      vertex 18.4412 -119.301 5
      vertex 18.4412 -119.301 3
    endloop
  endfacet
  facet normal -0.442803 0.896619 0
    outer loop
      vertex 13.9989 -114.859 3
      vertex 13.6 -115.056 5
      vertex 13.9989 -114.859 5
    endloop
  endfacet
  facet normal -0.442803 0.896619 0
    outer loop
      vertex 13.6 -115.056 5
      vertex 13.9989 -114.859 3
      vertex 13.6 -115.056 3
    endloop
  endfacet
  facet normal 0.831601 0.555374 0
    outer loop
      vertex 18.2445 -116.3 5
      vertex 17.9974 -115.93 3
      vertex 17.9974 -115.93 5
    endloop
  endfacet
  facet normal 0.831601 0.555374 0
    outer loop
      vertex 17.9974 -115.93 3
      vertex 18.2445 -116.3 5
      vertex 18.2445 -116.3 3
    endloop
  endfacet
  facet normal -0.195597 0.980684 0
    outer loop
      vertex 14.8562 -114.629 3
      vertex 14.42 -114.716 5
      vertex 14.8562 -114.629 5
    endloop
  endfacet
  facet normal -0.195597 0.980684 0
    outer loop
      vertex 14.42 -114.716 5
      vertex 14.8562 -114.629 3
      vertex 14.42 -114.716 3
    endloop
  endfacet
  facet normal -0.555426 0.831566 0
    outer loop
      vertex 13.6 -115.056 3
      vertex 13.2302 -115.303 5
      vertex 13.6 -115.056 5
    endloop
  endfacet
  facet normal -0.555426 0.831566 0
    outer loop
      vertex 13.2302 -115.303 5
      vertex 13.6 -115.056 3
      vertex 13.2302 -115.303 3
    endloop
  endfacet
  facet normal -0.997859 0.0654002 0
    outer loop
      vertex 11.9 -118 3
      vertex 11.9291 -117.556 5
      vertex 11.9291 -117.556 3
    endloop
  endfacet
  facet normal -0.997859 0.0654002 0
    outer loop
      vertex 11.9291 -117.556 5
      vertex 11.9 -118 3
      vertex 11.9 -118 5
    endloop
  endfacet
  facet normal -0.831601 -0.555374 0
    outer loop
      vertex 12.6026 -120.07 3
      vertex 12.3555 -119.7 5
      vertex 12.3555 -119.7 3
    endloop
  endfacet
  facet normal -0.831601 -0.555374 0
    outer loop
      vertex 12.3555 -119.7 5
      vertex 12.6026 -120.07 3
      vertex 12.6026 -120.07 5
    endloop
  endfacet
  facet normal -0.946937 -0.321419 0
    outer loop
      vertex 12.1588 -119.301 3
      vertex 12.0159 -118.88 5
      vertex 12.0159 -118.88 3
    endloop
  endfacet
  facet normal -0.946937 -0.321419 0
    outer loop
      vertex 12.0159 -118.88 5
      vertex 12.1588 -119.301 3
      vertex 12.1588 -119.301 5
    endloop
  endfacet
  facet normal 0.659014 0.752131 -0
    outer loop
      vertex 17.7042 -115.596 3
      vertex 17.3698 -115.303 5
      vertex 17.7042 -115.596 5
    endloop
  endfacet
  facet normal 0.659014 0.752131 0
    outer loop
      vertex 17.3698 -115.303 5
      vertex 17.7042 -115.596 3
      vertex 17.3698 -115.303 3
    endloop
  endfacet
  facet normal 0.0654715 0 -0.997854
    outer loop
      vertex 0 -90.75 37.6
      vertex 0.509051 -87.75 37.6334
      vertex 0.509051 -90.75 37.6334
    endloop
  endfacet
  facet normal 0.0654715 0 -0.997854
    outer loop
      vertex 0.509051 -87.75 37.6334
      vertex 0 -90.75 37.6
      vertex 0 -87.75 37.6
    endloop
  endfacet
  facet normal 0.980784 -0 0.195098
    outer loop
      vertex 3.76711 -90.75 42.5094
      vertex 3.86663 -87.75 42.0091
      vertex 3.76711 -87.75 42.5094
    endloop
  endfacet
  facet normal 0.980784 0 0.195098
    outer loop
      vertex 3.86663 -87.75 42.0091
      vertex 3.76711 -90.75 42.5094
      vertex 3.86663 -90.75 42.0091
    endloop
  endfacet
  facet normal 0.997859 -0 0.0654067
    outer loop
      vertex 3.86663 -90.75 42.0091
      vertex 3.9 -87.75 41.5
      vertex 3.86663 -87.75 42.0091
    endloop
  endfacet
  facet normal 0.997859 0 0.0654067
    outer loop
      vertex 3.9 -87.75 41.5
      vertex 3.86663 -90.75 42.0091
      vertex 3.9 -90.75 41.5
    endloop
  endfacet
  facet normal 0.946936 -0 0.321421
    outer loop
      vertex 3.60313 -90.75 42.9925
      vertex 3.76711 -87.75 42.5094
      vertex 3.60313 -87.75 42.9925
    endloop
  endfacet
  facet normal 0.946936 0 0.321421
    outer loop
      vertex 3.76711 -87.75 42.5094
      vertex 3.60313 -90.75 42.9925
      vertex 3.76711 -90.75 42.5094
    endloop
  endfacet
  facet normal 0.321468 0 0.94692
    outer loop
      vertex 1.00939 -87.75 45.2671
      vertex 1.49247 -90.75 45.1031
      vertex 1.49247 -87.75 45.1031
    endloop
  endfacet
  facet normal 0.321468 0 0.94692
    outer loop
      vertex 1.49247 -90.75 45.1031
      vertex 1.00939 -87.75 45.2671
      vertex 1.00939 -90.75 45.2671
    endloop
  endfacet
  facet normal 0.0654715 0 0.997854
    outer loop
      vertex 0 -87.75 45.4
      vertex 0.509051 -90.75 45.3666
      vertex 0.509051 -87.75 45.3666
    endloop
  endfacet
  facet normal 0.0654715 0 0.997854
    outer loop
      vertex 0.509051 -90.75 45.3666
      vertex 0 -87.75 45.4
      vertex 0 -90.75 45.4
    endloop
  endfacet
  facet normal -0.659385 0 -0.751805
    outer loop
      vertex -2.75772 -90.75 38.7423
      vertex -2.37417 -87.75 38.4059
      vertex -2.37417 -90.75 38.4059
    endloop
  endfacet
  facet normal -0.659385 0 -0.751805
    outer loop
      vertex -2.37417 -87.75 38.4059
      vertex -2.75772 -90.75 38.7423
      vertex -2.75772 -87.75 38.7423
    endloop
  endfacet
  facet normal -0.997859 0 -0.0654067
    outer loop
      vertex -3.86663 -90.75 40.9909
      vertex -3.9 -87.75 41.5
      vertex -3.86663 -87.75 40.9909
    endloop
  endfacet
  facet normal -0.997859 -0 -0.0654067
    outer loop
      vertex -3.9 -87.75 41.5
      vertex -3.86663 -90.75 40.9909
      vertex -3.9 -90.75 41.5
    endloop
  endfacet
  facet normal -0.659385 0 0.751805
    outer loop
      vertex -2.75772 -87.75 44.2577
      vertex -2.37417 -90.75 44.5941
      vertex -2.37417 -87.75 44.5941
    endloop
  endfacet
  facet normal -0.659385 0 0.751805
    outer loop
      vertex -2.37417 -90.75 44.5941
      vertex -2.75772 -87.75 44.2577
      vertex -2.75772 -90.75 44.2577
    endloop
  endfacet
  facet normal 0.751801 -0 0.65939
    outer loop
      vertex 2.75772 -90.75 44.2577
      vertex 3.09408 -87.75 43.8742
      vertex 2.75772 -87.75 44.2577
    endloop
  endfacet
  facet normal 0.751801 0 0.65939
    outer loop
      vertex 3.09408 -87.75 43.8742
      vertex 2.75772 -90.75 44.2577
      vertex 3.09408 -90.75 43.8742
    endloop
  endfacet
  facet normal 0.997859 0 -0.0654067
    outer loop
      vertex 3.9 -90.75 41.5
      vertex 3.86663 -87.75 40.9909
      vertex 3.9 -87.75 41.5
    endloop
  endfacet
  facet normal 0.997859 0 -0.0654067
    outer loop
      vertex 3.86663 -87.75 40.9909
      vertex 3.9 -90.75 41.5
      vertex 3.86663 -90.75 40.9909
    endloop
  endfacet
  facet normal 0.442243 0 0.896895
    outer loop
      vertex 1.49247 -87.75 45.1031
      vertex 1.95 -90.75 44.8775
      vertex 1.95 -87.75 44.8775
    endloop
  endfacet
  facet normal 0.442243 0 0.896895
    outer loop
      vertex 1.95 -90.75 44.8775
      vertex 1.49247 -87.75 45.1031
      vertex 1.49247 -90.75 45.1031
    endloop
  endfacet
  facet normal 0.89686 0 -0.442314
    outer loop
      vertex 3.60313 -90.75 40.0075
      vertex 3.3775 -87.75 39.55
      vertex 3.60313 -87.75 40.0075
    endloop
  endfacet
  facet normal 0.89686 0 -0.442314
    outer loop
      vertex 3.3775 -87.75 39.55
      vertex 3.60313 -90.75 40.0075
      vertex 3.3775 -90.75 39.55
    endloop
  endfacet
  facet normal -0.321468 0 -0.94692
    outer loop
      vertex -1.49247 -90.75 37.8969
      vertex -1.00939 -87.75 37.7329
      vertex -1.00939 -90.75 37.7329
    endloop
  endfacet
  facet normal -0.321468 0 -0.94692
    outer loop
      vertex -1.00939 -87.75 37.7329
      vertex -1.49247 -90.75 37.8969
      vertex -1.49247 -87.75 37.8969
    endloop
  endfacet
  facet normal 0.831489 -0 0.555541
    outer loop
      vertex 3.09408 -90.75 43.8742
      vertex 3.3775 -87.75 43.45
      vertex 3.09408 -87.75 43.8742
    endloop
  endfacet
  facet normal 0.831489 0 0.555541
    outer loop
      vertex 3.3775 -87.75 43.45
      vertex 3.09408 -90.75 43.8742
      vertex 3.3775 -90.75 43.45
    endloop
  endfacet
  facet normal 0.89686 -0 0.442314
    outer loop
      vertex 3.3775 -90.75 43.45
      vertex 3.60313 -87.75 42.9925
      vertex 3.3775 -87.75 43.45
    endloop
  endfacet
  facet normal 0.89686 0 0.442314
    outer loop
      vertex 3.60313 -87.75 42.9925
      vertex 3.3775 -90.75 43.45
      vertex 3.60313 -90.75 42.9925
    endloop
  endfacet
  facet normal -0.831489 0 -0.555541
    outer loop
      vertex -3.09408 -90.75 39.1258
      vertex -3.3775 -87.75 39.55
      vertex -3.09408 -87.75 39.1258
    endloop
  endfacet
  facet normal -0.831489 -0 -0.555541
    outer loop
      vertex -3.3775 -87.75 39.55
      vertex -3.09408 -90.75 39.1258
      vertex -3.3775 -90.75 39.55
    endloop
  endfacet
  facet normal 0.442243 0 -0.896895
    outer loop
      vertex 1.49247 -90.75 37.8969
      vertex 1.95 -87.75 38.1225
      vertex 1.95 -90.75 38.1225
    endloop
  endfacet
  facet normal 0.442243 0 -0.896895
    outer loop
      vertex 1.95 -87.75 38.1225
      vertex 1.49247 -90.75 37.8969
      vertex 1.49247 -87.75 37.8969
    endloop
  endfacet
  facet normal -0.997859 0 0.0654067
    outer loop
      vertex -3.9 -90.75 41.5
      vertex -3.86663 -87.75 42.0091
      vertex -3.9 -87.75 41.5
    endloop
  endfacet
  facet normal -0.997859 0 0.0654067
    outer loop
      vertex -3.86663 -87.75 42.0091
      vertex -3.9 -90.75 41.5
      vertex -3.86663 -90.75 42.0091
    endloop
  endfacet
  facet normal -0.442243 0 0.896895
    outer loop
      vertex -1.95 -87.75 44.8775
      vertex -1.49247 -90.75 45.1031
      vertex -1.49247 -87.75 45.1031
    endloop
  endfacet
  facet normal -0.442243 0 0.896895
    outer loop
      vertex -1.49247 -90.75 45.1031
      vertex -1.95 -87.75 44.8775
      vertex -1.95 -90.75 44.8775
    endloop
  endfacet
  facet normal 0.195046 0 0.980794
    outer loop
      vertex 0.509051 -87.75 45.3666
      vertex 1.00939 -90.75 45.2671
      vertex 1.00939 -87.75 45.2671
    endloop
  endfacet
  facet normal 0.195046 0 0.980794
    outer loop
      vertex 1.00939 -90.75 45.2671
      vertex 0.509051 -87.75 45.3666
      vertex 0.509051 -90.75 45.3666
    endloop
  endfacet
  facet normal -0.751801 0 0.65939
    outer loop
      vertex -3.09408 -90.75 43.8742
      vertex -2.75772 -87.75 44.2577
      vertex -3.09408 -87.75 43.8742
    endloop
  endfacet
  facet normal -0.751801 0 0.65939
    outer loop
      vertex -2.75772 -87.75 44.2577
      vertex -3.09408 -90.75 43.8742
      vertex -2.75772 -90.75 44.2577
    endloop
  endfacet
  facet normal 0.946936 0 -0.321421
    outer loop
      vertex 3.76711 -90.75 40.4906
      vertex 3.60313 -87.75 40.0075
      vertex 3.76711 -87.75 40.4906
    endloop
  endfacet
  facet normal 0.946936 0 -0.321421
    outer loop
      vertex 3.60313 -87.75 40.0075
      vertex 3.76711 -90.75 40.4906
      vertex 3.60313 -90.75 40.0075
    endloop
  endfacet
  facet normal 0 -1 0
    outer loop
      vertex 0 -90.75 43.5
      vertex 0 -90.75 45.4
      vertex -0.509051 -90.75 45.3666
    endloop
  endfacet
  facet normal 0 -1 0
    outer loop
      vertex -0.517637 -90.75 43.4319
      vertex -0.509051 -90.75 45.3666
      vertex -1.00939 -90.75 45.2671
    endloop
  endfacet
  facet normal 0 -1 0
    outer loop
      vertex 0 -90.75 45.4
      vertex 0 -90.75 43.5
      vertex 0.509051 -90.75 45.3666
    endloop
  endfacet
  facet normal 0 -1 0
    outer loop
      vertex -0.517637 -90.75 43.4319
      vertex -1.00939 -90.75 45.2671
      vertex -1.49247 -90.75 45.1031
    endloop
  endfacet
  facet normal 0 -1 0
    outer loop
      vertex 0.517637 -90.75 43.4319
      vertex 0.509051 -90.75 45.3666
      vertex 0 -90.75 43.5
    endloop
  endfacet
  facet normal 0 -1 0
    outer loop
      vertex -1 -90.75 43.2321
      vertex -1.49247 -90.75 45.1031
      vertex -1.95 -90.75 44.8775
    endloop
  endfacet
  facet normal 0 -1 0
    outer loop
      vertex 0.509051 -90.75 45.3666
      vertex 0.517637 -90.75 43.4319
      vertex 1.00939 -90.75 45.2671
    endloop
  endfacet
  facet normal 0 -1 0
    outer loop
      vertex -1 -90.75 43.2321
      vertex -1.95 -90.75 44.8775
      vertex -2.37417 -90.75 44.5941
    endloop
  endfacet
  facet normal 0 -1 -0
    outer loop
      vertex 1.00939 -90.75 45.2671
      vertex 0.517637 -90.75 43.4319
      vertex 1.49247 -90.75 45.1031
    endloop
  endfacet
  facet normal 0 -1 0
    outer loop
      vertex -1.41421 -90.75 42.9142
      vertex -2.37417 -90.75 44.5941
      vertex -2.75772 -90.75 44.2577
    endloop
  endfacet
  facet normal 0 -1 0
    outer loop
      vertex 1 -90.75 43.2321
      vertex 1.49247 -90.75 45.1031
      vertex 0.517637 -90.75 43.4319
    endloop
  endfacet
  facet normal 0 -1 0
    outer loop
      vertex -1.41421 -90.75 42.9142
      vertex -2.75772 -90.75 44.2577
      vertex -3.09408 -90.75 43.8742
    endloop
  endfacet
  facet normal 0 -1 -0
    outer loop
      vertex 1.49247 -90.75 45.1031
      vertex 1 -90.75 43.2321
      vertex 1.95 -90.75 44.8775
    endloop
  endfacet
  facet normal 0 -1 -0
    outer loop
      vertex 1.95 -90.75 44.8775
      vertex 1 -90.75 43.2321
      vertex 2.37417 -90.75 44.5941
    endloop
  endfacet
  facet normal 0 -1 0
    outer loop
      vertex -1.73205 -90.75 42.5
      vertex -3.09408 -90.75 43.8742
      vertex -3.3775 -90.75 43.45
    endloop
  endfacet
  facet normal 0 -1 -0
    outer loop
      vertex -0.509051 -90.75 45.3666
      vertex -0.517637 -90.75 43.4319
      vertex 0 -90.75 43.5
    endloop
  endfacet
  facet normal 0 -1 0
    outer loop
      vertex -1.49247 -90.75 45.1031
      vertex -1 -90.75 43.2321
      vertex -0.517637 -90.75 43.4319
    endloop
  endfacet
  facet normal 0 -1 0
    outer loop
      vertex -1.73205 -90.75 42.5
      vertex -3.3775 -90.75 43.45
      vertex -3.60313 -90.75 42.9925
    endloop
  endfacet
  facet normal 0 -1 0
    outer loop
      vertex -2.37417 -90.75 44.5941
      vertex -1.41421 -90.75 42.9142
      vertex -1 -90.75 43.2321
    endloop
  endfacet
  facet normal 0 -1 0
    outer loop
      vertex -1.93185 -90.75 42.0176
      vertex -3.60313 -90.75 42.9925
      vertex -3.76711 -90.75 42.5094
    endloop
  endfacet
  facet normal 0 -1 0
    outer loop
      vertex -3.09408 -90.75 43.8742
      vertex -1.73205 -90.75 42.5
      vertex -1.41421 -90.75 42.9142
    endloop
  endfacet
  facet normal 0 -1 0
    outer loop
      vertex -3.60313 -90.75 42.9925
      vertex -1.93185 -90.75 42.0176
      vertex -1.73205 -90.75 42.5
    endloop
  endfacet
  facet normal 0 -1 0
    outer loop
      vertex -3.86663 -90.75 42.0091
      vertex -1.93185 -90.75 42.0176
      vertex -3.76711 -90.75 42.5094
    endloop
  endfacet
  facet normal 0 -1 0
    outer loop
      vertex -2 -90.75 41.5
      vertex -3.86663 -90.75 42.0091
      vertex -3.9 -90.75 41.5
    endloop
  endfacet
  facet normal 0 -1 0
    outer loop
      vertex -3.86663 -90.75 42.0091
      vertex -2 -90.75 41.5
      vertex -1.93185 -90.75 42.0176
    endloop
  endfacet
  facet normal 0 -1 0
    outer loop
      vertex -3.86663 -90.75 40.9909
      vertex -2 -90.75 41.5
      vertex -3.9 -90.75 41.5
    endloop
  endfacet
  facet normal 0 -1 0
    outer loop
      vertex -3.86663 -90.75 40.9909
      vertex -1.93185 -90.75 40.9824
      vertex -2 -90.75 41.5
    endloop
  endfacet
  facet normal 0 -1 0
    outer loop
      vertex -3.76711 -90.75 40.4906
      vertex -1.93185 -90.75 40.9824
      vertex -3.86663 -90.75 40.9909
    endloop
  endfacet
  facet normal 0 -1 0
    outer loop
      vertex -3.60313 -90.75 40.0075
      vertex -1.93185 -90.75 40.9824
      vertex -3.76711 -90.75 40.4906
    endloop
  endfacet
  facet normal 0 -1 -0
    outer loop
      vertex -1.93185 -90.75 40.9824
      vertex -3.60313 -90.75 40.0075
      vertex -1.73205 -90.75 40.5
    endloop
  endfacet
  facet normal 0 -1 0
    outer loop
      vertex -3.3775 -90.75 39.55
      vertex -1.73205 -90.75 40.5
      vertex -3.60313 -90.75 40.0075
    endloop
  endfacet
  facet normal 0 -1 0
    outer loop
      vertex -3.09408 -90.75 39.1258
      vertex -1.73205 -90.75 40.5
      vertex -3.3775 -90.75 39.55
    endloop
  endfacet
  facet normal 0 -1 -0
    outer loop
      vertex -1.73205 -90.75 40.5
      vertex -3.09408 -90.75 39.1258
      vertex -1.41421 -90.75 40.0858
    endloop
  endfacet
  facet normal 0 -1 0
    outer loop
      vertex -2.75772 -90.75 38.7423
      vertex -1.41421 -90.75 40.0858
      vertex -3.09408 -90.75 39.1258
    endloop
  endfacet
  facet normal 0 -1 0
    outer loop
      vertex -2.37417 -90.75 38.4059
      vertex -1.41421 -90.75 40.0858
      vertex -2.75772 -90.75 38.7423
    endloop
  endfacet
  facet normal 0 -1 -0
    outer loop
      vertex -1.41421 -90.75 40.0858
      vertex -2.37417 -90.75 38.4059
      vertex -1 -90.75 39.768
    endloop
  endfacet
  facet normal 0 -1 0
    outer loop
      vertex 1.41421 -90.75 42.9142
      vertex 2.37417 -90.75 44.5941
      vertex 1 -90.75 43.2321
    endloop
  endfacet
  facet normal 0 -1 -0
    outer loop
      vertex 2.37417 -90.75 44.5941
      vertex 1.41421 -90.75 42.9142
      vertex 2.75772 -90.75 44.2577
    endloop
  endfacet
  facet normal 0 -1 -0
    outer loop
      vertex 2.75772 -90.75 44.2577
      vertex 1.41421 -90.75 42.9142
      vertex 3.09408 -90.75 43.8742
    endloop
  endfacet
  facet normal 0 -1 0
    outer loop
      vertex 1.73205 -90.75 42.5
      vertex 3.09408 -90.75 43.8742
      vertex 1.41421 -90.75 42.9142
    endloop
  endfacet
  facet normal 0 -1 -0
    outer loop
      vertex 3.09408 -90.75 43.8742
      vertex 1.73205 -90.75 42.5
      vertex 3.3775 -90.75 43.45
    endloop
  endfacet
  facet normal 0 -1 -0
    outer loop
      vertex 3.3775 -90.75 43.45
      vertex 1.73205 -90.75 42.5
      vertex 3.60313 -90.75 42.9925
    endloop
  endfacet
  facet normal 0 -1 0
    outer loop
      vertex 1.93185 -90.75 42.0176
      vertex 3.60313 -90.75 42.9925
      vertex 1.73205 -90.75 42.5
    endloop
  endfacet
  facet normal 0 -1 -0
    outer loop
      vertex 3.60313 -90.75 42.9925
      vertex 1.93185 -90.75 42.0176
      vertex 3.76711 -90.75 42.5094
    endloop
  endfacet
  facet normal 0 -1 0
    outer loop
      vertex 1.93185 -90.75 42.0176
      vertex 3.86663 -90.75 42.0091
      vertex 3.76711 -90.75 42.5094
    endloop
  endfacet
  facet normal 0 -1 0
    outer loop
      vertex 2 -90.75 41.5
      vertex 3.86663 -90.75 42.0091
      vertex 1.93185 -90.75 42.0176
    endloop
  endfacet
  facet normal 0 -1 0
    outer loop
      vertex 2 -90.75 41.5
      vertex 3.9 -90.75 41.5
      vertex 3.86663 -90.75 42.0091
    endloop
  endfacet
  facet normal 0 -1 0
    outer loop
      vertex 2 -90.75 41.5
      vertex 3.86663 -90.75 40.9909
      vertex 3.9 -90.75 41.5
    endloop
  endfacet
  facet normal 0 -1 0
    outer loop
      vertex 1.93185 -90.75 40.9824
      vertex 3.86663 -90.75 40.9909
      vertex 2 -90.75 41.5
    endloop
  endfacet
  facet normal 0 -1 0
    outer loop
      vertex 3.60313 -90.75 40.0075
      vertex 1.93185 -90.75 40.9824
      vertex 1.73205 -90.75 40.5
    endloop
  endfacet
  facet normal 0 -1 0
    outer loop
      vertex 1.93185 -90.75 40.9824
      vertex 3.76711 -90.75 40.4906
      vertex 3.86663 -90.75 40.9909
    endloop
  endfacet
  facet normal 0 -1 0
    outer loop
      vertex 3.09408 -90.75 39.1258
      vertex 1.73205 -90.75 40.5
      vertex 1.41421 -90.75 40.0858
    endloop
  endfacet
  facet normal 0 -1 0
    outer loop
      vertex 1.93185 -90.75 40.9824
      vertex 3.60313 -90.75 40.0075
      vertex 3.76711 -90.75 40.4906
    endloop
  endfacet
  facet normal 0 -1 0
    outer loop
      vertex 2.37417 -90.75 38.4059
      vertex 1.41421 -90.75 40.0858
      vertex 1 -90.75 39.768
    endloop
  endfacet
  facet normal 0 -1 0
    outer loop
      vertex 1.49247 -90.75 37.8969
      vertex 1 -90.75 39.768
      vertex 0.517637 -90.75 39.5681
    endloop
  endfacet
  facet normal 0 -1 0
    outer loop
      vertex 1.73205 -90.75 40.5
      vertex 3.3775 -90.75 39.55
      vertex 3.60313 -90.75 40.0075
    endloop
  endfacet
  facet normal 0 -1 0
    outer loop
      vertex 0.509051 -90.75 37.6334
      vertex 0.517637 -90.75 39.5681
      vertex 0 -90.75 39.5
    endloop
  endfacet
  facet normal 0 -1 0
    outer loop
      vertex -1.95 -90.75 38.1225
      vertex -1 -90.75 39.768
      vertex -2.37417 -90.75 38.4059
    endloop
  endfacet
  facet normal 0 -1 0
    outer loop
      vertex 1.73205 -90.75 40.5
      vertex 3.09408 -90.75 39.1258
      vertex 3.3775 -90.75 39.55
    endloop
  endfacet
  facet normal 0 -1 0
    outer loop
      vertex -1.49247 -90.75 37.8969
      vertex -1 -90.75 39.768
      vertex -1.95 -90.75 38.1225
    endloop
  endfacet
  facet normal 0 -1 0
    outer loop
      vertex 1.41421 -90.75 40.0858
      vertex 2.75772 -90.75 38.7423
      vertex 3.09408 -90.75 39.1258
    endloop
  endfacet
  facet normal 0 -1 -0
    outer loop
      vertex -1 -90.75 39.768
      vertex -1.49247 -90.75 37.8969
      vertex -0.517637 -90.75 39.5681
    endloop
  endfacet
  facet normal 0 -1 0
    outer loop
      vertex 1.41421 -90.75 40.0858
      vertex 2.37417 -90.75 38.4059
      vertex 2.75772 -90.75 38.7423
    endloop
  endfacet
  facet normal 0 -1 0
    outer loop
      vertex -1.00939 -90.75 37.7329
      vertex -0.517637 -90.75 39.5681
      vertex -1.49247 -90.75 37.8969
    endloop
  endfacet
  facet normal 0 -1 0
    outer loop
      vertex 1 -90.75 39.768
      vertex 1.95 -90.75 38.1225
      vertex 2.37417 -90.75 38.4059
    endloop
  endfacet
  facet normal 0 -1 0
    outer loop
      vertex -0.509051 -90.75 37.6334
      vertex -0.517637 -90.75 39.5681
      vertex -1.00939 -90.75 37.7329
    endloop
  endfacet
  facet normal 0 -1 0
    outer loop
      vertex 1 -90.75 39.768
      vertex 1.49247 -90.75 37.8969
      vertex 1.95 -90.75 38.1225
    endloop
  endfacet
  facet normal 0 -1 0
    outer loop
      vertex -0.517637 -90.75 39.5681
      vertex -0.509051 -90.75 37.6334
      vertex 0 -90.75 39.5
    endloop
  endfacet
  facet normal 0 -1 0
    outer loop
      vertex 0.517637 -90.75 39.5681
      vertex 1.00939 -90.75 37.7329
      vertex 1.49247 -90.75 37.8969
    endloop
  endfacet
  facet normal 0 -1 0
    outer loop
      vertex 0 -90.75 37.6
      vertex 0 -90.75 39.5
      vertex -0.509051 -90.75 37.6334
    endloop
  endfacet
  facet normal 0 -1 -0
    outer loop
      vertex 0.517637 -90.75 39.5681
      vertex 0.509051 -90.75 37.6334
      vertex 1.00939 -90.75 37.7329
    endloop
  endfacet
  facet normal 0 -1 0
    outer loop
      vertex 0 -90.75 39.5
      vertex 0 -90.75 37.6
      vertex 0.509051 -90.75 37.6334
    endloop
  endfacet
  facet normal -0.980784 0 0.195098
    outer loop
      vertex -3.86663 -90.75 42.0091
      vertex -3.76711 -87.75 42.5094
      vertex -3.86663 -87.75 42.0091
    endloop
  endfacet
  facet normal -0.980784 0 0.195098
    outer loop
      vertex -3.76711 -87.75 42.5094
      vertex -3.86663 -90.75 42.0091
      vertex -3.76711 -90.75 42.5094
    endloop
  endfacet
  facet normal -0.442243 0 -0.896895
    outer loop
      vertex -1.95 -90.75 38.1225
      vertex -1.49247 -87.75 37.8969
      vertex -1.49247 -90.75 37.8969
    endloop
  endfacet
  facet normal -0.442243 0 -0.896895
    outer loop
      vertex -1.49247 -87.75 37.8969
      vertex -1.95 -90.75 38.1225
      vertex -1.95 -87.75 38.1225
    endloop
  endfacet
  facet normal -0.555541 0 0.831489
    outer loop
      vertex -2.37417 -87.75 44.5941
      vertex -1.95 -90.75 44.8775
      vertex -1.95 -87.75 44.8775
    endloop
  endfacet
  facet normal -0.555541 0 0.831489
    outer loop
      vertex -1.95 -90.75 44.8775
      vertex -2.37417 -87.75 44.5941
      vertex -2.37417 -90.75 44.5941
    endloop
  endfacet
  facet normal 0.659385 0 -0.751805
    outer loop
      vertex 2.37417 -90.75 38.4059
      vertex 2.75772 -87.75 38.7423
      vertex 2.75772 -90.75 38.7423
    endloop
  endfacet
  facet normal 0.659385 0 -0.751805
    outer loop
      vertex 2.75772 -87.75 38.7423
      vertex 2.37417 -90.75 38.4059
      vertex 2.37417 -87.75 38.4059
    endloop
  endfacet
  facet normal -0.321468 0 0.94692
    outer loop
      vertex -1.49247 -87.75 45.1031
      vertex -1.00939 -90.75 45.2671
      vertex -1.00939 -87.75 45.2671
    endloop
  endfacet
  facet normal -0.321468 0 0.94692
    outer loop
      vertex -1.00939 -90.75 45.2671
      vertex -1.49247 -87.75 45.1031
      vertex -1.49247 -90.75 45.1031
    endloop
  endfacet
  facet normal 0.831489 0 -0.555541
    outer loop
      vertex 3.3775 -90.75 39.55
      vertex 3.09408 -87.75 39.1258
      vertex 3.3775 -87.75 39.55
    endloop
  endfacet
  facet normal 0.831489 0 -0.555541
    outer loop
      vertex 3.09408 -87.75 39.1258
      vertex 3.3775 -90.75 39.55
      vertex 3.09408 -90.75 39.1258
    endloop
  endfacet
  facet normal 0.555541 0 -0.831489
    outer loop
      vertex 1.95 -90.75 38.1225
      vertex 2.37417 -87.75 38.4059
      vertex 2.37417 -90.75 38.4059
    endloop
  endfacet
  facet normal 0.555541 0 -0.831489
    outer loop
      vertex 2.37417 -87.75 38.4059
      vertex 1.95 -90.75 38.1225
      vertex 1.95 -87.75 38.1225
    endloop
  endfacet
  facet normal 0.751801 0 -0.65939
    outer loop
      vertex 3.09408 -90.75 39.1258
      vertex 2.75772 -87.75 38.7423
      vertex 3.09408 -87.75 39.1258
    endloop
  endfacet
  facet normal 0.751801 0 -0.65939
    outer loop
      vertex 2.75772 -87.75 38.7423
      vertex 3.09408 -90.75 39.1258
      vertex 2.75772 -90.75 38.7423
    endloop
  endfacet
  facet normal 0.980784 0 -0.195098
    outer loop
      vertex 3.86663 -90.75 40.9909
      vertex 3.76711 -87.75 40.4906
      vertex 3.86663 -87.75 40.9909
    endloop
  endfacet
  facet normal 0.980784 0 -0.195098
    outer loop
      vertex 3.76711 -87.75 40.4906
      vertex 3.86663 -90.75 40.9909
      vertex 3.76711 -90.75 40.4906
    endloop
  endfacet
  facet normal -0.0654715 0 0.997854
    outer loop
      vertex -0.509051 -87.75 45.3666
      vertex 0 -90.75 45.4
      vertex 0 -87.75 45.4
    endloop
  endfacet
  facet normal -0.0654715 0 0.997854
    outer loop
      vertex 0 -90.75 45.4
      vertex -0.509051 -87.75 45.3666
      vertex -0.509051 -90.75 45.3666
    endloop
  endfacet
  facet normal -0.89686 0 -0.442314
    outer loop
      vertex -3.3775 -90.75 39.55
      vertex -3.60313 -87.75 40.0075
      vertex -3.3775 -87.75 39.55
    endloop
  endfacet
  facet normal -0.89686 -0 -0.442314
    outer loop
      vertex -3.60313 -87.75 40.0075
      vertex -3.3775 -90.75 39.55
      vertex -3.60313 -90.75 40.0075
    endloop
  endfacet
  facet normal -0.555541 0 -0.831489
    outer loop
      vertex -2.37417 -90.75 38.4059
      vertex -1.95 -87.75 38.1225
      vertex -1.95 -90.75 38.1225
    endloop
  endfacet
  facet normal -0.555541 0 -0.831489
    outer loop
      vertex -1.95 -87.75 38.1225
      vertex -2.37417 -90.75 38.4059
      vertex -2.37417 -87.75 38.4059
    endloop
  endfacet
  facet normal -0.89686 0 0.442314
    outer loop
      vertex -3.60313 -90.75 42.9925
      vertex -3.3775 -87.75 43.45
      vertex -3.60313 -87.75 42.9925
    endloop
  endfacet
  facet normal -0.89686 0 0.442314
    outer loop
      vertex -3.3775 -87.75 43.45
      vertex -3.60313 -90.75 42.9925
      vertex -3.3775 -90.75 43.45
    endloop
  endfacet
  facet normal 0.555541 0 0.831489
    outer loop
      vertex 1.95 -87.75 44.8775
      vertex 2.37417 -90.75 44.5941
      vertex 2.37417 -87.75 44.5941
    endloop
  endfacet
  facet normal 0.555541 0 0.831489
    outer loop
      vertex 2.37417 -90.75 44.5941
      vertex 1.95 -87.75 44.8775
      vertex 1.95 -90.75 44.8775
    endloop
  endfacet
  facet normal -0.980784 0 -0.195098
    outer loop
      vertex -3.76711 -90.75 40.4906
      vertex -3.86663 -87.75 40.9909
      vertex -3.76711 -87.75 40.4906
    endloop
  endfacet
  facet normal -0.980784 -0 -0.195098
    outer loop
      vertex -3.86663 -87.75 40.9909
      vertex -3.76711 -90.75 40.4906
      vertex -3.86663 -90.75 40.9909
    endloop
  endfacet
  facet normal 0.321468 0 -0.94692
    outer loop
      vertex 1.00939 -90.75 37.7329
      vertex 1.49247 -87.75 37.8969
      vertex 1.49247 -90.75 37.8969
    endloop
  endfacet
  facet normal 0.321468 0 -0.94692
    outer loop
      vertex 1.49247 -87.75 37.8969
      vertex 1.00939 -90.75 37.7329
      vertex 1.00939 -87.75 37.7329
    endloop
  endfacet
  facet normal 0 -1 0
    outer loop
      vertex -12 -87.75 55
      vertex 0 -87.75 45.4
      vertex 12 -87.75 55
    endloop
  endfacet
  facet normal 0 -1 0
    outer loop
      vertex -12 -87.75 55
      vertex -0.509051 -87.75 45.3666
      vertex 0 -87.75 45.4
    endloop
  endfacet
  facet normal 0 -1 0
    outer loop
      vertex -12 -87.75 55
      vertex -1.00939 -87.75 45.2671
      vertex -0.509051 -87.75 45.3666
    endloop
  endfacet
  facet normal 0 -1 0
    outer loop
      vertex -12 -87.75 55
      vertex -1.49247 -87.75 45.1031
      vertex -1.00939 -87.75 45.2671
    endloop
  endfacet
  facet normal 0 -1 0
    outer loop
      vertex -12 -87.75 55
      vertex -1.95 -87.75 44.8775
      vertex -1.49247 -87.75 45.1031
    endloop
  endfacet
  facet normal 0 -1 0
    outer loop
      vertex -12 -87.75 55
      vertex -2.37417 -87.75 44.5941
      vertex -1.95 -87.75 44.8775
    endloop
  endfacet
  facet normal 0 -1 0
    outer loop
      vertex -12 -87.75 55
      vertex -2.75772 -87.75 44.2577
      vertex -2.37417 -87.75 44.5941
    endloop
  endfacet
  facet normal 0 -1 0
    outer loop
      vertex -12 -87.75 55
      vertex -3.09408 -87.75 43.8742
      vertex -2.75772 -87.75 44.2577
    endloop
  endfacet
  facet normal 0 -1 0
    outer loop
      vertex -12 -87.75 55
      vertex -3.3775 -87.75 43.45
      vertex -3.09408 -87.75 43.8742
    endloop
  endfacet
  facet normal 0 -1 0
    outer loop
      vertex -12 -87.75 55
      vertex -3.60313 -87.75 42.9925
      vertex -3.3775 -87.75 43.45
    endloop
  endfacet
  facet normal 0 -1 0
    outer loop
      vertex -12 -87.75 55
      vertex -3.76711 -87.75 42.5094
      vertex -3.60313 -87.75 42.9925
    endloop
  endfacet
  facet normal 0 -1 0
    outer loop
      vertex -12 -87.75 55
      vertex -3.86663 -87.75 42.0091
      vertex -3.76711 -87.75 42.5094
    endloop
  endfacet
  facet normal 0 -1 0
    outer loop
      vertex -12 -87.75 55
      vertex -3.9 -87.75 41.5
      vertex -3.86663 -87.75 42.0091
    endloop
  endfacet
  facet normal 0 -1 0
    outer loop
      vertex -12 -87.75 55
      vertex -3.86663 -87.75 40.9909
      vertex -3.9 -87.75 41.5
    endloop
  endfacet
  facet normal 0 -1 0
    outer loop
      vertex -12 -87.75 55
      vertex -3.76711 -87.75 40.4906
      vertex -3.86663 -87.75 40.9909
    endloop
  endfacet
  facet normal 0 -1 0
    outer loop
      vertex -12 -87.75 3
      vertex -3.76711 -87.75 40.4906
      vertex -12 -87.75 55
    endloop
  endfacet
  facet normal 0 -1 -0
    outer loop
      vertex -3.76711 -87.75 40.4906
      vertex -12 -87.75 3
      vertex -3.60313 -87.75 40.0075
    endloop
  endfacet
  facet normal 0 -1 0
    outer loop
      vertex -0.509051 -87.75 37.6334
      vertex 0 -87.75 15.4
      vertex 0 -87.75 37.6
    endloop
  endfacet
  facet normal 0 -1 0
    outer loop
      vertex -0.509051 -87.75 15.3666
      vertex -0.509051 -87.75 37.6334
      vertex -1.00939 -87.75 37.7329
    endloop
  endfacet
  facet normal 0 -1 0
    outer loop
      vertex -1.00939 -87.75 15.2671
      vertex -1.00939 -87.75 37.7329
      vertex -1.49247 -87.75 37.8969
    endloop
  endfacet
  facet normal 0 -1 0
    outer loop
      vertex -1.49247 -87.75 15.1031
      vertex -1.49247 -87.75 37.8969
      vertex -1.95 -87.75 38.1225
    endloop
  endfacet
  facet normal 0 -1 0
    outer loop
      vertex -1.95 -87.75 14.8775
      vertex -1.95 -87.75 38.1225
      vertex -2.37417 -87.75 38.4059
    endloop
  endfacet
  facet normal 0 -1 0
    outer loop
      vertex -2.37417 -87.75 14.5941
      vertex -2.37417 -87.75 38.4059
      vertex -2.75772 -87.75 38.7423
    endloop
  endfacet
  facet normal 0 -1 0
    outer loop
      vertex -2.75772 -87.75 14.2577
      vertex -2.75772 -87.75 38.7423
      vertex -3.09408 -87.75 39.1258
    endloop
  endfacet
  facet normal 0 -1 0
    outer loop
      vertex -3.09408 -87.75 13.8742
      vertex -3.09408 -87.75 39.1258
      vertex -3.3775 -87.75 39.55
    endloop
  endfacet
  facet normal 0 -1 -0
    outer loop
      vertex -3.60313 -87.75 40.0075
      vertex -12 -87.75 3
      vertex -3.3775 -87.75 39.55
    endloop
  endfacet
  facet normal 0 -1 0
    outer loop
      vertex -0.509051 -87.75 37.6334
      vertex -0.509051 -87.75 15.3666
      vertex 0 -87.75 15.4
    endloop
  endfacet
  facet normal 0 -1 0
    outer loop
      vertex -1.00939 -87.75 37.7329
      vertex -1.00939 -87.75 15.2671
      vertex -0.509051 -87.75 15.3666
    endloop
  endfacet
  facet normal 0 -1 0
    outer loop
      vertex -1.49247 -87.75 37.8969
      vertex -1.49247 -87.75 15.1031
      vertex -1.00939 -87.75 15.2671
    endloop
  endfacet
  facet normal 0 -1 0
    outer loop
      vertex -1.95 -87.75 38.1225
      vertex -1.95 -87.75 14.8775
      vertex -1.49247 -87.75 15.1031
    endloop
  endfacet
  facet normal 0 -1 0
    outer loop
      vertex -2.37417 -87.75 38.4059
      vertex -2.37417 -87.75 14.5941
      vertex -1.95 -87.75 14.8775
    endloop
  endfacet
  facet normal 0 -1 0
    outer loop
      vertex -2.75772 -87.75 38.7423
      vertex -2.75772 -87.75 14.2577
      vertex -2.37417 -87.75 14.5941
    endloop
  endfacet
  facet normal 0 -1 0
    outer loop
      vertex -3.09408 -87.75 39.1258
      vertex -3.09408 -87.75 13.8742
      vertex -2.75772 -87.75 14.2577
    endloop
  endfacet
  facet normal 0 -1 0
    outer loop
      vertex -3.3775 -87.75 39.55
      vertex -3.3775 -87.75 13.45
      vertex -3.09408 -87.75 13.8742
    endloop
  endfacet
  facet normal 0 -1 -0
    outer loop
      vertex -3.3775 -87.75 39.55
      vertex -12 -87.75 3
      vertex -3.3775 -87.75 13.45
    endloop
  endfacet
  facet normal 0 -1 0
    outer loop
      vertex -3.3775 -87.75 13.45
      vertex -12 -87.75 3
      vertex -3.60313 -87.75 12.9925
    endloop
  endfacet
  facet normal 0 -1 0
    outer loop
      vertex -3.60313 -87.75 12.9925
      vertex -12 -87.75 3
      vertex -3.76711 -87.75 12.5094
    endloop
  endfacet
  facet normal 0 -1 0
    outer loop
      vertex -3.76711 -87.75 12.5094
      vertex -12 -87.75 3
      vertex -3.86663 -87.75 12.0091
    endloop
  endfacet
  facet normal 0 -1 0
    outer loop
      vertex -3.86663 -87.75 12.0091
      vertex -12 -87.75 3
      vertex -3.9 -87.75 11.5
    endloop
  endfacet
  facet normal 0 -1 -0
    outer loop
      vertex -0.509051 -87.75 7.63337
      vertex -12 -87.75 3
      vertex 0 -87.75 7.6
    endloop
  endfacet
  facet normal 0 -1 -0
    outer loop
      vertex -1.00939 -87.75 7.73289
      vertex -12 -87.75 3
      vertex -0.509051 -87.75 7.63337
    endloop
  endfacet
  facet normal 0 -1 -0
    outer loop
      vertex -1.49247 -87.75 7.89687
      vertex -12 -87.75 3
      vertex -1.00939 -87.75 7.73289
    endloop
  endfacet
  facet normal 0 -1 -0
    outer loop
      vertex -1.95 -87.75 8.1225
      vertex -12 -87.75 3
      vertex -1.49247 -87.75 7.89687
    endloop
  endfacet
  facet normal 0 -1 -0
    outer loop
      vertex -2.37417 -87.75 8.40592
      vertex -12 -87.75 3
      vertex -1.95 -87.75 8.1225
    endloop
  endfacet
  facet normal 0 -1 -0
    outer loop
      vertex -2.75772 -87.75 8.74228
      vertex -12 -87.75 3
      vertex -2.37417 -87.75 8.40592
    endloop
  endfacet
  facet normal 0 -1 -0
    outer loop
      vertex -3.09408 -87.75 9.12583
      vertex -12 -87.75 3
      vertex -2.75772 -87.75 8.74228
    endloop
  endfacet
  facet normal 0 -1 -0
    outer loop
      vertex -3.3775 -87.75 9.55
      vertex -12 -87.75 3
      vertex -3.09408 -87.75 9.12583
    endloop
  endfacet
  facet normal 0 -1 -0
    outer loop
      vertex -3.60313 -87.75 10.0075
      vertex -12 -87.75 3
      vertex -3.3775 -87.75 9.55
    endloop
  endfacet
  facet normal 0 -1 -0
    outer loop
      vertex -3.76711 -87.75 10.4906
      vertex -12 -87.75 3
      vertex -3.60313 -87.75 10.0075
    endloop
  endfacet
  facet normal 0 -1 -0
    outer loop
      vertex -3.86663 -87.75 10.9909
      vertex -12 -87.75 3
      vertex -3.76711 -87.75 10.4906
    endloop
  endfacet
  facet normal 0 -1 -0
    outer loop
      vertex -3.9 -87.75 11.5
      vertex -12 -87.75 3
      vertex -3.86663 -87.75 10.9909
    endloop
  endfacet
  facet normal 0 -1 0
    outer loop
      vertex 0.509051 -87.75 45.3666
      vertex 12 -87.75 55
      vertex 0 -87.75 45.4
    endloop
  endfacet
  facet normal 0 -1 0
    outer loop
      vertex 1.00939 -87.75 45.2671
      vertex 12 -87.75 55
      vertex 0.509051 -87.75 45.3666
    endloop
  endfacet
  facet normal 0 -1 0
    outer loop
      vertex 1.49247 -87.75 45.1031
      vertex 12 -87.75 55
      vertex 1.00939 -87.75 45.2671
    endloop
  endfacet
  facet normal 0 -1 0
    outer loop
      vertex 1.95 -87.75 44.8775
      vertex 12 -87.75 55
      vertex 1.49247 -87.75 45.1031
    endloop
  endfacet
  facet normal 0 -1 0
    outer loop
      vertex 2.37417 -87.75 44.5941
      vertex 12 -87.75 55
      vertex 1.95 -87.75 44.8775
    endloop
  endfacet
  facet normal 0 -1 0
    outer loop
      vertex 2.75772 -87.75 44.2577
      vertex 12 -87.75 55
      vertex 2.37417 -87.75 44.5941
    endloop
  endfacet
  facet normal 0 -1 0
    outer loop
      vertex 3.09408 -87.75 43.8742
      vertex 12 -87.75 55
      vertex 2.75772 -87.75 44.2577
    endloop
  endfacet
  facet normal 0 -1 0
    outer loop
      vertex 3.3775 -87.75 43.45
      vertex 12 -87.75 55
      vertex 3.09408 -87.75 43.8742
    endloop
  endfacet
  facet normal 0 -1 0
    outer loop
      vertex 3.60313 -87.75 42.9925
      vertex 12 -87.75 55
      vertex 3.3775 -87.75 43.45
    endloop
  endfacet
  facet normal 0 -1 0
    outer loop
      vertex 3.76711 -87.75 42.5094
      vertex 12 -87.75 55
      vertex 3.60313 -87.75 42.9925
    endloop
  endfacet
  facet normal 0 -1 0
    outer loop
      vertex 3.86663 -87.75 42.0091
      vertex 12 -87.75 55
      vertex 3.76711 -87.75 42.5094
    endloop
  endfacet
  facet normal 0 -1 0
    outer loop
      vertex 3.9 -87.75 41.5
      vertex 12 -87.75 55
      vertex 3.86663 -87.75 42.0091
    endloop
  endfacet
  facet normal 0 -1 0
    outer loop
      vertex 3.86663 -87.75 40.9909
      vertex 12 -87.75 55
      vertex 3.9 -87.75 41.5
    endloop
  endfacet
  facet normal 0 -1 0
    outer loop
      vertex 3.76711 -87.75 40.4906
      vertex 12 -87.75 55
      vertex 3.86663 -87.75 40.9909
    endloop
  endfacet
  facet normal 0 -1 0
    outer loop
      vertex 12 -87.75 3
      vertex 3.76711 -87.75 40.4906
      vertex 3.60313 -87.75 40.0075
    endloop
  endfacet
  facet normal 0 -1 0
    outer loop
      vertex 12 -87.75 3
      vertex 3.60313 -87.75 40.0075
      vertex 3.3775 -87.75 39.55
    endloop
  endfacet
  facet normal 0 -1 0
    outer loop
      vertex 0 -87.75 15.4
      vertex 0.509051 -87.75 37.6334
      vertex 0 -87.75 37.6
    endloop
  endfacet
  facet normal 0 -1 0
    outer loop
      vertex 0.509051 -87.75 15.3666
      vertex 0.509051 -87.75 37.6334
      vertex 0 -87.75 15.4
    endloop
  endfacet
  facet normal 0 -1 0
    outer loop
      vertex 0.509051 -87.75 37.6334
      vertex 0.509051 -87.75 15.3666
      vertex 1.00939 -87.75 37.7329
    endloop
  endfacet
  facet normal 0 -1 0
    outer loop
      vertex 1.00939 -87.75 15.2671
      vertex 1.00939 -87.75 37.7329
      vertex 0.509051 -87.75 15.3666
    endloop
  endfacet
  facet normal 0 -1 0
    outer loop
      vertex 1.00939 -87.75 37.7329
      vertex 1.00939 -87.75 15.2671
      vertex 1.49247 -87.75 37.8969
    endloop
  endfacet
  facet normal 0 -1 0
    outer loop
      vertex 1.49247 -87.75 15.1031
      vertex 1.49247 -87.75 37.8969
      vertex 1.00939 -87.75 15.2671
    endloop
  endfacet
  facet normal 0 -1 0
    outer loop
      vertex 1.49247 -87.75 37.8969
      vertex 1.49247 -87.75 15.1031
      vertex 1.95 -87.75 38.1225
    endloop
  endfacet
  facet normal 0 -1 0
    outer loop
      vertex 1.95 -87.75 14.8775
      vertex 1.95 -87.75 38.1225
      vertex 1.49247 -87.75 15.1031
    endloop
  endfacet
  facet normal 0 -1 0
    outer loop
      vertex 1.95 -87.75 38.1225
      vertex 1.95 -87.75 14.8775
      vertex 2.37417 -87.75 38.4059
    endloop
  endfacet
  facet normal 0 -1 0
    outer loop
      vertex 2.37417 -87.75 14.5941
      vertex 2.37417 -87.75 38.4059
      vertex 1.95 -87.75 14.8775
    endloop
  endfacet
  facet normal 0 -1 0
    outer loop
      vertex 2.37417 -87.75 38.4059
      vertex 2.37417 -87.75 14.5941
      vertex 2.75772 -87.75 38.7423
    endloop
  endfacet
  facet normal 0 -1 0
    outer loop
      vertex 2.75772 -87.75 14.2577
      vertex 2.75772 -87.75 38.7423
      vertex 2.37417 -87.75 14.5941
    endloop
  endfacet
  facet normal 0 -1 0
    outer loop
      vertex 2.75772 -87.75 38.7423
      vertex 2.75772 -87.75 14.2577
      vertex 3.09408 -87.75 39.1258
    endloop
  endfacet
  facet normal 0 -1 0
    outer loop
      vertex 3.09408 -87.75 13.8742
      vertex 3.09408 -87.75 39.1258
      vertex 2.75772 -87.75 14.2577
    endloop
  endfacet
  facet normal 0 -1 0
    outer loop
      vertex 3.09408 -87.75 39.1258
      vertex 3.09408 -87.75 13.8742
      vertex 3.3775 -87.75 39.55
    endloop
  endfacet
  facet normal 0 -1 0
    outer loop
      vertex 3.3775 -87.75 13.45
      vertex 3.3775 -87.75 39.55
      vertex 3.09408 -87.75 13.8742
    endloop
  endfacet
  facet normal 0 -1 0
    outer loop
      vertex 12 -87.75 3
      vertex 3.3775 -87.75 39.55
      vertex 3.3775 -87.75 13.45
    endloop
  endfacet
  facet normal 0 -1 0
    outer loop
      vertex 12 -87.75 3
      vertex 3.3775 -87.75 13.45
      vertex 3.60313 -87.75 12.9925
    endloop
  endfacet
  facet normal 0 -1 0
    outer loop
      vertex 12 -87.75 3
      vertex 3.60313 -87.75 12.9925
      vertex 3.76711 -87.75 12.5094
    endloop
  endfacet
  facet normal 0 -1 0
    outer loop
      vertex 12 -87.75 3
      vertex 3.76711 -87.75 12.5094
      vertex 3.86663 -87.75 12.0091
    endloop
  endfacet
  facet normal 0 -1 0
    outer loop
      vertex 12 -87.75 3
      vertex 3.86663 -87.75 12.0091
      vertex 3.9 -87.75 11.5
    endloop
  endfacet
  facet normal 0 -1 0
    outer loop
      vertex 12 -87.75 3
      vertex 3.9 -87.75 11.5
      vertex 3.86663 -87.75 10.9909
    endloop
  endfacet
  facet normal 0 -1 0
    outer loop
      vertex 12 -87.75 3
      vertex 0 -87.75 7.6
      vertex -12 -87.75 3
    endloop
  endfacet
  facet normal 0 -1 0
    outer loop
      vertex 0 -87.75 7.6
      vertex 12 -87.75 3
      vertex 0.509051 -87.75 7.63337
    endloop
  endfacet
  facet normal 0 -1 0
    outer loop
      vertex 0.509051 -87.75 7.63337
      vertex 12 -87.75 3
      vertex 1.00939 -87.75 7.73289
    endloop
  endfacet
  facet normal 0 -1 0
    outer loop
      vertex 3.76711 -87.75 40.4906
      vertex 12 -87.75 3
      vertex 12 -87.75 55
    endloop
  endfacet
  facet normal 0 -1 0
    outer loop
      vertex 3.76711 -87.75 10.4906
      vertex 12 -87.75 3
      vertex 3.86663 -87.75 10.9909
    endloop
  endfacet
  facet normal 0 -1 0
    outer loop
      vertex 3.60313 -87.75 10.0075
      vertex 12 -87.75 3
      vertex 3.76711 -87.75 10.4906
    endloop
  endfacet
  facet normal 0 -1 0
    outer loop
      vertex 3.3775 -87.75 9.55
      vertex 12 -87.75 3
      vertex 3.60313 -87.75 10.0075
    endloop
  endfacet
  facet normal 0 -1 0
    outer loop
      vertex 3.09408 -87.75 9.12583
      vertex 12 -87.75 3
      vertex 3.3775 -87.75 9.55
    endloop
  endfacet
  facet normal 0 -1 0
    outer loop
      vertex 2.75772 -87.75 8.74228
      vertex 12 -87.75 3
      vertex 3.09408 -87.75 9.12583
    endloop
  endfacet
  facet normal 0 -1 0
    outer loop
      vertex 2.37417 -87.75 8.40592
      vertex 12 -87.75 3
      vertex 2.75772 -87.75 8.74228
    endloop
  endfacet
  facet normal 0 -1 0
    outer loop
      vertex 1.95 -87.75 8.1225
      vertex 12 -87.75 3
      vertex 2.37417 -87.75 8.40592
    endloop
  endfacet
  facet normal 0 -1 0
    outer loop
      vertex 1.49247 -87.75 7.89687
      vertex 12 -87.75 3
      vertex 1.95 -87.75 8.1225
    endloop
  endfacet
  facet normal 0 -1 0
    outer loop
      vertex 1.00939 -87.75 7.73289
      vertex 12 -87.75 3
      vertex 1.49247 -87.75 7.89687
    endloop
  endfacet
  facet normal 0.659385 0 0.751805
    outer loop
      vertex 2.37417 -87.75 44.5941
      vertex 2.75772 -90.75 44.2577
      vertex 2.75772 -87.75 44.2577
    endloop
  endfacet
  facet normal 0.659385 0 0.751805
    outer loop
      vertex 2.75772 -90.75 44.2577
      vertex 2.37417 -87.75 44.5941
      vertex 2.37417 -90.75 44.5941
    endloop
  endfacet
  facet normal 0.195046 0 -0.980794
    outer loop
      vertex 0.509051 -90.75 37.6334
      vertex 1.00939 -87.75 37.7329
      vertex 1.00939 -90.75 37.7329
    endloop
  endfacet
  facet normal 0.195046 0 -0.980794
    outer loop
      vertex 1.00939 -87.75 37.7329
      vertex 0.509051 -90.75 37.6334
      vertex 0.509051 -87.75 37.6334
    endloop
  endfacet
  facet normal -0.946936 0 0.321421
    outer loop
      vertex -3.76711 -90.75 42.5094
      vertex -3.60313 -87.75 42.9925
      vertex -3.76711 -87.75 42.5094
    endloop
  endfacet
  facet normal -0.946936 0 0.321421
    outer loop
      vertex -3.60313 -87.75 42.9925
      vertex -3.76711 -90.75 42.5094
      vertex -3.60313 -90.75 42.9925
    endloop
  endfacet
  facet normal -0.195046 0 0.980794
    outer loop
      vertex -1.00939 -87.75 45.2671
      vertex -0.509051 -90.75 45.3666
      vertex -0.509051 -87.75 45.3666
    endloop
  endfacet
  facet normal -0.195046 0 0.980794
    outer loop
      vertex -0.509051 -90.75 45.3666
      vertex -1.00939 -87.75 45.2671
      vertex -1.00939 -90.75 45.2671
    endloop
  endfacet
  facet normal -0.0654715 0 -0.997854
    outer loop
      vertex -0.509051 -90.75 37.6334
      vertex 0 -87.75 37.6
      vertex 0 -90.75 37.6
    endloop
  endfacet
  facet normal -0.0654715 0 -0.997854
    outer loop
      vertex 0 -87.75 37.6
      vertex -0.509051 -90.75 37.6334
      vertex -0.509051 -87.75 37.6334
    endloop
  endfacet
  facet normal -0.946936 0 -0.321421
    outer loop
      vertex -3.60313 -90.75 40.0075
      vertex -3.76711 -87.75 40.4906
      vertex -3.60313 -87.75 40.0075
    endloop
  endfacet
  facet normal -0.946936 -0 -0.321421
    outer loop
      vertex -3.76711 -87.75 40.4906
      vertex -3.60313 -90.75 40.0075
      vertex -3.76711 -90.75 40.4906
    endloop
  endfacet
  facet normal -0.751801 0 -0.65939
    outer loop
      vertex -2.75772 -90.75 38.7423
      vertex -3.09408 -87.75 39.1258
      vertex -2.75772 -87.75 38.7423
    endloop
  endfacet
  facet normal -0.751801 -0 -0.65939
    outer loop
      vertex -3.09408 -87.75 39.1258
      vertex -2.75772 -90.75 38.7423
      vertex -3.09408 -90.75 39.1258
    endloop
  endfacet
  facet normal -0.195046 0 -0.980794
    outer loop
      vertex -1.00939 -90.75 37.7329
      vertex -0.509051 -87.75 37.6334
      vertex -0.509051 -90.75 37.6334
    endloop
  endfacet
  facet normal -0.195046 0 -0.980794
    outer loop
      vertex -0.509051 -87.75 37.6334
      vertex -1.00939 -90.75 37.7329
      vertex -1.00939 -87.75 37.7329
    endloop
  endfacet
  facet normal -0.831489 0 0.555541
    outer loop
      vertex -3.3775 -90.75 43.45
      vertex -3.09408 -87.75 43.8742
      vertex -3.3775 -87.75 43.45
    endloop
  endfacet
  facet normal -0.831489 0 0.555541
    outer loop
      vertex -3.09408 -87.75 43.8742
      vertex -3.3775 -90.75 43.45
      vertex -3.09408 -90.75 43.8742
    endloop
  endfacet
  facet normal 0.065413 0 -0.997858
    outer loop
      vertex 0 -90.75 7.6
      vertex 0.509051 -87.75 7.63337
      vertex 0.509051 -90.75 7.63337
    endloop
  endfacet
  facet normal 0.065413 0 -0.997858
    outer loop
      vertex 0.509051 -87.75 7.63337
      vertex 0 -90.75 7.6
      vertex 0 -87.75 7.6
    endloop
  endfacet
  facet normal 0.980784 -0 0.195098
    outer loop
      vertex 3.76711 -90.75 12.5094
      vertex 3.86663 -87.75 12.0091
      vertex 3.76711 -87.75 12.5094
    endloop
  endfacet
  facet normal 0.980784 0 0.195098
    outer loop
      vertex 3.86663 -87.75 12.0091
      vertex 3.76711 -90.75 12.5094
      vertex 3.86663 -90.75 12.0091
    endloop
  endfacet
  facet normal 0.997859 -0 0.0654067
    outer loop
      vertex 3.86663 -90.75 12.0091
      vertex 3.9 -87.75 11.5
      vertex 3.86663 -87.75 12.0091
    endloop
  endfacet
  facet normal 0.997859 0 0.0654067
    outer loop
      vertex 3.9 -87.75 11.5
      vertex 3.86663 -90.75 12.0091
      vertex 3.9 -90.75 11.5
    endloop
  endfacet
  facet normal 0.946936 -0 0.321421
    outer loop
      vertex 3.60313 -90.75 12.9925
      vertex 3.76711 -87.75 12.5094
      vertex 3.60313 -87.75 12.9925
    endloop
  endfacet
  facet normal 0.946936 0 0.321421
    outer loop
      vertex 3.76711 -87.75 12.5094
      vertex 3.60313 -90.75 12.9925
      vertex 3.76711 -90.75 12.5094
    endloop
  endfacet
  facet normal 0.321468 0 0.94692
    outer loop
      vertex 1.00939 -87.75 15.2671
      vertex 1.49247 -90.75 15.1031
      vertex 1.49247 -87.75 15.1031
    endloop
  endfacet
  facet normal 0.321468 0 0.94692
    outer loop
      vertex 1.49247 -90.75 15.1031
      vertex 1.00939 -87.75 15.2671
      vertex 1.00939 -90.75 15.2671
    endloop
  endfacet
  facet normal 0.0654715 0 0.997854
    outer loop
      vertex 0 -87.75 15.4
      vertex 0.509051 -90.75 15.3666
      vertex 0.509051 -87.75 15.3666
    endloop
  endfacet
  facet normal 0.0654715 0 0.997854
    outer loop
      vertex 0.509051 -90.75 15.3666
      vertex 0 -87.75 15.4
      vertex 0 -90.75 15.4
    endloop
  endfacet
  facet normal -0.659341 0 -0.751844
    outer loop
      vertex -2.75772 -90.75 8.74228
      vertex -2.37417 -87.75 8.40592
      vertex -2.37417 -90.75 8.40592
    endloop
  endfacet
  facet normal -0.659341 0 -0.751844
    outer loop
      vertex -2.37417 -87.75 8.40592
      vertex -2.75772 -90.75 8.74228
      vertex -2.75772 -87.75 8.74228
    endloop
  endfacet
  facet normal -0.997859 0 -0.0654067
    outer loop
      vertex -3.86663 -90.75 10.9909
      vertex -3.9 -87.75 11.5
      vertex -3.86663 -87.75 10.9909
    endloop
  endfacet
  facet normal -0.997859 -0 -0.0654067
    outer loop
      vertex -3.9 -87.75 11.5
      vertex -3.86663 -90.75 10.9909
      vertex -3.9 -90.75 11.5
    endloop
  endfacet
  facet normal -0.659385 0 0.751805
    outer loop
      vertex -2.75772 -87.75 14.2577
      vertex -2.37417 -90.75 14.5941
      vertex -2.37417 -87.75 14.5941
    endloop
  endfacet
  facet normal -0.659385 0 0.751805
    outer loop
      vertex -2.37417 -90.75 14.5941
      vertex -2.75772 -87.75 14.2577
      vertex -2.75772 -90.75 14.2577
    endloop
  endfacet
  facet normal 0.751801 -0 0.65939
    outer loop
      vertex 2.75772 -90.75 14.2577
      vertex 3.09408 -87.75 13.8742
      vertex 2.75772 -87.75 14.2577
    endloop
  endfacet
  facet normal 0.751801 0 0.65939
    outer loop
      vertex 3.09408 -87.75 13.8742
      vertex 2.75772 -90.75 14.2577
      vertex 3.09408 -90.75 13.8742
    endloop
  endfacet
  facet normal 0.997859 0 -0.0654067
    outer loop
      vertex 3.9 -90.75 11.5
      vertex 3.86663 -87.75 10.9909
      vertex 3.9 -87.75 11.5
    endloop
  endfacet
  facet normal 0.997859 0 -0.0654067
    outer loop
      vertex 3.86663 -87.75 10.9909
      vertex 3.9 -90.75 11.5
      vertex 3.86663 -90.75 10.9909
    endloop
  endfacet
  facet normal 0.442243 0 0.896895
    outer loop
      vertex 1.49247 -87.75 15.1031
      vertex 1.95 -90.75 14.8775
      vertex 1.95 -87.75 14.8775
    endloop
  endfacet
  facet normal 0.442243 0 0.896895
    outer loop
      vertex 1.95 -90.75 14.8775
      vertex 1.49247 -87.75 15.1031
      vertex 1.49247 -90.75 15.1031
    endloop
  endfacet
  facet normal 0.89686 0 -0.442314
    outer loop
      vertex 3.60313 -90.75 10.0075
      vertex 3.3775 -87.75 9.55
      vertex 3.60313 -87.75 10.0075
    endloop
  endfacet
  facet normal 0.89686 0 -0.442314
    outer loop
      vertex 3.3775 -87.75 9.55
      vertex 3.60313 -90.75 10.0075
      vertex 3.3775 -90.75 9.55
    endloop
  endfacet
  facet normal -0.321433 0 -0.946932
    outer loop
      vertex -1.49247 -90.75 7.89687
      vertex -1.00939 -87.75 7.73289
      vertex -1.00939 -90.75 7.73289
    endloop
  endfacet
  facet normal -0.321433 0 -0.946932
    outer loop
      vertex -1.00939 -87.75 7.73289
      vertex -1.49247 -90.75 7.89687
      vertex -1.49247 -87.75 7.89687
    endloop
  endfacet
  facet normal 0.831489 -0 0.555541
    outer loop
      vertex 3.09408 -90.75 13.8742
      vertex 3.3775 -87.75 13.45
      vertex 3.09408 -87.75 13.8742
    endloop
  endfacet
  facet normal 0.831489 0 0.555541
    outer loop
      vertex 3.3775 -87.75 13.45
      vertex 3.09408 -90.75 13.8742
      vertex 3.3775 -90.75 13.45
    endloop
  endfacet
  facet normal 0.89686 -0 0.442314
    outer loop
      vertex 3.3775 -90.75 13.45
      vertex 3.60313 -87.75 12.9925
      vertex 3.3775 -87.75 13.45
    endloop
  endfacet
  facet normal 0.89686 0 0.442314
    outer loop
      vertex 3.60313 -87.75 12.9925
      vertex 3.3775 -90.75 13.45
      vertex 3.60313 -90.75 12.9925
    endloop
  endfacet
  facet normal -0.831471 0 -0.555568
    outer loop
      vertex -3.09408 -90.75 9.12583
      vertex -3.3775 -87.75 9.55
      vertex -3.09408 -87.75 9.12583
    endloop
  endfacet
  facet normal -0.831471 -0 -0.555568
    outer loop
      vertex -3.3775 -87.75 9.55
      vertex -3.09408 -90.75 9.12583
      vertex -3.3775 -90.75 9.55
    endloop
  endfacet
  facet normal 0.442291 0 -0.896872
    outer loop
      vertex 1.49247 -90.75 7.89687
      vertex 1.95 -87.75 8.1225
      vertex 1.95 -90.75 8.1225
    endloop
  endfacet
  facet normal 0.442291 0 -0.896872
    outer loop
      vertex 1.95 -87.75 8.1225
      vertex 1.49247 -90.75 7.89687
      vertex 1.49247 -87.75 7.89687
    endloop
  endfacet
  facet normal -0.997859 0 0.0654067
    outer loop
      vertex -3.9 -90.75 11.5
      vertex -3.86663 -87.75 12.0091
      vertex -3.9 -87.75 11.5
    endloop
  endfacet
  facet normal -0.997859 0 0.0654067
    outer loop
      vertex -3.86663 -87.75 12.0091
      vertex -3.9 -90.75 11.5
      vertex -3.86663 -90.75 12.0091
    endloop
  endfacet
  facet normal -0.442243 0 0.896895
    outer loop
      vertex -1.95 -87.75 14.8775
      vertex -1.49247 -90.75 15.1031
      vertex -1.49247 -87.75 15.1031
    endloop
  endfacet
  facet normal -0.442243 0 0.896895
    outer loop
      vertex -1.49247 -90.75 15.1031
      vertex -1.95 -87.75 14.8775
      vertex -1.95 -90.75 14.8775
    endloop
  endfacet
  facet normal 0.195046 0 0.980794
    outer loop
      vertex 0.509051 -87.75 15.3666
      vertex 1.00939 -90.75 15.2671
      vertex 1.00939 -87.75 15.2671
    endloop
  endfacet
  facet normal 0.195046 0 0.980794
    outer loop
      vertex 1.00939 -90.75 15.2671
      vertex 0.509051 -87.75 15.3666
      vertex 0.509051 -90.75 15.3666
    endloop
  endfacet
  facet normal -0.751801 0 0.65939
    outer loop
      vertex -3.09408 -90.75 13.8742
      vertex -2.75772 -87.75 14.2577
      vertex -3.09408 -87.75 13.8742
    endloop
  endfacet
  facet normal -0.751801 0 0.65939
    outer loop
      vertex -2.75772 -87.75 14.2577
      vertex -3.09408 -90.75 13.8742
      vertex -2.75772 -90.75 14.2577
    endloop
  endfacet
  facet normal -0.946936 0 -0.321421
    outer loop
      vertex -3.60313 -90.75 10.0075
      vertex -3.76711 -87.75 10.4906
      vertex -3.60313 -87.75 10.0075
    endloop
  endfacet
  facet normal -0.946936 -0 -0.321421
    outer loop
      vertex -3.76711 -87.75 10.4906
      vertex -3.60313 -90.75 10.0075
      vertex -3.76711 -90.75 10.4906
    endloop
  endfacet
  facet normal 0.946936 0 -0.321421
    outer loop
      vertex 3.76711 -90.75 10.4906
      vertex 3.60313 -87.75 10.0075
      vertex 3.76711 -87.75 10.4906
    endloop
  endfacet
  facet normal 0.946936 0 -0.321421
    outer loop
      vertex 3.60313 -87.75 10.0075
      vertex 3.76711 -90.75 10.4906
      vertex 3.60313 -90.75 10.0075
    endloop
  endfacet
  facet normal 0 -1 0
    outer loop
      vertex 0 -90.75 13.5
      vertex 0 -90.75 15.4
      vertex -0.509051 -90.75 15.3666
    endloop
  endfacet
  facet normal 0 -1 0
    outer loop
      vertex -0.517637 -90.75 13.4319
      vertex -0.509051 -90.75 15.3666
      vertex -1.00939 -90.75 15.2671
    endloop
  endfacet
  facet normal 0 -1 0
    outer loop
      vertex 0 -90.75 15.4
      vertex 0 -90.75 13.5
      vertex 0.509051 -90.75 15.3666
    endloop
  endfacet
  facet normal 0 -1 0
    outer loop
      vertex -0.517637 -90.75 13.4319
      vertex -1.00939 -90.75 15.2671
      vertex -1.49247 -90.75 15.1031
    endloop
  endfacet
  facet normal 0 -1 0
    outer loop
      vertex 0.517637 -90.75 13.4319
      vertex 0.509051 -90.75 15.3666
      vertex 0 -90.75 13.5
    endloop
  endfacet
  facet normal 0 -1 0
    outer loop
      vertex -1 -90.75 13.2321
      vertex -1.49247 -90.75 15.1031
      vertex -1.95 -90.75 14.8775
    endloop
  endfacet
  facet normal 0 -1 0
    outer loop
      vertex 0.509051 -90.75 15.3666
      vertex 0.517637 -90.75 13.4319
      vertex 1.00939 -90.75 15.2671
    endloop
  endfacet
  facet normal 0 -1 0
    outer loop
      vertex -1 -90.75 13.2321
      vertex -1.95 -90.75 14.8775
      vertex -2.37417 -90.75 14.5941
    endloop
  endfacet
  facet normal 0 -1 -0
    outer loop
      vertex 1.00939 -90.75 15.2671
      vertex 0.517637 -90.75 13.4319
      vertex 1.49247 -90.75 15.1031
    endloop
  endfacet
  facet normal 0 -1 0
    outer loop
      vertex -1.41421 -90.75 12.9142
      vertex -2.37417 -90.75 14.5941
      vertex -2.75772 -90.75 14.2577
    endloop
  endfacet
  facet normal 0 -1 0
    outer loop
      vertex 1 -90.75 13.2321
      vertex 1.49247 -90.75 15.1031
      vertex 0.517637 -90.75 13.4319
    endloop
  endfacet
  facet normal 0 -1 0
    outer loop
      vertex -1.41421 -90.75 12.9142
      vertex -2.75772 -90.75 14.2577
      vertex -3.09408 -90.75 13.8742
    endloop
  endfacet
  facet normal 0 -1 -0
    outer loop
      vertex 1.49247 -90.75 15.1031
      vertex 1 -90.75 13.2321
      vertex 1.95 -90.75 14.8775
    endloop
  endfacet
  facet normal 0 -1 -0
    outer loop
      vertex 1.95 -90.75 14.8775
      vertex 1 -90.75 13.2321
      vertex 2.37417 -90.75 14.5941
    endloop
  endfacet
  facet normal 0 -1 0
    outer loop
      vertex -1.73205 -90.75 12.5
      vertex -3.09408 -90.75 13.8742
      vertex -3.3775 -90.75 13.45
    endloop
  endfacet
  facet normal 0 -1 -0
    outer loop
      vertex -0.509051 -90.75 15.3666
      vertex -0.517637 -90.75 13.4319
      vertex 0 -90.75 13.5
    endloop
  endfacet
  facet normal 0 -1 0
    outer loop
      vertex -1.49247 -90.75 15.1031
      vertex -1 -90.75 13.2321
      vertex -0.517637 -90.75 13.4319
    endloop
  endfacet
  facet normal 0 -1 0
    outer loop
      vertex -1.73205 -90.75 12.5
      vertex -3.3775 -90.75 13.45
      vertex -3.60313 -90.75 12.9925
    endloop
  endfacet
  facet normal 0 -1 0
    outer loop
      vertex -2.37417 -90.75 14.5941
      vertex -1.41421 -90.75 12.9142
      vertex -1 -90.75 13.2321
    endloop
  endfacet
  facet normal 0 -1 0
    outer loop
      vertex -1.93185 -90.75 12.0176
      vertex -3.60313 -90.75 12.9925
      vertex -3.76711 -90.75 12.5094
    endloop
  endfacet
  facet normal 0 -1 0
    outer loop
      vertex -3.09408 -90.75 13.8742
      vertex -1.73205 -90.75 12.5
      vertex -1.41421 -90.75 12.9142
    endloop
  endfacet
  facet normal 0 -1 0
    outer loop
      vertex -3.60313 -90.75 12.9925
      vertex -1.93185 -90.75 12.0176
      vertex -1.73205 -90.75 12.5
    endloop
  endfacet
  facet normal 0 -1 0
    outer loop
      vertex -3.86663 -90.75 12.0091
      vertex -1.93185 -90.75 12.0176
      vertex -3.76711 -90.75 12.5094
    endloop
  endfacet
  facet normal 0 -1 0
    outer loop
      vertex -2 -90.75 11.5
      vertex -3.86663 -90.75 12.0091
      vertex -3.9 -90.75 11.5
    endloop
  endfacet
  facet normal 0 -1 0
    outer loop
      vertex -3.86663 -90.75 12.0091
      vertex -2 -90.75 11.5
      vertex -1.93185 -90.75 12.0176
    endloop
  endfacet
  facet normal 0 -1 0
    outer loop
      vertex -3.86663 -90.75 10.9909
      vertex -2 -90.75 11.5
      vertex -3.9 -90.75 11.5
    endloop
  endfacet
  facet normal 0 -1 0
    outer loop
      vertex -3.86663 -90.75 10.9909
      vertex -1.93185 -90.75 10.9824
      vertex -2 -90.75 11.5
    endloop
  endfacet
  facet normal 0 -1 0
    outer loop
      vertex -3.76711 -90.75 10.4906
      vertex -1.93185 -90.75 10.9824
      vertex -3.86663 -90.75 10.9909
    endloop
  endfacet
  facet normal 0 -1 0
    outer loop
      vertex -3.60313 -90.75 10.0075
      vertex -1.93185 -90.75 10.9824
      vertex -3.76711 -90.75 10.4906
    endloop
  endfacet
  facet normal 0 -1 -0
    outer loop
      vertex -1.93185 -90.75 10.9824
      vertex -3.60313 -90.75 10.0075
      vertex -1.73205 -90.75 10.5
    endloop
  endfacet
  facet normal 0 -1 0
    outer loop
      vertex -3.3775 -90.75 9.55
      vertex -1.73205 -90.75 10.5
      vertex -3.60313 -90.75 10.0075
    endloop
  endfacet
  facet normal 0 -1 0
    outer loop
      vertex -3.09408 -90.75 9.12583
      vertex -1.73205 -90.75 10.5
      vertex -3.3775 -90.75 9.55
    endloop
  endfacet
  facet normal 0 -1 -0
    outer loop
      vertex -1.73205 -90.75 10.5
      vertex -3.09408 -90.75 9.12583
      vertex -1.41421 -90.75 10.0858
    endloop
  endfacet
  facet normal 0 -1 0
    outer loop
      vertex -2.75772 -90.75 8.74228
      vertex -1.41421 -90.75 10.0858
      vertex -3.09408 -90.75 9.12583
    endloop
  endfacet
  facet normal 0 -1 0
    outer loop
      vertex -2.37417 -90.75 8.40592
      vertex -1.41421 -90.75 10.0858
      vertex -2.75772 -90.75 8.74228
    endloop
  endfacet
  facet normal 0 -1 -0
    outer loop
      vertex -1.41421 -90.75 10.0858
      vertex -2.37417 -90.75 8.40592
      vertex -1 -90.75 9.76795
    endloop
  endfacet
  facet normal 0 -1 0
    outer loop
      vertex 1.41421 -90.75 12.9142
      vertex 2.37417 -90.75 14.5941
      vertex 1 -90.75 13.2321
    endloop
  endfacet
  facet normal 0 -1 -0
    outer loop
      vertex 2.37417 -90.75 14.5941
      vertex 1.41421 -90.75 12.9142
      vertex 2.75772 -90.75 14.2577
    endloop
  endfacet
  facet normal 0 -1 -0
    outer loop
      vertex 2.75772 -90.75 14.2577
      vertex 1.41421 -90.75 12.9142
      vertex 3.09408 -90.75 13.8742
    endloop
  endfacet
  facet normal 0 -1 0
    outer loop
      vertex 1.73205 -90.75 12.5
      vertex 3.09408 -90.75 13.8742
      vertex 1.41421 -90.75 12.9142
    endloop
  endfacet
  facet normal 0 -1 -0
    outer loop
      vertex 3.09408 -90.75 13.8742
      vertex 1.73205 -90.75 12.5
      vertex 3.3775 -90.75 13.45
    endloop
  endfacet
  facet normal 0 -1 -0
    outer loop
      vertex 3.3775 -90.75 13.45
      vertex 1.73205 -90.75 12.5
      vertex 3.60313 -90.75 12.9925
    endloop
  endfacet
  facet normal 0 -1 0
    outer loop
      vertex 1.93185 -90.75 12.0176
      vertex 3.60313 -90.75 12.9925
      vertex 1.73205 -90.75 12.5
    endloop
  endfacet
  facet normal 0 -1 -0
    outer loop
      vertex 3.60313 -90.75 12.9925
      vertex 1.93185 -90.75 12.0176
      vertex 3.76711 -90.75 12.5094
    endloop
  endfacet
  facet normal 0 -1 0
    outer loop
      vertex 1.93185 -90.75 12.0176
      vertex 3.86663 -90.75 12.0091
      vertex 3.76711 -90.75 12.5094
    endloop
  endfacet
  facet normal 0 -1 0
    outer loop
      vertex 2 -90.75 11.5
      vertex 3.86663 -90.75 12.0091
      vertex 1.93185 -90.75 12.0176
    endloop
  endfacet
  facet normal 0 -1 0
    outer loop
      vertex 2 -90.75 11.5
      vertex 3.9 -90.75 11.5
      vertex 3.86663 -90.75 12.0091
    endloop
  endfacet
  facet normal 0 -1 0
    outer loop
      vertex 2 -90.75 11.5
      vertex 3.86663 -90.75 10.9909
      vertex 3.9 -90.75 11.5
    endloop
  endfacet
  facet normal 0 -1 0
    outer loop
      vertex 1.93185 -90.75 10.9824
      vertex 3.86663 -90.75 10.9909
      vertex 2 -90.75 11.5
    endloop
  endfacet
  facet normal 0 -1 0
    outer loop
      vertex 3.60313 -90.75 10.0075
      vertex 1.93185 -90.75 10.9824
      vertex 1.73205 -90.75 10.5
    endloop
  endfacet
  facet normal 0 -1 0
    outer loop
      vertex 1.93185 -90.75 10.9824
      vertex 3.76711 -90.75 10.4906
      vertex 3.86663 -90.75 10.9909
    endloop
  endfacet
  facet normal 0 -1 0
    outer loop
      vertex 3.09408 -90.75 9.12583
      vertex 1.73205 -90.75 10.5
      vertex 1.41421 -90.75 10.0858
    endloop
  endfacet
  facet normal 0 -1 0
    outer loop
      vertex 1.93185 -90.75 10.9824
      vertex 3.60313 -90.75 10.0075
      vertex 3.76711 -90.75 10.4906
    endloop
  endfacet
  facet normal 0 -1 0
    outer loop
      vertex 2.37417 -90.75 8.40592
      vertex 1.41421 -90.75 10.0858
      vertex 1 -90.75 9.76795
    endloop
  endfacet
  facet normal 0 -1 0
    outer loop
      vertex 1.49247 -90.75 7.89687
      vertex 1 -90.75 9.76795
      vertex 0.517637 -90.75 9.56815
    endloop
  endfacet
  facet normal 0 -1 0
    outer loop
      vertex 1.73205 -90.75 10.5
      vertex 3.3775 -90.75 9.55
      vertex 3.60313 -90.75 10.0075
    endloop
  endfacet
  facet normal 0 -1 0
    outer loop
      vertex 0.509051 -90.75 7.63337
      vertex 0.517637 -90.75 9.56815
      vertex 0 -90.75 9.5
    endloop
  endfacet
  facet normal 0 -1 0
    outer loop
      vertex -1.95 -90.75 8.1225
      vertex -1 -90.75 9.76795
      vertex -2.37417 -90.75 8.40592
    endloop
  endfacet
  facet normal 0 -1 0
    outer loop
      vertex 1.73205 -90.75 10.5
      vertex 3.09408 -90.75 9.12583
      vertex 3.3775 -90.75 9.55
    endloop
  endfacet
  facet normal 0 -1 0
    outer loop
      vertex -1.49247 -90.75 7.89687
      vertex -1 -90.75 9.76795
      vertex -1.95 -90.75 8.1225
    endloop
  endfacet
  facet normal 0 -1 0
    outer loop
      vertex 1.41421 -90.75 10.0858
      vertex 2.75772 -90.75 8.74228
      vertex 3.09408 -90.75 9.12583
    endloop
  endfacet
  facet normal 0 -1 -0
    outer loop
      vertex -1 -90.75 9.76795
      vertex -1.49247 -90.75 7.89687
      vertex -0.517637 -90.75 9.56815
    endloop
  endfacet
  facet normal 0 -1 0
    outer loop
      vertex 1.41421 -90.75 10.0858
      vertex 2.37417 -90.75 8.40592
      vertex 2.75772 -90.75 8.74228
    endloop
  endfacet
  facet normal 0 -1 0
    outer loop
      vertex -1.00939 -90.75 7.73289
      vertex -0.517637 -90.75 9.56815
      vertex -1.49247 -90.75 7.89687
    endloop
  endfacet
  facet normal 0 -1 0
    outer loop
      vertex 1 -90.75 9.76795
      vertex 1.95 -90.75 8.1225
      vertex 2.37417 -90.75 8.40592
    endloop
  endfacet
  facet normal 0 -1 0
    outer loop
      vertex -0.509051 -90.75 7.63337
      vertex -0.517637 -90.75 9.56815
      vertex -1.00939 -90.75 7.73289
    endloop
  endfacet
  facet normal 0 -1 0
    outer loop
      vertex 1 -90.75 9.76795
      vertex 1.49247 -90.75 7.89687
      vertex 1.95 -90.75 8.1225
    endloop
  endfacet
  facet normal 0 -1 0
    outer loop
      vertex -0.517637 -90.75 9.56815
      vertex -0.509051 -90.75 7.63337
      vertex 0 -90.75 9.5
    endloop
  endfacet
  facet normal 0 -1 0
    outer loop
      vertex 0.517637 -90.75 9.56815
      vertex 1.00939 -90.75 7.73289
      vertex 1.49247 -90.75 7.89687
    endloop
  endfacet
  facet normal 0 -1 0
    outer loop
      vertex 0 -90.75 7.6
      vertex 0 -90.75 9.5
      vertex -0.509051 -90.75 7.63337
    endloop
  endfacet
  facet normal 0 -1 -0
    outer loop
      vertex 0.517637 -90.75 9.56815
      vertex 0.509051 -90.75 7.63337
      vertex 1.00939 -90.75 7.73289
    endloop
  endfacet
  facet normal 0 -1 0
    outer loop
      vertex 0 -90.75 9.5
      vertex 0 -90.75 7.6
      vertex 0.509051 -90.75 7.63337
    endloop
  endfacet
  facet normal -0.980784 0 0.195098
    outer loop
      vertex -3.86663 -90.75 12.0091
      vertex -3.76711 -87.75 12.5094
      vertex -3.86663 -87.75 12.0091
    endloop
  endfacet
  facet normal -0.980784 0 0.195098
    outer loop
      vertex -3.76711 -87.75 12.5094
      vertex -3.86663 -90.75 12.0091
      vertex -3.76711 -90.75 12.5094
    endloop
  endfacet
  facet normal -0.442291 0 -0.896872
    outer loop
      vertex -1.95 -90.75 8.1225
      vertex -1.49247 -87.75 7.89687
      vertex -1.49247 -90.75 7.89687
    endloop
  endfacet
  facet normal -0.442291 0 -0.896872
    outer loop
      vertex -1.49247 -87.75 7.89687
      vertex -1.95 -90.75 8.1225
      vertex -1.95 -87.75 8.1225
    endloop
  endfacet
  facet normal -0.555541 0 0.831489
    outer loop
      vertex -2.37417 -87.75 14.5941
      vertex -1.95 -90.75 14.8775
      vertex -1.95 -87.75 14.8775
    endloop
  endfacet
  facet normal -0.555541 0 0.831489
    outer loop
      vertex -1.95 -90.75 14.8775
      vertex -2.37417 -87.75 14.5941
      vertex -2.37417 -90.75 14.5941
    endloop
  endfacet
  facet normal 0.659341 0 -0.751844
    outer loop
      vertex 2.37417 -90.75 8.40592
      vertex 2.75772 -87.75 8.74228
      vertex 2.75772 -90.75 8.74228
    endloop
  endfacet
  facet normal 0.659341 0 -0.751844
    outer loop
      vertex 2.75772 -87.75 8.74228
      vertex 2.37417 -90.75 8.40592
      vertex 2.37417 -87.75 8.40592
    endloop
  endfacet
  facet normal -0.321468 0 0.94692
    outer loop
      vertex -1.49247 -87.75 15.1031
      vertex -1.00939 -90.75 15.2671
      vertex -1.00939 -87.75 15.2671
    endloop
  endfacet
  facet normal -0.321468 0 0.94692
    outer loop
      vertex -1.00939 -90.75 15.2671
      vertex -1.49247 -87.75 15.1031
      vertex -1.49247 -90.75 15.1031
    endloop
  endfacet
  facet normal 0.831471 0 -0.555568
    outer loop
      vertex 3.3775 -90.75 9.55
      vertex 3.09408 -87.75 9.12583
      vertex 3.3775 -87.75 9.55
    endloop
  endfacet
  facet normal 0.831471 0 -0.555568
    outer loop
      vertex 3.09408 -87.75 9.12583
      vertex 3.3775 -90.75 9.55
      vertex 3.09408 -90.75 9.12583
    endloop
  endfacet
  facet normal 0.555568 0 -0.831471
    outer loop
      vertex 1.95 -90.75 8.1225
      vertex 2.37417 -87.75 8.40592
      vertex 2.37417 -90.75 8.40592
    endloop
  endfacet
  facet normal 0.555568 0 -0.831471
    outer loop
      vertex 2.37417 -87.75 8.40592
      vertex 1.95 -90.75 8.1225
      vertex 1.95 -87.75 8.1225
    endloop
  endfacet
  facet normal 0.751844 0 -0.659341
    outer loop
      vertex 3.09408 -90.75 9.12583
      vertex 2.75772 -87.75 8.74228
      vertex 3.09408 -87.75 9.12583
    endloop
  endfacet
  facet normal 0.751844 0 -0.659341
    outer loop
      vertex 2.75772 -87.75 8.74228
      vertex 3.09408 -90.75 9.12583
      vertex 2.75772 -90.75 8.74228
    endloop
  endfacet
  facet normal 0.980784 0 -0.195098
    outer loop
      vertex 3.86663 -90.75 10.9909
      vertex 3.76711 -87.75 10.4906
      vertex 3.86663 -87.75 10.9909
    endloop
  endfacet
  facet normal 0.980784 0 -0.195098
    outer loop
      vertex 3.76711 -87.75 10.4906
      vertex 3.86663 -90.75 10.9909
      vertex 3.76711 -90.75 10.4906
    endloop
  endfacet
  facet normal -0.0654715 0 0.997854
    outer loop
      vertex -0.509051 -87.75 15.3666
      vertex 0 -90.75 15.4
      vertex 0 -87.75 15.4
    endloop
  endfacet
  facet normal -0.0654715 0 0.997854
    outer loop
      vertex 0 -90.75 15.4
      vertex -0.509051 -87.75 15.3666
      vertex -0.509051 -90.75 15.3666
    endloop
  endfacet
  facet normal -0.89686 0 -0.442314
    outer loop
      vertex -3.3775 -90.75 9.55
      vertex -3.60313 -87.75 10.0075
      vertex -3.3775 -87.75 9.55
    endloop
  endfacet
  facet normal -0.89686 -0 -0.442314
    outer loop
      vertex -3.60313 -87.75 10.0075
      vertex -3.3775 -90.75 9.55
      vertex -3.60313 -90.75 10.0075
    endloop
  endfacet
  facet normal -0.555568 0 -0.831471
    outer loop
      vertex -2.37417 -90.75 8.40592
      vertex -1.95 -87.75 8.1225
      vertex -1.95 -90.75 8.1225
    endloop
  endfacet
  facet normal -0.555568 0 -0.831471
    outer loop
      vertex -1.95 -87.75 8.1225
      vertex -2.37417 -90.75 8.40592
      vertex -2.37417 -87.75 8.40592
    endloop
  endfacet
  facet normal -0.89686 0 0.442314
    outer loop
      vertex -3.60313 -90.75 12.9925
      vertex -3.3775 -87.75 13.45
      vertex -3.60313 -87.75 12.9925
    endloop
  endfacet
  facet normal -0.89686 0 0.442314
    outer loop
      vertex -3.3775 -87.75 13.45
      vertex -3.60313 -90.75 12.9925
      vertex -3.3775 -90.75 13.45
    endloop
  endfacet
  facet normal 0.555541 0 0.831489
    outer loop
      vertex 1.95 -87.75 14.8775
      vertex 2.37417 -90.75 14.5941
      vertex 2.37417 -87.75 14.5941
    endloop
  endfacet
  facet normal 0.555541 0 0.831489
    outer loop
      vertex 2.37417 -90.75 14.5941
      vertex 1.95 -87.75 14.8775
      vertex 1.95 -90.75 14.8775
    endloop
  endfacet
  facet normal -0.980784 0 -0.195098
    outer loop
      vertex -3.76711 -90.75 10.4906
      vertex -3.86663 -87.75 10.9909
      vertex -3.76711 -87.75 10.4906
    endloop
  endfacet
  facet normal -0.980784 -0 -0.195098
    outer loop
      vertex -3.86663 -87.75 10.9909
      vertex -3.76711 -90.75 10.4906
      vertex -3.86663 -90.75 10.9909
    endloop
  endfacet
  facet normal 0.321433 0 -0.946932
    outer loop
      vertex 1.00939 -90.75 7.73289
      vertex 1.49247 -87.75 7.89687
      vertex 1.49247 -90.75 7.89687
    endloop
  endfacet
  facet normal 0.321433 0 -0.946932
    outer loop
      vertex 1.49247 -87.75 7.89687
      vertex 1.00939 -90.75 7.73289
      vertex 1.00939 -87.75 7.73289
    endloop
  endfacet
  facet normal 0.659385 0 0.751805
    outer loop
      vertex 2.37417 -87.75 14.5941
      vertex 2.75772 -90.75 14.2577
      vertex 2.75772 -87.75 14.2577
    endloop
  endfacet
  facet normal 0.659385 0 0.751805
    outer loop
      vertex 2.75772 -90.75 14.2577
      vertex 2.37417 -87.75 14.5941
      vertex 2.37417 -90.75 14.5941
    endloop
  endfacet
  facet normal 0.195084 0 -0.980787
    outer loop
      vertex 0.509051 -90.75 7.63337
      vertex 1.00939 -87.75 7.73289
      vertex 1.00939 -90.75 7.73289
    endloop
  endfacet
  facet normal 0.195084 0 -0.980787
    outer loop
      vertex 1.00939 -87.75 7.73289
      vertex 0.509051 -90.75 7.63337
      vertex 0.509051 -87.75 7.63337
    endloop
  endfacet
  facet normal -0.946936 0 0.321421
    outer loop
      vertex -3.76711 -90.75 12.5094
      vertex -3.60313 -87.75 12.9925
      vertex -3.76711 -87.75 12.5094
    endloop
  endfacet
  facet normal -0.946936 0 0.321421
    outer loop
      vertex -3.60313 -87.75 12.9925
      vertex -3.76711 -90.75 12.5094
      vertex -3.60313 -90.75 12.9925
    endloop
  endfacet
  facet normal -0.195046 0 0.980794
    outer loop
      vertex -1.00939 -87.75 15.2671
      vertex -0.509051 -90.75 15.3666
      vertex -0.509051 -87.75 15.3666
    endloop
  endfacet
  facet normal -0.195046 0 0.980794
    outer loop
      vertex -0.509051 -90.75 15.3666
      vertex -1.00939 -87.75 15.2671
      vertex -1.00939 -90.75 15.2671
    endloop
  endfacet
  facet normal -0.065413 0 -0.997858
    outer loop
      vertex -0.509051 -90.75 7.63337
      vertex 0 -87.75 7.6
      vertex 0 -90.75 7.6
    endloop
  endfacet
  facet normal -0.065413 0 -0.997858
    outer loop
      vertex 0 -87.75 7.6
      vertex -0.509051 -90.75 7.63337
      vertex -0.509051 -87.75 7.63337
    endloop
  endfacet
  facet normal -0.751844 0 -0.659341
    outer loop
      vertex -2.75772 -90.75 8.74228
      vertex -3.09408 -87.75 9.12583
      vertex -2.75772 -87.75 8.74228
    endloop
  endfacet
  facet normal -0.751844 -0 -0.659341
    outer loop
      vertex -3.09408 -87.75 9.12583
      vertex -2.75772 -90.75 8.74228
      vertex -3.09408 -90.75 9.12583
    endloop
  endfacet
  facet normal -0.195084 0 -0.980787
    outer loop
      vertex -1.00939 -90.75 7.73289
      vertex -0.509051 -87.75 7.63337
      vertex -0.509051 -90.75 7.63337
    endloop
  endfacet
  facet normal -0.195084 0 -0.980787
    outer loop
      vertex -0.509051 -87.75 7.63337
      vertex -1.00939 -90.75 7.73289
      vertex -1.00939 -87.75 7.73289
    endloop
  endfacet
  facet normal -0.831489 0 0.555541
    outer loop
      vertex -3.3775 -90.75 13.45
      vertex -3.09408 -87.75 13.8742
      vertex -3.3775 -87.75 13.45
    endloop
  endfacet
  facet normal -0.831489 0 0.555541
    outer loop
      vertex -3.09408 -87.75 13.8742
      vertex -3.3775 -90.75 13.45
      vertex -3.09408 -90.75 13.8742
    endloop
  endfacet
  facet normal 1 -0 0
    outer loop
      vertex 18 -92.75 59
      vertex 18 -68.75 55
      vertex 18 -68.75 59
    endloop
  endfacet
  facet normal 1 0 0
    outer loop
      vertex 18 -68.75 55
      vertex 18 -92.75 59
      vertex 18 -92.75 55
    endloop
  endfacet
  facet normal -0 0 -1
    outer loop
      vertex -12 -79.3929 55
      vertex -12.2021 -79.5479 55
      vertex -12 -73.75 55
    endloop
  endfacet
  facet normal 0 0 -1
    outer loop
      vertex -5 -73.75 55
      vertex -12 -73.75 55
      vertex -5 -72.75 55
    endloop
  endfacet
  facet normal 0 0 -1
    outer loop
      vertex 18 -92.75 55
      vertex 12.7 -80.75 55
      vertex 18 -68.75 55
    endloop
  endfacet
  facet normal 0 0 -1
    outer loop
      vertex 18 -92.75 55
      vertex 12.6421 -81.19 55
      vertex 12.7 -80.75 55
    endloop
  endfacet
  facet normal 0 0 -1
    outer loop
      vertex 18 -92.75 55
      vertex 12.4722 -81.6 55
      vertex 12.6421 -81.19 55
    endloop
  endfacet
  facet normal 0 0 -1
    outer loop
      vertex 12 -87.75 55
      vertex 12.4722 -81.6 55
      vertex 18 -92.75 55
    endloop
  endfacet
  facet normal 0 0 -1
    outer loop
      vertex 12.4722 -81.6 55
      vertex 12 -87.75 55
      vertex 12.2021 -81.9521 55
    endloop
  endfacet
  facet normal 0 0 -1
    outer loop
      vertex 18 -92.75 55
      vertex -12 -87.75 55
      vertex 12 -87.75 55
    endloop
  endfacet
  facet normal 0 0 -1
    outer loop
      vertex -12 -87.75 55
      vertex -12.2021 -81.9521 55
      vertex -12 -82.1071 55
    endloop
  endfacet
  facet normal 0 0 -1
    outer loop
      vertex -12 -87.75 55
      vertex -12.4722 -81.6 55
      vertex -12.2021 -81.9521 55
    endloop
  endfacet
  facet normal 0 0 -1
    outer loop
      vertex -18 -92.75 55
      vertex -12.4722 -81.6 55
      vertex -12 -87.75 55
    endloop
  endfacet
  facet normal -0 0 -1
    outer loop
      vertex -12.4722 -81.6 55
      vertex -18 -92.75 55
      vertex -12.6421 -81.19 55
    endloop
  endfacet
  facet normal -0 0 -1
    outer loop
      vertex -12.6421 -81.19 55
      vertex -18 -92.75 55
      vertex -12.7 -80.75 55
    endloop
  endfacet
  facet normal 0 0 -1
    outer loop
      vertex -18 -92.75 55
      vertex -12 -87.75 55
      vertex 18 -92.75 55
    endloop
  endfacet
  facet normal 0 0 -1
    outer loop
      vertex 12.6421 -80.31 55
      vertex 18 -68.75 55
      vertex 12.7 -80.75 55
    endloop
  endfacet
  facet normal 0 0 -1
    outer loop
      vertex 12.4722 -79.9 55
      vertex 18 -68.75 55
      vertex 12.6421 -80.31 55
    endloop
  endfacet
  facet normal 0 0 -1
    outer loop
      vertex 12 -73.75 55
      vertex 12.4722 -79.9 55
      vertex 12.2021 -79.5479 55
    endloop
  endfacet
  facet normal 0 0 -1
    outer loop
      vertex 12 -73.75 55
      vertex 12.2021 -79.5479 55
      vertex 12 -79.3929 55
    endloop
  endfacet
  facet normal 0 0 -1
    outer loop
      vertex 12.4722 -79.9 55
      vertex 12 -73.75 55
      vertex 18 -68.75 55
    endloop
  endfacet
  facet normal 0 0 -1
    outer loop
      vertex 5 -72.75 55
      vertex 12 -73.75 55
      vertex 5 -73.75 55
    endloop
  endfacet
  facet normal 0 0 -1
    outer loop
      vertex 12 -73.75 55
      vertex 5 -72.75 55
      vertex 18 -68.75 55
    endloop
  endfacet
  facet normal 0 0 -1
    outer loop
      vertex -5 -72.75 55
      vertex 18 -68.75 55
      vertex 5 -72.75 55
    endloop
  endfacet
  facet normal 0 0 -1
    outer loop
      vertex -18 -68.75 55
      vertex -5 -72.75 55
      vertex -12 -73.75 55
    endloop
  endfacet
  facet normal 0 0 -1
    outer loop
      vertex -12.4722 -79.9 55
      vertex -12 -73.75 55
      vertex -12.2021 -79.5479 55
    endloop
  endfacet
  facet normal 0 0 -1
    outer loop
      vertex -18 -68.75 55
      vertex -12.4722 -79.9 55
      vertex -12.6421 -80.31 55
    endloop
  endfacet
  facet normal 0 0 -1
    outer loop
      vertex -18 -68.75 55
      vertex -12.6421 -80.31 55
      vertex -12.7 -80.75 55
    endloop
  endfacet
  facet normal 0 0 -1
    outer loop
      vertex -18 -68.75 55
      vertex -12.7 -80.75 55
      vertex -18 -92.75 55
    endloop
  endfacet
  facet normal 0 0 -1
    outer loop
      vertex -5 -72.75 55
      vertex -18 -68.75 55
      vertex 18 -68.75 55
    endloop
  endfacet
  facet normal 0 0 -1
    outer loop
      vertex -12.4722 -79.9 55
      vertex -18 -68.75 55
      vertex -12 -73.75 55
    endloop
  endfacet
  facet normal 0 0 -1
    outer loop
      vertex 12.2021 -81.9521 55
      vertex 12 -87.75 55
      vertex 12 -82.1071 55
    endloop
  endfacet
  facet normal 0 0 -1
    outer loop
      vertex -5 -73.75 55
      vertex 5 -73.75 55
      vertex 5 -76.15 55
    endloop
  endfacet
  facet normal 0 0 -1
    outer loop
      vertex -5 -73.75 55
      vertex 5 -76.15 55
      vertex -5 -76.15 55
    endloop
  endfacet
  facet normal 0 0 -1
    outer loop
      vertex 5 -73.75 55
      vertex -5 -73.75 55
      vertex 5 -72.75 55
    endloop
  endfacet
  facet normal -0 0 -1
    outer loop
      vertex 5 -72.75 55
      vertex -5 -73.75 55
      vertex -5 -72.75 55
    endloop
  endfacet
  facet normal 0 0 1
    outer loop
      vertex -9.6 -81.6941 59
      vertex -9.79792 -81.9521 59
      vertex -9.6 -85.35 59
    endloop
  endfacet
  facet normal 0 0 1
    outer loop
      vertex 18 -68.75 59
      vertex 12.7 -80.75 59
      vertex 18 -92.75 59
    endloop
  endfacet
  facet normal 0 0 1
    outer loop
      vertex 18 -68.75 59
      vertex 12.6421 -80.31 59
      vertex 12.7 -80.75 59
    endloop
  endfacet
  facet normal 0 0 1
    outer loop
      vertex 18 -68.75 59
      vertex 12.4722 -79.9 59
      vertex 12.6421 -80.31 59
    endloop
  endfacet
  facet normal 0 0 1
    outer loop
      vertex 18 -68.75 59
      vertex 12.2021 -79.5479 59
      vertex 12.4722 -79.9 59
    endloop
  endfacet
  facet normal 0 0 1
    outer loop
      vertex 18 -68.75 59
      vertex 11.85 -79.2778 59
      vertex 12.2021 -79.5479 59
    endloop
  endfacet
  facet normal -0 0 1
    outer loop
      vertex 9.6 -76.15 59
      vertex 11.85 -79.2778 59
      vertex 18 -68.75 59
    endloop
  endfacet
  facet normal 0 0 1
    outer loop
      vertex 11.85 -79.2778 59
      vertex 9.6 -76.15 59
      vertex 11.44 -79.1079 59
    endloop
  endfacet
  facet normal 0 0 1
    outer loop
      vertex 11.44 -79.1079 59
      vertex 9.6 -76.15 59
      vertex 11 -79.05 59
    endloop
  endfacet
  facet normal 0 0 1
    outer loop
      vertex 11 -79.05 59
      vertex 9.6 -76.15 59
      vertex 10.56 -79.1079 59
    endloop
  endfacet
  facet normal 0 0 1
    outer loop
      vertex 10.56 -79.1079 59
      vertex 9.6 -76.15 59
      vertex 10.15 -79.2778 59
    endloop
  endfacet
  facet normal 0 0 1
    outer loop
      vertex 10.15 -79.2778 59
      vertex 9.6 -76.15 59
      vertex 9.79792 -79.5479 59
    endloop
  endfacet
  facet normal 0 0 1
    outer loop
      vertex 18 -68.75 59
      vertex -9.6 -76.15 59
      vertex 9.6 -76.15 59
    endloop
  endfacet
  facet normal 0 0 1
    outer loop
      vertex -9.6 -76.15 59
      vertex -9.79792 -79.5479 59
      vertex -9.6 -79.8059 59
    endloop
  endfacet
  facet normal 0 0 1
    outer loop
      vertex -9.6 -76.15 59
      vertex -10.15 -79.2778 59
      vertex -9.79792 -79.5479 59
    endloop
  endfacet
  facet normal 0 0 1
    outer loop
      vertex -9.6 -76.15 59
      vertex -10.56 -79.1079 59
      vertex -10.15 -79.2778 59
    endloop
  endfacet
  facet normal 0 0 1
    outer loop
      vertex -9.6 -76.15 59
      vertex -11 -79.05 59
      vertex -10.56 -79.1079 59
    endloop
  endfacet
  facet normal 0 0 1
    outer loop
      vertex -9.6 -76.15 59
      vertex -11.44 -79.1079 59
      vertex -11 -79.05 59
    endloop
  endfacet
  facet normal 0 0 1
    outer loop
      vertex -9.6 -76.15 59
      vertex -11.85 -79.2778 59
      vertex -11.44 -79.1079 59
    endloop
  endfacet
  facet normal 0 0 1
    outer loop
      vertex -18 -68.75 59
      vertex -11.85 -79.2778 59
      vertex -9.6 -76.15 59
    endloop
  endfacet
  facet normal 0 0 1
    outer loop
      vertex -11.85 -79.2778 59
      vertex -18 -68.75 59
      vertex -12.2021 -79.5479 59
    endloop
  endfacet
  facet normal 0 0 1
    outer loop
      vertex -12.6421 -80.31 59
      vertex -18 -68.75 59
      vertex -12.7 -80.75 59
    endloop
  endfacet
  facet normal 0 0 1
    outer loop
      vertex -12.4722 -79.9 59
      vertex -18 -68.75 59
      vertex -12.6421 -80.31 59
    endloop
  endfacet
  facet normal 0 0 1
    outer loop
      vertex -12.2021 -79.5479 59
      vertex -18 -68.75 59
      vertex -12.4722 -79.9 59
    endloop
  endfacet
  facet normal -0 0 1
    outer loop
      vertex -18 -68.75 59
      vertex -9.6 -76.15 59
      vertex 18 -68.75 59
    endloop
  endfacet
  facet normal -0 0 1
    outer loop
      vertex 12.6421 -81.19 59
      vertex 18 -92.75 59
      vertex 12.7 -80.75 59
    endloop
  endfacet
  facet normal -0 0 1
    outer loop
      vertex 12.4722 -81.6 59
      vertex 18 -92.75 59
      vertex 12.6421 -81.19 59
    endloop
  endfacet
  facet normal -0 0 1
    outer loop
      vertex 12.2021 -81.9521 59
      vertex 18 -92.75 59
      vertex 12.4722 -81.6 59
    endloop
  endfacet
  facet normal -0 0 1
    outer loop
      vertex 11.85 -82.2222 59
      vertex 18 -92.75 59
      vertex 12.2021 -81.9521 59
    endloop
  endfacet
  facet normal 0 0 1
    outer loop
      vertex 9.6 -85.35 59
      vertex 11.85 -82.2222 59
      vertex 11.44 -82.3921 59
    endloop
  endfacet
  facet normal 0 0 1
    outer loop
      vertex 9.6 -85.35 59
      vertex 11.44 -82.3921 59
      vertex 11 -82.45 59
    endloop
  endfacet
  facet normal 0 0 1
    outer loop
      vertex 9.6 -85.35 59
      vertex 11 -82.45 59
      vertex 10.56 -82.3921 59
    endloop
  endfacet
  facet normal 0 0 1
    outer loop
      vertex 9.6 -85.35 59
      vertex 10.56 -82.3921 59
      vertex 10.15 -82.2222 59
    endloop
  endfacet
  facet normal 0 0 1
    outer loop
      vertex 9.6 -85.35 59
      vertex 10.15 -82.2222 59
      vertex 9.79792 -81.9521 59
    endloop
  endfacet
  facet normal 0 0 1
    outer loop
      vertex 9.6 -85.35 59
      vertex 9.79792 -81.9521 59
      vertex 9.6 -81.6941 59
    endloop
  endfacet
  facet normal 0 0 1
    outer loop
      vertex 11.85 -82.2222 59
      vertex 9.6 -85.35 59
      vertex 18 -92.75 59
    endloop
  endfacet
  facet normal -0 0 1
    outer loop
      vertex -9.6 -85.35 59
      vertex 18 -92.75 59
      vertex 9.6 -85.35 59
    endloop
  endfacet
  facet normal -0 0 1
    outer loop
      vertex -10.15 -82.2222 59
      vertex -9.6 -85.35 59
      vertex -9.79792 -81.9521 59
    endloop
  endfacet
  facet normal -0 0 1
    outer loop
      vertex -10.56 -82.3921 59
      vertex -9.6 -85.35 59
      vertex -10.15 -82.2222 59
    endloop
  endfacet
  facet normal -0 0 1
    outer loop
      vertex -11 -82.45 59
      vertex -9.6 -85.35 59
      vertex -10.56 -82.3921 59
    endloop
  endfacet
  facet normal 0 0 1
    outer loop
      vertex -11.44 -82.3921 59
      vertex -9.6 -85.35 59
      vertex -11 -82.45 59
    endloop
  endfacet
  facet normal 0 0 1
    outer loop
      vertex -11.85 -82.2222 59
      vertex -9.6 -85.35 59
      vertex -11.44 -82.3921 59
    endloop
  endfacet
  facet normal 0 0 1
    outer loop
      vertex -18 -92.75 59
      vertex -11.85 -82.2222 59
      vertex -12.2021 -81.9521 59
    endloop
  endfacet
  facet normal 0 0 1
    outer loop
      vertex -18 -92.75 59
      vertex -12.2021 -81.9521 59
      vertex -12.4722 -81.6 59
    endloop
  endfacet
  facet normal 0 0 1
    outer loop
      vertex -18 -92.75 59
      vertex -12.7 -80.75 59
      vertex -18 -68.75 59
    endloop
  endfacet
  facet normal 0 0 1
    outer loop
      vertex -12.7 -80.75 59
      vertex -18 -92.75 59
      vertex -12.6421 -81.19 59
    endloop
  endfacet
  facet normal 0 0 1
    outer loop
      vertex -9.6 -85.35 59
      vertex -18 -92.75 59
      vertex 18 -92.75 59
    endloop
  endfacet
  facet normal 0 0 1
    outer loop
      vertex -11.85 -82.2222 59
      vertex -18 -92.75 59
      vertex -9.6 -85.35 59
    endloop
  endfacet
  facet normal 0 0 1
    outer loop
      vertex -12.6421 -81.19 59
      vertex -18 -92.75 59
      vertex -12.4722 -81.6 59
    endloop
  endfacet
  facet normal 0 0 1
    outer loop
      vertex 9.79792 -79.5479 59
      vertex 9.6 -76.15 59
      vertex 9.6 -79.8059 59
    endloop
  endfacet
  facet normal -1 0 0
    outer loop
      vertex -18 -92.75 55
      vertex -18 -68.75 59
      vertex -18 -68.75 55
    endloop
  endfacet
  facet normal -1 -0 0
    outer loop
      vertex -18 -68.75 59
      vertex -18 -92.75 55
      vertex -18 -92.75 59
    endloop
  endfacet
  facet normal 0 -1 0
    outer loop
      vertex -18 -92.75 55
      vertex 18 -92.75 59
      vertex -18 -92.75 59
    endloop
  endfacet
  facet normal 0 -1 -0
    outer loop
      vertex 18 -92.75 59
      vertex -18 -92.75 55
      vertex 18 -92.75 55
    endloop
  endfacet
  facet normal 0 1 -0
    outer loop
      vertex 18 -68.75 55
      vertex -18 -68.75 59
      vertex 18 -68.75 59
    endloop
  endfacet
  facet normal 0 1 0
    outer loop
      vertex -18 -68.75 59
      vertex 18 -68.75 55
      vertex -18 -68.75 55
    endloop
  endfacet
  facet normal 1 0 0
    outer loop
      vertex 12 -82.1071 55
      vertex 12 -87.75 55
      vertex 12 -82.1071 54.5
    endloop
  endfacet
  facet normal 1 0 0
    outer loop
      vertex 12 -79.3929 54.5
      vertex 12 -73.75 55
      vertex 12 -79.3929 55
    endloop
  endfacet
  facet normal 1 0 0
    outer loop
      vertex 12 -73.75 55
      vertex 12 -79.3929 54.5
      vertex 12 -73.75 3
    endloop
  endfacet
  facet normal 1 -0 0
    outer loop
      vertex 12 -82.1071 54.5
      vertex 12 -73.75 3
      vertex 12 -79.3929 54.5
    endloop
  endfacet
  facet normal 1 0 0
    outer loop
      vertex 12 -87.75 3
      vertex 12 -82.1071 54.5
      vertex 12 -87.75 55
    endloop
  endfacet
  facet normal 1 0 0
    outer loop
      vertex 12 -82.1071 54.5
      vertex 12 -87.75 3
      vertex 12 -73.75 3
    endloop
  endfacet
  facet normal -0 0 1
    outer loop
      vertex 38.6031 -94.5075 3
      vertex 43 -104 3
      vertex 43 -20 3
    endloop
  endfacet
  facet normal 0 0 1
    outer loop
      vertex 43 -104 3
      vertex 38.8666 -95.491 3
      vertex 38.9 -96 3
    endloop
  endfacet
  facet normal 0 0 1
    outer loop
      vertex 43 -104 3
      vertex 38.7671 -94.9906 3
      vertex 38.8666 -95.491 3
    endloop
  endfacet
  facet normal 0 0 1
    outer loop
      vertex 43 -104 3
      vertex 38.6031 -94.5075 3
      vertex 38.7671 -94.9906 3
    endloop
  endfacet
  facet normal 0 0 1
    outer loop
      vertex 43 -20 3
      vertex 38.3775 -94.05 3
      vertex 38.6031 -94.5075 3
    endloop
  endfacet
  facet normal 0 0 1
    outer loop
      vertex 43 -20 3
      vertex 38.0941 -93.6258 3
      vertex 38.3775 -94.05 3
    endloop
  endfacet
  facet normal 0 0 1
    outer loop
      vertex 43 -20 3
      vertex 37.7577 -93.2423 3
      vertex 38.0941 -93.6258 3
    endloop
  endfacet
  facet normal 0 0 1
    outer loop
      vertex 43 -20 3
      vertex 37.3742 -92.9059 3
      vertex 37.7577 -93.2423 3
    endloop
  endfacet
  facet normal 0 0 1
    outer loop
      vertex 43 -20 3
      vertex 36.95 -92.6225 3
      vertex 37.3742 -92.9059 3
    endloop
  endfacet
  facet normal 0 0 1
    outer loop
      vertex 43 -20 3
      vertex 36.4925 -92.3969 3
      vertex 36.95 -92.6225 3
    endloop
  endfacet
  facet normal 0 0 1
    outer loop
      vertex 43 -20 3
      vertex 36.0094 -92.2329 3
      vertex 36.4925 -92.3969 3
    endloop
  endfacet
  facet normal -0 0 1
    outer loop
      vertex 12 -73.75 3
      vertex 36.0094 -92.2329 3
      vertex 43 -20 3
    endloop
  endfacet
  facet normal 0 0 1
    outer loop
      vertex 36.0094 -92.2329 3
      vertex 12 -73.75 3
      vertex 35.5091 -92.1334 3
    endloop
  endfacet
  facet normal 0 0 1
    outer loop
      vertex 35.5091 -92.1334 3
      vertex 12 -73.75 3
      vertex 35 -92.1 3
    endloop
  endfacet
  facet normal 0 0 1
    outer loop
      vertex 35 -92.1 3
      vertex 12 -73.75 3
      vertex 34.4909 -92.1334 3
    endloop
  endfacet
  facet normal 0 0 1
    outer loop
      vertex 34.4909 -92.1334 3
      vertex 12 -73.75 3
      vertex 33.9906 -92.2329 3
    endloop
  endfacet
  facet normal 0 0 1
    outer loop
      vertex 33.9906 -92.2329 3
      vertex 12 -73.75 3
      vertex 33.5075 -92.3969 3
    endloop
  endfacet
  facet normal 0 0 1
    outer loop
      vertex 33.5075 -92.3969 3
      vertex 12 -73.75 3
      vertex 33.05 -92.6225 3
    endloop
  endfacet
  facet normal 0 0 1
    outer loop
      vertex 33.05 -92.6225 3
      vertex 12 -73.75 3
      vertex 32.6258 -92.9059 3
    endloop
  endfacet
  facet normal -0 0 1
    outer loop
      vertex 12 -87.75 3
      vertex 32.6258 -92.9059 3
      vertex 12 -73.75 3
    endloop
  endfacet
  facet normal 0 0 1
    outer loop
      vertex 32.6258 -92.9059 3
      vertex 12 -87.75 3
      vertex 32.2423 -93.2423 3
    endloop
  endfacet
  facet normal 0 0 1
    outer loop
      vertex 32.2423 -93.2423 3
      vertex 12 -87.75 3
      vertex 31.9059 -93.6258 3
    endloop
  endfacet
  facet normal 0 0 1
    outer loop
      vertex 31.9059 -93.6258 3
      vertex 12 -87.75 3
      vertex 31.6225 -94.05 3
    endloop
  endfacet
  facet normal 0 0 1
    outer loop
      vertex 31.6225 -94.05 3
      vertex 12 -87.75 3
      vertex 31.3969 -94.5075 3
    endloop
  endfacet
  facet normal 0 0 1
    outer loop
      vertex 31.1334 -95.491 3
      vertex 18.7 -104 3
      vertex 31.1 -96 3
    endloop
  endfacet
  facet normal 0 0 1
    outer loop
      vertex 31.3969 -94.5075 3
      vertex 12 -87.75 3
      vertex 31.2329 -94.9906 3
    endloop
  endfacet
  facet normal 0 0 1
    outer loop
      vertex 18.7 -104 3
      vertex 18.6709 -117.556 3
      vertex 18.7 -118 3
    endloop
  endfacet
  facet normal 0 0 1
    outer loop
      vertex 18.7 -104 3
      vertex 18.5841 -117.12 3
      vertex 18.6709 -117.556 3
    endloop
  endfacet
  facet normal 0 0 1
    outer loop
      vertex 18.7 -104 3
      vertex 18.4412 -116.699 3
      vertex 18.5841 -117.12 3
    endloop
  endfacet
  facet normal 0 0 1
    outer loop
      vertex 18.7 -104 3
      vertex 18.2445 -116.3 3
      vertex 18.4412 -116.699 3
    endloop
  endfacet
  facet normal 0 0 1
    outer loop
      vertex 18.7 -104 3
      vertex 17.9974 -115.93 3
      vertex 18.2445 -116.3 3
    endloop
  endfacet
  facet normal 0 0 1
    outer loop
      vertex 18.7 -104 3
      vertex 17.7042 -115.596 3
      vertex 17.9974 -115.93 3
    endloop
  endfacet
  facet normal 0 0 1
    outer loop
      vertex 18.7 -104 3
      vertex 17.3698 -115.303 3
      vertex 17.7042 -115.596 3
    endloop
  endfacet
  facet normal 0 0 1
    outer loop
      vertex 18.7 -104 3
      vertex 17 -115.056 3
      vertex 17.3698 -115.303 3
    endloop
  endfacet
  facet normal 0 0 1
    outer loop
      vertex 18.7 -104 3
      vertex 16.6011 -114.859 3
      vertex 17 -115.056 3
    endloop
  endfacet
  facet normal 0 0 1
    outer loop
      vertex 18.7 -104 3
      vertex 16.18 -114.716 3
      vertex 16.6011 -114.859 3
    endloop
  endfacet
  facet normal 0 0 1
    outer loop
      vertex 18.7 -104 3
      vertex 15.7438 -114.629 3
      vertex 16.18 -114.716 3
    endloop
  endfacet
  facet normal 0 0 1
    outer loop
      vertex 18.7 -104 3
      vertex 15.3 -114.6 3
      vertex 15.7438 -114.629 3
    endloop
  endfacet
  facet normal 0 0 1
    outer loop
      vertex 31.2329 -94.9906 3
      vertex 12 -87.75 3
      vertex 31.1334 -95.491 3
    endloop
  endfacet
  facet normal 0 -0 1
    outer loop
      vertex 12.8958 -115.596 3
      vertex 18.7 -104 3
      vertex 12 -87.75 3
    endloop
  endfacet
  facet normal 0 0 1
    outer loop
      vertex 18.7 -104 3
      vertex 14.8562 -114.629 3
      vertex 15.3 -114.6 3
    endloop
  endfacet
  facet normal 0 0 1
    outer loop
      vertex 18.7 -104 3
      vertex 14.42 -114.716 3
      vertex 14.8562 -114.629 3
    endloop
  endfacet
  facet normal 0 0 1
    outer loop
      vertex 18.7 -104 3
      vertex 13.9989 -114.859 3
      vertex 14.42 -114.716 3
    endloop
  endfacet
  facet normal 0 0 1
    outer loop
      vertex 18.7 -104 3
      vertex 13.6 -115.056 3
      vertex 13.9989 -114.859 3
    endloop
  endfacet
  facet normal 0 0 1
    outer loop
      vertex 18.7 -104 3
      vertex 13.2302 -115.303 3
      vertex 13.6 -115.056 3
    endloop
  endfacet
  facet normal 0 0 1
    outer loop
      vertex 18.7 -104 3
      vertex 12.8958 -115.596 3
      vertex 13.2302 -115.303 3
    endloop
  endfacet
  facet normal 0 0 1
    outer loop
      vertex -12.8958 -115.596 3
      vertex 12.8958 -115.596 3
      vertex 12 -87.75 3
    endloop
  endfacet
  facet normal 0 0 1
    outer loop
      vertex 12.8958 -115.596 3
      vertex -12.8958 -115.596 3
      vertex 12.6026 -115.93 3
    endloop
  endfacet
  facet normal 0 -0 1
    outer loop
      vertex -12.6026 -115.93 3
      vertex 12.6026 -115.93 3
      vertex -12.8958 -115.596 3
    endloop
  endfacet
  facet normal 0 0 1
    outer loop
      vertex 31.1334 -95.491 3
      vertex 12 -87.75 3
      vertex 18.7 -104 3
    endloop
  endfacet
  facet normal -0 0 1
    outer loop
      vertex -31.1334 -28.5091 3
      vertex 12 -73.75 3
      vertex 43 -20 3
    endloop
  endfacet
  facet normal 0 0 1
    outer loop
      vertex -43 -104 3
      vertex -12 -87.75 3
      vertex -12 -73.75 3
    endloop
  endfacet
  facet normal 0 0 1
    outer loop
      vertex 12.1588 -116.699 3
      vertex -12.1588 -116.699 3
      vertex -12.0159 -117.12 3
    endloop
  endfacet
  facet normal 0 0 1
    outer loop
      vertex 12.1588 -116.699 3
      vertex -12.3555 -116.3 3
      vertex -12.1588 -116.699 3
    endloop
  endfacet
  facet normal 0 0 1
    outer loop
      vertex 12.3555 -116.3 3
      vertex -12.3555 -116.3 3
      vertex 12.1588 -116.699 3
    endloop
  endfacet
  facet normal 0 -0 1
    outer loop
      vertex -12.8958 -115.596 3
      vertex -12 -87.75 3
      vertex -18.7 -104 3
    endloop
  endfacet
  facet normal 0 -0 1
    outer loop
      vertex -12.3555 -116.3 3
      vertex 12.3555 -116.3 3
      vertex -12.6026 -115.93 3
    endloop
  endfacet
  facet normal 0 0 1
    outer loop
      vertex -12.8958 -115.596 3
      vertex -18.7 -104 3
      vertex -13.2302 -115.303 3
    endloop
  endfacet
  facet normal 0 0 1
    outer loop
      vertex -13.2302 -115.303 3
      vertex -18.7 -104 3
      vertex -13.6 -115.056 3
    endloop
  endfacet
  facet normal 0 0 1
    outer loop
      vertex -13.6 -115.056 3
      vertex -18.7 -104 3
      vertex -13.9989 -114.859 3
    endloop
  endfacet
  facet normal 0 0 1
    outer loop
      vertex -13.9989 -114.859 3
      vertex -18.7 -104 3
      vertex -14.42 -114.716 3
    endloop
  endfacet
  facet normal 0 0 1
    outer loop
      vertex -14.42 -114.716 3
      vertex -18.7 -104 3
      vertex -14.8562 -114.629 3
    endloop
  endfacet
  facet normal 0 0 1
    outer loop
      vertex -14.8562 -114.629 3
      vertex -18.7 -104 3
      vertex -15.3 -114.6 3
    endloop
  endfacet
  facet normal 0 0 1
    outer loop
      vertex -15.3 -114.6 3
      vertex -18.7 -104 3
      vertex -15.7438 -114.629 3
    endloop
  endfacet
  facet normal 0 0 1
    outer loop
      vertex -15.7438 -114.629 3
      vertex -18.7 -104 3
      vertex -16.18 -114.716 3
    endloop
  endfacet
  facet normal 0 0 1
    outer loop
      vertex -16.18 -114.716 3
      vertex -18.7 -104 3
      vertex -16.6011 -114.859 3
    endloop
  endfacet
  facet normal 0 0 1
    outer loop
      vertex -16.6011 -114.859 3
      vertex -18.7 -104 3
      vertex -17 -115.056 3
    endloop
  endfacet
  facet normal 0 0 1
    outer loop
      vertex -17 -115.056 3
      vertex -18.7 -104 3
      vertex -17.3698 -115.303 3
    endloop
  endfacet
  facet normal 0 0 1
    outer loop
      vertex -17.3698 -115.303 3
      vertex -18.7 -104 3
      vertex -17.7042 -115.596 3
    endloop
  endfacet
  facet normal 0 0 1
    outer loop
      vertex -17.7042 -115.596 3
      vertex -18.7 -104 3
      vertex -17.9974 -115.93 3
    endloop
  endfacet
  facet normal 0 0 1
    outer loop
      vertex -17.9974 -115.93 3
      vertex -18.7 -104 3
      vertex -18.2445 -116.3 3
    endloop
  endfacet
  facet normal 0 0 1
    outer loop
      vertex -18.2445 -116.3 3
      vertex -18.7 -104 3
      vertex -18.4412 -116.699 3
    endloop
  endfacet
  facet normal 0 0 1
    outer loop
      vertex -18.4412 -116.699 3
      vertex -18.7 -104 3
      vertex -18.5841 -117.12 3
    endloop
  endfacet
  facet normal 0 0 1
    outer loop
      vertex -18.5841 -117.12 3
      vertex -18.7 -104 3
      vertex -18.6709 -117.556 3
    endloop
  endfacet
  facet normal 0 0 1
    outer loop
      vertex 12 -73.75 3
      vertex -31.1334 -28.5091 3
      vertex -31.2329 -29.0094 3
    endloop
  endfacet
  facet normal 0 0 1
    outer loop
      vertex -31.1334 -28.5091 3
      vertex 43 -20 3
      vertex -31.1 -28 3
    endloop
  endfacet
  facet normal 0 0 1
    outer loop
      vertex 43 -20 3
      vertex -31.1334 -27.4909 3
      vertex -31.1 -28 3
    endloop
  endfacet
  facet normal 0 0 1
    outer loop
      vertex 43 -20 3
      vertex -31.2329 -26.9906 3
      vertex -31.1334 -27.4909 3
    endloop
  endfacet
  facet normal 0 0 1
    outer loop
      vertex 43 -20 3
      vertex -31.3969 -26.5075 3
      vertex -31.2329 -26.9906 3
    endloop
  endfacet
  facet normal 0 0 1
    outer loop
      vertex 43 -20 3
      vertex -31.6225 -26.05 3
      vertex -31.3969 -26.5075 3
    endloop
  endfacet
  facet normal 0 0 1
    outer loop
      vertex 43 -20 3
      vertex -31.9059 -25.6258 3
      vertex -31.6225 -26.05 3
    endloop
  endfacet
  facet normal 0 0 1
    outer loop
      vertex 43 -20 3
      vertex -32.2423 -25.2423 3
      vertex -31.9059 -25.6258 3
    endloop
  endfacet
  facet normal 0 0 1
    outer loop
      vertex 43 -20 3
      vertex -32.6258 -24.9059 3
      vertex -32.2423 -25.2423 3
    endloop
  endfacet
  facet normal 0 0 1
    outer loop
      vertex 43 -20 3
      vertex -33.05 -24.6225 3
      vertex -32.6258 -24.9059 3
    endloop
  endfacet
  facet normal 0 0 1
    outer loop
      vertex 43 -20 3
      vertex -33.5075 -24.3969 3
      vertex -33.05 -24.6225 3
    endloop
  endfacet
  facet normal -0 0 1
    outer loop
      vertex -43 -20 3
      vertex -33.5075 -24.3969 3
      vertex 43 -20 3
    endloop
  endfacet
  facet normal 0 0 1
    outer loop
      vertex -33.5075 -24.3969 3
      vertex -43 -20 3
      vertex -33.9906 -24.2329 3
    endloop
  endfacet
  facet normal 0 0 1
    outer loop
      vertex -33.9906 -24.2329 3
      vertex -43 -20 3
      vertex -34.4909 -24.1334 3
    endloop
  endfacet
  facet normal 0 0 1
    outer loop
      vertex -38.8666 -27.4909 3
      vertex -43 -20 3
      vertex -38.9 -28 3
    endloop
  endfacet
  facet normal 0 0 1
    outer loop
      vertex -38.7671 -26.9906 3
      vertex -43 -20 3
      vertex -38.8666 -27.4909 3
    endloop
  endfacet
  facet normal 0 0 1
    outer loop
      vertex -38.6031 -26.5075 3
      vertex -43 -20 3
      vertex -38.7671 -26.9906 3
    endloop
  endfacet
  facet normal 0 0 1
    outer loop
      vertex -38.3775 -26.05 3
      vertex -43 -20 3
      vertex -38.6031 -26.5075 3
    endloop
  endfacet
  facet normal 0 0 1
    outer loop
      vertex -38.0941 -25.6258 3
      vertex -43 -20 3
      vertex -38.3775 -26.05 3
    endloop
  endfacet
  facet normal 0 0 1
    outer loop
      vertex -37.7577 -25.2423 3
      vertex -43 -20 3
      vertex -38.0941 -25.6258 3
    endloop
  endfacet
  facet normal 0 0 1
    outer loop
      vertex -37.3742 -24.9059 3
      vertex -43 -20 3
      vertex -37.7577 -25.2423 3
    endloop
  endfacet
  facet normal 0 0 1
    outer loop
      vertex -36.95 -24.6225 3
      vertex -43 -20 3
      vertex -37.3742 -24.9059 3
    endloop
  endfacet
  facet normal 0 0 1
    outer loop
      vertex -36.4925 -24.3969 3
      vertex -43 -20 3
      vertex -36.95 -24.6225 3
    endloop
  endfacet
  facet normal 0 0 1
    outer loop
      vertex -36.0094 -24.2329 3
      vertex -43 -20 3
      vertex -36.4925 -24.3969 3
    endloop
  endfacet
  facet normal 0 0 1
    outer loop
      vertex -35.5091 -24.1334 3
      vertex -43 -20 3
      vertex -36.0094 -24.2329 3
    endloop
  endfacet
  facet normal 0 0 1
    outer loop
      vertex -35 -24.1 3
      vertex -43 -20 3
      vertex -35.5091 -24.1334 3
    endloop
  endfacet
  facet normal 0 0 1
    outer loop
      vertex -34.4909 -24.1334 3
      vertex -43 -20 3
      vertex -35 -24.1 3
    endloop
  endfacet
  facet normal -0 0 1
    outer loop
      vertex 38.8666 -96.509 3
      vertex 43 -104 3
      vertex 38.9 -96 3
    endloop
  endfacet
  facet normal -0 0 1
    outer loop
      vertex 38.7671 -97.0094 3
      vertex 43 -104 3
      vertex 38.8666 -96.509 3
    endloop
  endfacet
  facet normal -0 0 1
    outer loop
      vertex 38.6031 -97.4925 3
      vertex 43 -104 3
      vertex 38.7671 -97.0094 3
    endloop
  endfacet
  facet normal -0 0 1
    outer loop
      vertex 38.3775 -97.95 3
      vertex 43 -104 3
      vertex 38.6031 -97.4925 3
    endloop
  endfacet
  facet normal -0 0 1
    outer loop
      vertex 38.0941 -98.3742 3
      vertex 43 -104 3
      vertex 38.3775 -97.95 3
    endloop
  endfacet
  facet normal -0 0 1
    outer loop
      vertex 37.7577 -98.7577 3
      vertex 43 -104 3
      vertex 38.0941 -98.3742 3
    endloop
  endfacet
  facet normal -0 0 1
    outer loop
      vertex 37.3742 -99.0941 3
      vertex 43 -104 3
      vertex 37.7577 -98.7577 3
    endloop
  endfacet
  facet normal -0 0 1
    outer loop
      vertex 36.95 -99.3775 3
      vertex 43 -104 3
      vertex 37.3742 -99.0941 3
    endloop
  endfacet
  facet normal -0 0 1
    outer loop
      vertex 36.4925 -99.6031 3
      vertex 43 -104 3
      vertex 36.95 -99.3775 3
    endloop
  endfacet
  facet normal -0 0 1
    outer loop
      vertex 36.0094 -99.7671 3
      vertex 43 -104 3
      vertex 36.4925 -99.6031 3
    endloop
  endfacet
  facet normal -0 0 1
    outer loop
      vertex 35.5091 -99.8666 3
      vertex 43 -104 3
      vertex 36.0094 -99.7671 3
    endloop
  endfacet
  facet normal -0 0 1
    outer loop
      vertex 35 -99.9 3
      vertex 43 -104 3
      vertex 35.5091 -99.8666 3
    endloop
  endfacet
  facet normal 0 0 1
    outer loop
      vertex 34.4909 -99.8666 3
      vertex 43 -104 3
      vertex 35 -99.9 3
    endloop
  endfacet
  facet normal 0 0 1
    outer loop
      vertex 18.7 -104 3
      vertex 34.4909 -99.8666 3
      vertex 33.9906 -99.7671 3
    endloop
  endfacet
  facet normal 0 0 1
    outer loop
      vertex 18.7 -104 3
      vertex 33.9906 -99.7671 3
      vertex 33.5075 -99.6031 3
    endloop
  endfacet
  facet normal 0 0 1
    outer loop
      vertex 34.4909 -99.8666 3
      vertex 18.7 -104 3
      vertex 43 -104 3
    endloop
  endfacet
  facet normal 0 0 1
    outer loop
      vertex 33.05 -99.3775 3
      vertex 18.7 -104 3
      vertex 33.5075 -99.6031 3
    endloop
  endfacet
  facet normal 0 0 1
    outer loop
      vertex 32.6258 -99.0941 3
      vertex 18.7 -104 3
      vertex 33.05 -99.3775 3
    endloop
  endfacet
  facet normal 0 0 1
    outer loop
      vertex 32.2423 -98.7577 3
      vertex 18.7 -104 3
      vertex 32.6258 -99.0941 3
    endloop
  endfacet
  facet normal 0 0 1
    outer loop
      vertex 31.9059 -98.3742 3
      vertex 18.7 -104 3
      vertex 32.2423 -98.7577 3
    endloop
  endfacet
  facet normal 0 0 1
    outer loop
      vertex 31.6225 -97.95 3
      vertex 18.7 -104 3
      vertex 31.9059 -98.3742 3
    endloop
  endfacet
  facet normal 0 0 1
    outer loop
      vertex 31.3969 -97.4925 3
      vertex 18.7 -104 3
      vertex 31.6225 -97.95 3
    endloop
  endfacet
  facet normal 0 0 1
    outer loop
      vertex 31.2329 -97.0094 3
      vertex 18.7 -104 3
      vertex 31.3969 -97.4925 3
    endloop
  endfacet
  facet normal 0 0 1
    outer loop
      vertex 31.1334 -96.509 3
      vertex 18.7 -104 3
      vertex 31.2329 -97.0094 3
    endloop
  endfacet
  facet normal 0 0 1
    outer loop
      vertex 18.7 -104 3
      vertex 31.1334 -96.509 3
      vertex 31.1 -96 3
    endloop
  endfacet
  facet normal 0 0 1
    outer loop
      vertex -12.8958 -115.596 3
      vertex 12 -87.75 3
      vertex -12 -87.75 3
    endloop
  endfacet
  facet normal 0 0 1
    outer loop
      vertex 12.1588 -116.699 3
      vertex -12.0159 -117.12 3
      vertex 12.0159 -117.12 3
    endloop
  endfacet
  facet normal 0 0 1
    outer loop
      vertex 12.0159 -117.12 3
      vertex -12.0159 -117.12 3
      vertex 11.9291 -117.556 3
    endloop
  endfacet
  facet normal 0 -0 1
    outer loop
      vertex -11.9291 -117.556 3
      vertex 11.9291 -117.556 3
      vertex -12.0159 -117.12 3
    endloop
  endfacet
  facet normal 0 0 1
    outer loop
      vertex 11.9 -118 3
      vertex -11.9291 -117.556 3
      vertex -11.9 -118 3
    endloop
  endfacet
  facet normal 0 0 1
    outer loop
      vertex 12.6026 -115.93 3
      vertex -12.6026 -115.93 3
      vertex 12.3555 -116.3 3
    endloop
  endfacet
  facet normal 0 0 1
    outer loop
      vertex 11.9291 -117.556 3
      vertex -11.9291 -117.556 3
      vertex 11.9 -118 3
    endloop
  endfacet
  facet normal -0 0 1
    outer loop
      vertex 18.6709 -118.444 3
      vertex 18.7 -132 3
      vertex 18.7 -118 3
    endloop
  endfacet
  facet normal -0 0 1
    outer loop
      vertex 18.5841 -118.88 3
      vertex 18.7 -132 3
      vertex 18.6709 -118.444 3
    endloop
  endfacet
  facet normal -0 0 1
    outer loop
      vertex 18.4412 -119.301 3
      vertex 18.7 -132 3
      vertex 18.5841 -118.88 3
    endloop
  endfacet
  facet normal -0 0 1
    outer loop
      vertex 18.2445 -119.7 3
      vertex 18.7 -132 3
      vertex 18.4412 -119.301 3
    endloop
  endfacet
  facet normal -0 0 1
    outer loop
      vertex 17.9974 -120.07 3
      vertex 18.7 -132 3
      vertex 18.2445 -119.7 3
    endloop
  endfacet
  facet normal -0 0 1
    outer loop
      vertex 17.7042 -120.404 3
      vertex 18.7 -132 3
      vertex 17.9974 -120.07 3
    endloop
  endfacet
  facet normal -0 0 1
    outer loop
      vertex 17.3698 -120.697 3
      vertex 18.7 -132 3
      vertex 17.7042 -120.404 3
    endloop
  endfacet
  facet normal -0 0 1
    outer loop
      vertex 17 -120.944 3
      vertex 18.7 -132 3
      vertex 17.3698 -120.697 3
    endloop
  endfacet
  facet normal -0 0 1
    outer loop
      vertex 16.6011 -121.141 3
      vertex 18.7 -132 3
      vertex 17 -120.944 3
    endloop
  endfacet
  facet normal -0 0 1
    outer loop
      vertex 16.18 -121.284 3
      vertex 18.7 -132 3
      vertex 16.6011 -121.141 3
    endloop
  endfacet
  facet normal -0 0 1
    outer loop
      vertex 15.7438 -121.371 3
      vertex 18.7 -132 3
      vertex 16.18 -121.284 3
    endloop
  endfacet
  facet normal -0 0 1
    outer loop
      vertex 15.3 -121.4 3
      vertex 18.7 -132 3
      vertex 15.7438 -121.371 3
    endloop
  endfacet
  facet normal 0 0 1
    outer loop
      vertex 14.8562 -121.371 3
      vertex 18.7 -132 3
      vertex 15.3 -121.4 3
    endloop
  endfacet
  facet normal 0 0 1
    outer loop
      vertex 14.42 -121.284 3
      vertex 18.7 -132 3
      vertex 14.8562 -121.371 3
    endloop
  endfacet
  facet normal 0 0 1
    outer loop
      vertex 13.9989 -121.141 3
      vertex 18.7 -132 3
      vertex 14.42 -121.284 3
    endloop
  endfacet
  facet normal 0 0 1
    outer loop
      vertex 13.6 -120.944 3
      vertex 18.7 -132 3
      vertex 13.9989 -121.141 3
    endloop
  endfacet
  facet normal 0 0 1
    outer loop
      vertex 13.2302 -120.697 3
      vertex 18.7 -132 3
      vertex 13.6 -120.944 3
    endloop
  endfacet
  facet normal 0 0 1
    outer loop
      vertex 12.8958 -120.404 3
      vertex 18.7 -132 3
      vertex 13.2302 -120.697 3
    endloop
  endfacet
  facet normal 0 0 1
    outer loop
      vertex -12.8958 -120.404 3
      vertex 12.8958 -120.404 3
      vertex 12.6026 -120.07 3
    endloop
  endfacet
  facet normal 0 0 1
    outer loop
      vertex -12.6026 -120.07 3
      vertex 12.6026 -120.07 3
      vertex 12.3555 -119.7 3
    endloop
  endfacet
  facet normal -0 0 1
    outer loop
      vertex -11.9 -118 3
      vertex 11.9291 -118.444 3
      vertex 11.9 -118 3
    endloop
  endfacet
  facet normal 0 0 1
    outer loop
      vertex -11.9291 -118.444 3
      vertex 11.9291 -118.444 3
      vertex -11.9 -118 3
    endloop
  endfacet
  facet normal 0 0 1
    outer loop
      vertex 11.9291 -118.444 3
      vertex -11.9291 -118.444 3
      vertex 12.0159 -118.88 3
    endloop
  endfacet
  facet normal 0 0 1
    outer loop
      vertex -12.0159 -118.88 3
      vertex 12.0159 -118.88 3
      vertex -11.9291 -118.444 3
    endloop
  endfacet
  facet normal 0 0 1
    outer loop
      vertex 12.0159 -118.88 3
      vertex -12.0159 -118.88 3
      vertex 12.1588 -119.301 3
    endloop
  endfacet
  facet normal 0 0 1
    outer loop
      vertex -12.1588 -119.301 3
      vertex 12.1588 -119.301 3
      vertex -12.0159 -118.88 3
    endloop
  endfacet
  facet normal 0 0 1
    outer loop
      vertex 12.1588 -119.301 3
      vertex -12.1588 -119.301 3
      vertex 12.3555 -119.7 3
    endloop
  endfacet
  facet normal 0 0 1
    outer loop
      vertex -12.3555 -119.7 3
      vertex 12.3555 -119.7 3
      vertex -12.1588 -119.301 3
    endloop
  endfacet
  facet normal 0 0 1
    outer loop
      vertex -12.6026 -120.07 3
      vertex 12.3555 -119.7 3
      vertex -12.3555 -119.7 3
    endloop
  endfacet
  facet normal 0 0 1
    outer loop
      vertex 12.6026 -120.07 3
      vertex -12.6026 -120.07 3
      vertex -12.8958 -120.404 3
    endloop
  endfacet
  facet normal 0 0 1
    outer loop
      vertex 12.8958 -120.404 3
      vertex -12.8958 -120.404 3
      vertex 18.7 -132 3
    endloop
  endfacet
  facet normal 0 0 1
    outer loop
      vertex -18.7 -132 3
      vertex -12.8958 -120.404 3
      vertex -13.2302 -120.697 3
    endloop
  endfacet
  facet normal 0 0 1
    outer loop
      vertex -18.7 -132 3
      vertex -13.2302 -120.697 3
      vertex -13.6 -120.944 3
    endloop
  endfacet
  facet normal 0 0 1
    outer loop
      vertex -18.7 -132 3
      vertex -13.6 -120.944 3
      vertex -13.9989 -121.141 3
    endloop
  endfacet
  facet normal 0 0 1
    outer loop
      vertex -18.7 -132 3
      vertex -13.9989 -121.141 3
      vertex -14.42 -121.284 3
    endloop
  endfacet
  facet normal 0 0 1
    outer loop
      vertex -18.7 -132 3
      vertex -14.42 -121.284 3
      vertex -14.8562 -121.371 3
    endloop
  endfacet
  facet normal 0 0 1
    outer loop
      vertex -18.7 -132 3
      vertex -14.8562 -121.371 3
      vertex -15.3 -121.4 3
    endloop
  endfacet
  facet normal 0 0 1
    outer loop
      vertex -18.7 -132 3
      vertex -15.3 -121.4 3
      vertex -15.7438 -121.371 3
    endloop
  endfacet
  facet normal 0 0 1
    outer loop
      vertex -18.7 -132 3
      vertex -15.7438 -121.371 3
      vertex -16.18 -121.284 3
    endloop
  endfacet
  facet normal 0 0 1
    outer loop
      vertex -12.8958 -120.404 3
      vertex -18.7 -132 3
      vertex 18.7 -132 3
    endloop
  endfacet
  facet normal 0 0 1
    outer loop
      vertex -16.6011 -121.141 3
      vertex -18.7 -132 3
      vertex -16.18 -121.284 3
    endloop
  endfacet
  facet normal 0 0 1
    outer loop
      vertex -17 -120.944 3
      vertex -18.7 -132 3
      vertex -16.6011 -121.141 3
    endloop
  endfacet
  facet normal 0 0 1
    outer loop
      vertex -17.3698 -120.697 3
      vertex -18.7 -132 3
      vertex -17 -120.944 3
    endloop
  endfacet
  facet normal 0 0 1
    outer loop
      vertex -17.7042 -120.404 3
      vertex -18.7 -132 3
      vertex -17.3698 -120.697 3
    endloop
  endfacet
  facet normal 0 0 1
    outer loop
      vertex -17.9974 -120.07 3
      vertex -18.7 -132 3
      vertex -17.7042 -120.404 3
    endloop
  endfacet
  facet normal 0 0 1
    outer loop
      vertex -18.2445 -119.7 3
      vertex -18.7 -132 3
      vertex -17.9974 -120.07 3
    endloop
  endfacet
  facet normal 0 0 1
    outer loop
      vertex -18.4412 -119.301 3
      vertex -18.7 -132 3
      vertex -18.2445 -119.7 3
    endloop
  endfacet
  facet normal 0 0 1
    outer loop
      vertex -18.5841 -118.88 3
      vertex -18.7 -132 3
      vertex -18.4412 -119.301 3
    endloop
  endfacet
  facet normal 0 0 1
    outer loop
      vertex -18.6709 -118.444 3
      vertex -18.7 -132 3
      vertex -18.5841 -118.88 3
    endloop
  endfacet
  facet normal 0 0 1
    outer loop
      vertex -18.7 -132 3
      vertex -18.6709 -118.444 3
      vertex -18.7 -118 3
    endloop
  endfacet
  facet normal 0 0 1
    outer loop
      vertex -18.6709 -117.556 3
      vertex -18.7 -104 3
      vertex -18.7 -118 3
    endloop
  endfacet
  facet normal -0 0 1
    outer loop
      vertex -31.3969 -29.4925 3
      vertex 12 -73.75 3
      vertex -31.2329 -29.0094 3
    endloop
  endfacet
  facet normal 0 0 1
    outer loop
      vertex 12 -73.75 3
      vertex -31.3969 -29.4925 3
      vertex -12 -73.75 3
    endloop
  endfacet
  facet normal -0 0 1
    outer loop
      vertex -31.6225 -29.95 3
      vertex -12 -73.75 3
      vertex -31.3969 -29.4925 3
    endloop
  endfacet
  facet normal -0 0 1
    outer loop
      vertex -31.9059 -30.3742 3
      vertex -12 -73.75 3
      vertex -31.6225 -29.95 3
    endloop
  endfacet
  facet normal -0 0 1
    outer loop
      vertex -32.2423 -30.7577 3
      vertex -12 -73.75 3
      vertex -31.9059 -30.3742 3
    endloop
  endfacet
  facet normal -0 0 1
    outer loop
      vertex -32.6258 -31.0941 3
      vertex -12 -73.75 3
      vertex -32.2423 -30.7577 3
    endloop
  endfacet
  facet normal -0 0 1
    outer loop
      vertex -33.05 -31.3775 3
      vertex -12 -73.75 3
      vertex -32.6258 -31.0941 3
    endloop
  endfacet
  facet normal -0 0 1
    outer loop
      vertex -33.5075 -31.6031 3
      vertex -12 -73.75 3
      vertex -33.05 -31.3775 3
    endloop
  endfacet
  facet normal -0 0 1
    outer loop
      vertex -33.9906 -31.7671 3
      vertex -12 -73.75 3
      vertex -33.5075 -31.6031 3
    endloop
  endfacet
  facet normal -0 0 1
    outer loop
      vertex -34.4909 -31.8666 3
      vertex -12 -73.75 3
      vertex -33.9906 -31.7671 3
    endloop
  endfacet
  facet normal -0 0 1
    outer loop
      vertex -35 -31.9 3
      vertex -12 -73.75 3
      vertex -34.4909 -31.8666 3
    endloop
  endfacet
  facet normal 0 0 1
    outer loop
      vertex -35.5091 -31.8666 3
      vertex -12 -73.75 3
      vertex -35 -31.9 3
    endloop
  endfacet
  facet normal 0 0 1
    outer loop
      vertex -36.0094 -31.7671 3
      vertex -12 -73.75 3
      vertex -35.5091 -31.8666 3
    endloop
  endfacet
  facet normal 0 0 1
    outer loop
      vertex -36.4925 -31.6031 3
      vertex -12 -73.75 3
      vertex -36.0094 -31.7671 3
    endloop
  endfacet
  facet normal 0 0 1
    outer loop
      vertex -12 -73.75 3
      vertex -36.4925 -31.6031 3
      vertex -43 -104 3
    endloop
  endfacet
  facet normal 0 0 1
    outer loop
      vertex -43 -104 3
      vertex -36.4925 -31.6031 3
      vertex -36.95 -31.3775 3
    endloop
  endfacet
  facet normal 0 0 1
    outer loop
      vertex -43 -104 3
      vertex -36.95 -31.3775 3
      vertex -37.3742 -31.0941 3
    endloop
  endfacet
  facet normal 0 0 1
    outer loop
      vertex -43 -104 3
      vertex -37.3742 -31.0941 3
      vertex -37.7577 -30.7577 3
    endloop
  endfacet
  facet normal 0 0 1
    outer loop
      vertex -43 -104 3
      vertex -37.7577 -30.7577 3
      vertex -38.0941 -30.3742 3
    endloop
  endfacet
  facet normal 0 0 1
    outer loop
      vertex -43 -104 3
      vertex -38.0941 -30.3742 3
      vertex -38.3775 -29.95 3
    endloop
  endfacet
  facet normal 0 0 1
    outer loop
      vertex -43 -104 3
      vertex -38.3775 -29.95 3
      vertex -38.6031 -29.4925 3
    endloop
  endfacet
  facet normal 0 0 1
    outer loop
      vertex -43 -20 3
      vertex -38.6031 -29.4925 3
      vertex -38.7671 -29.0094 3
    endloop
  endfacet
  facet normal 0 0 1
    outer loop
      vertex -43 -20 3
      vertex -38.8666 -28.5091 3
      vertex -38.9 -28 3
    endloop
  endfacet
  facet normal 0 0 1
    outer loop
      vertex -43 -20 3
      vertex -38.7671 -29.0094 3
      vertex -38.8666 -28.5091 3
    endloop
  endfacet
  facet normal 0 0 1
    outer loop
      vertex -38.6031 -29.4925 3
      vertex -43 -20 3
      vertex -43 -104 3
    endloop
  endfacet
  facet normal 0 0 1
    outer loop
      vertex -12 -87.75 3
      vertex -43 -104 3
      vertex -18.7 -104 3
    endloop
  endfacet
  facet normal -1 0 0
    outer loop
      vertex -12 -73.75 3
      vertex -12 -79.3929 54.5
      vertex -12 -73.75 55
    endloop
  endfacet
  facet normal -1 0 0
    outer loop
      vertex -12 -73.75 3
      vertex -12 -82.1071 54.5
      vertex -12 -79.3929 54.5
    endloop
  endfacet
  facet normal -1 0 0
    outer loop
      vertex -12 -87.75 3
      vertex -12 -82.1071 54.5
      vertex -12 -73.75 3
    endloop
  endfacet
  facet normal -1 0 0
    outer loop
      vertex -12 -87.75 55
      vertex -12 -82.1071 54.5
      vertex -12 -87.75 3
    endloop
  endfacet
  facet normal -1 0 0
    outer loop
      vertex -12 -82.1071 54.5
      vertex -12 -87.75 55
      vertex -12 -82.1071 55
    endloop
  endfacet
  facet normal -1 -0 0
    outer loop
      vertex -12 -73.75 55
      vertex -12 -79.3929 54.5
      vertex -12 -79.3929 55
    endloop
  endfacet
  facet normal 0 1 0
    outer loop
      vertex 12 -73.75 55
      vertex 5 -73.75 47
      vertex 5 -73.75 55
    endloop
  endfacet
  facet normal 0 1 0
    outer loop
      vertex 5 -73.75 47
      vertex 12 -73.75 3
      vertex -5 -73.75 47
    endloop
  endfacet
  facet normal 0 1 -0
    outer loop
      vertex 12 -73.75 3
      vertex 5 -73.75 47
      vertex 12 -73.75 55
    endloop
  endfacet
  facet normal 0 1 -0
    outer loop
      vertex -5 -73.75 47
      vertex -12 -73.75 55
      vertex -5 -73.75 55
    endloop
  endfacet
  facet normal 0 1 0
    outer loop
      vertex -12 -73.75 3
      vertex -5 -73.75 47
      vertex 12 -73.75 3
    endloop
  endfacet
  facet normal 0 1 0
    outer loop
      vertex -5 -73.75 47
      vertex -12 -73.75 3
      vertex -12 -73.75 55
    endloop
  endfacet
  facet normal 1 -0 0
    outer loop
      vertex 43 -104 3
      vertex 43 -20 0
      vertex 43 -20 3
    endloop
  endfacet
  facet normal 1 0 0
    outer loop
      vertex 43 -20 0
      vertex 43 -104 3
      vertex 43 -104 0
    endloop
  endfacet
  facet normal -1 0 0
    outer loop
      vertex -43 -104 0
      vertex -43 -20 3
      vertex -43 -20 0
    endloop
  endfacet
  facet normal -1 -0 0
    outer loop
      vertex -43 -20 3
      vertex -43 -104 0
      vertex -43 -104 3
    endloop
  endfacet
  facet normal 0 -1 0
    outer loop
      vertex -43 -104 0
      vertex -18.7 -104 3
      vertex -43 -104 3
    endloop
  endfacet
  facet normal 0 -1 -0
    outer loop
      vertex -18.7 -104 3
      vertex -43 -104 0
      vertex -18.7 -104 0
    endloop
  endfacet
  facet normal 0 -1 0
    outer loop
      vertex 18.7 -104 0
      vertex 43 -104 3
      vertex 18.7 -104 3
    endloop
  endfacet
  facet normal 0 -1 -0
    outer loop
      vertex 43 -104 3
      vertex 18.7 -104 0
      vertex 43 -104 0
    endloop
  endfacet
  facet normal 0 1 -0
    outer loop
      vertex 43 -20 0
      vertex -43 -20 3
      vertex 43 -20 3
    endloop
  endfacet
  facet normal 0 1 0
    outer loop
      vertex -43 -20 3
      vertex 43 -20 0
      vertex -43 -20 0
    endloop
  endfacet
  facet normal 1 -0 0
    outer loop
      vertex 18.7 -118 3
      vertex 18.7 -104 0
      vertex 18.7 -104 3
    endloop
  endfacet
  facet normal 1 0 0
    outer loop
      vertex 18.7 -132 0
      vertex 18.7 -118 3
      vertex 18.7 -132 3
    endloop
  endfacet
  facet normal 1 0 0
    outer loop
      vertex 18.7 -118 3
      vertex 18.7 -132 0
      vertex 18.7 -104 0
    endloop
  endfacet
  facet normal -1 0 0
    outer loop
      vertex -18.7 -104 0
      vertex -18.7 -118 3
      vertex -18.7 -104 3
    endloop
  endfacet
  facet normal -1 0 0
    outer loop
      vertex -18.7 -132 0
      vertex -18.7 -118 3
      vertex -18.7 -104 0
    endloop
  endfacet
  facet normal -1 -0 0
    outer loop
      vertex -18.7 -118 3
      vertex -18.7 -132 0
      vertex -18.7 -132 3
    endloop
  endfacet
  facet normal 0 -1 0
    outer loop
      vertex -18.7 -132 0
      vertex 18.7 -132 3
      vertex -18.7 -132 3
    endloop
  endfacet
  facet normal 0 -1 -0
    outer loop
      vertex 18.7 -132 3
      vertex -18.7 -132 0
      vertex 18.7 -132 0
    endloop
  endfacet
  facet normal 0.991453 0.130466 0
    outer loop
      vertex -12.6421 -81.19 59
      vertex -12.7 -80.75 55
      vertex -12.7 -80.75 59
    endloop
  endfacet
  facet normal 0.991453 0.130466 0
    outer loop
      vertex -12.7 -80.75 55
      vertex -12.6421 -81.19 59
      vertex -12.6421 -81.19 55
    endloop
  endfacet
  facet normal -0.793428 0.608664 0
    outer loop
      vertex -9.79792 -81.9521 54.5
      vertex -9.6 -81.6941 59
      vertex -9.6 -81.6941 54.5
    endloop
  endfacet
  facet normal -0.793428 0.608664 0
    outer loop
      vertex -9.6 -81.6941 59
      vertex -9.79792 -81.9521 54.5
      vertex -9.79792 -81.9521 59
    endloop
  endfacet
  facet normal 0.793436 0.608654 0
    outer loop
      vertex -12.2021 -81.9521 59
      vertex -12.4722 -81.6 55
      vertex -12.4722 -81.6 59
    endloop
  endfacet
  facet normal 0.793436 0.608654 0
    outer loop
      vertex -12.4722 -81.6 55
      vertex -12.2021 -81.9521 59
      vertex -12.2021 -81.9521 55
    endloop
  endfacet
  facet normal 0.130466 -0.991453 0
    outer loop
      vertex -11.44 -79.1079 54.5
      vertex -11 -79.05 59
      vertex -11.44 -79.1079 59
    endloop
  endfacet
  facet normal 0.130466 -0.991453 0
    outer loop
      vertex -11 -79.05 59
      vertex -11.44 -79.1079 54.5
      vertex -11 -79.05 54.5
    endloop
  endfacet
  facet normal 0.382823 -0.923822 0
    outer loop
      vertex -11.85 -79.2778 54.5
      vertex -11.44 -79.1079 59
      vertex -11.85 -79.2778 59
    endloop
  endfacet
  facet normal 0.382823 -0.923822 0
    outer loop
      vertex -11.44 -79.1079 59
      vertex -11.85 -79.2778 54.5
      vertex -11.44 -79.1079 54.5
    endloop
  endfacet
  facet normal -0.608676 0.793419 0
    outer loop
      vertex -9.79792 -81.9521 54.5
      vertex -10.15 -82.2222 59
      vertex -9.79792 -81.9521 59
    endloop
  endfacet
  facet normal -0.608676 0.793419 0
    outer loop
      vertex -10.15 -82.2222 59
      vertex -9.79792 -81.9521 54.5
      vertex -10.15 -82.2222 54.5
    endloop
  endfacet
  facet normal 0.923822 -0.382823 0
    outer loop
      vertex -12.6421 -80.31 59
      vertex -12.4722 -79.9 55
      vertex -12.4722 -79.9 59
    endloop
  endfacet
  facet normal 0.923822 -0.382823 0
    outer loop
      vertex -12.4722 -79.9 55
      vertex -12.6421 -80.31 59
      vertex -12.6421 -80.31 55
    endloop
  endfacet
  facet normal -0.382823 -0.923822 0
    outer loop
      vertex -10.56 -79.1079 54.5
      vertex -10.15 -79.2778 59
      vertex -10.56 -79.1079 59
    endloop
  endfacet
  facet normal -0.382823 -0.923822 -0
    outer loop
      vertex -10.15 -79.2778 59
      vertex -10.56 -79.1079 54.5
      vertex -10.15 -79.2778 54.5
    endloop
  endfacet
  facet normal 0.923822 0.382823 0
    outer loop
      vertex -12.4722 -81.6 59
      vertex -12.6421 -81.19 55
      vertex -12.6421 -81.19 59
    endloop
  endfacet
  facet normal 0.923822 0.382823 0
    outer loop
      vertex -12.6421 -81.19 55
      vertex -12.4722 -81.6 59
      vertex -12.4722 -81.6 55
    endloop
  endfacet
  facet normal 0.608654 0.793436 6.59694e-06
    outer loop
      vertex -11.85 -82.2222 59
      vertex -12 -82.1071 55
      vertex -12.2021 -81.9521 59
    endloop
  endfacet
  facet normal 0.608765 0.793351 -0
    outer loop
      vertex -11.85 -82.2222 54.5
      vertex -12 -82.1071 55
      vertex -11.85 -82.2222 59
    endloop
  endfacet
  facet normal 0.608765 0.793351 0
    outer loop
      vertex -12 -82.1071 55
      vertex -11.85 -82.2222 54.5
      vertex -12 -82.1071 54.5
    endloop
  endfacet
  facet normal 0.608572 0.793499 0
    outer loop
      vertex -12.2021 -81.9521 59
      vertex -12 -82.1071 55
      vertex -12.2021 -81.9521 55
    endloop
  endfacet
  facet normal -0.608676 -0.793419 0
    outer loop
      vertex -10.15 -79.2778 54.5
      vertex -9.79792 -79.5479 59
      vertex -10.15 -79.2778 59
    endloop
  endfacet
  facet normal -0.608676 -0.793419 -0
    outer loop
      vertex -9.79792 -79.5479 59
      vertex -10.15 -79.2778 54.5
      vertex -9.79792 -79.5479 54.5
    endloop
  endfacet
  facet normal 0.382823 0.923822 -0
    outer loop
      vertex -11.44 -82.3921 54.5
      vertex -11.85 -82.2222 59
      vertex -11.44 -82.3921 59
    endloop
  endfacet
  facet normal 0.382823 0.923822 0
    outer loop
      vertex -11.85 -82.2222 59
      vertex -11.44 -82.3921 54.5
      vertex -11.85 -82.2222 54.5
    endloop
  endfacet
  facet normal -0.130466 0.991453 0
    outer loop
      vertex -10.56 -82.3921 54.5
      vertex -11 -82.45 59
      vertex -10.56 -82.3921 59
    endloop
  endfacet
  facet normal -0.130466 0.991453 0
    outer loop
      vertex -11 -82.45 59
      vertex -10.56 -82.3921 54.5
      vertex -11 -82.45 54.5
    endloop
  endfacet
  facet normal -0.793428 -0.608664 0
    outer loop
      vertex -9.6 -79.8059 54.5
      vertex -9.79792 -79.5479 59
      vertex -9.79792 -79.5479 54.5
    endloop
  endfacet
  facet normal -0.793428 -0.608664 0
    outer loop
      vertex -9.79792 -79.5479 59
      vertex -9.6 -79.8059 54.5
      vertex -9.6 -79.8059 59
    endloop
  endfacet
  facet normal -0.382823 0.923822 0
    outer loop
      vertex -10.15 -82.2222 54.5
      vertex -10.56 -82.3921 59
      vertex -10.15 -82.2222 59
    endloop
  endfacet
  facet normal -0.382823 0.923822 0
    outer loop
      vertex -10.56 -82.3921 59
      vertex -10.15 -82.2222 54.5
      vertex -10.56 -82.3921 54.5
    endloop
  endfacet
  facet normal 0.608572 -0.793499 0
    outer loop
      vertex -12 -79.3929 55
      vertex -12.2021 -79.5479 59
      vertex -12.2021 -79.5479 55
    endloop
  endfacet
  facet normal 0.608654 -0.793436 6.59694e-06
    outer loop
      vertex -12.2021 -79.5479 59
      vertex -12 -79.3929 55
      vertex -11.85 -79.2778 59
    endloop
  endfacet
  facet normal 0.608765 -0.793351 0
    outer loop
      vertex -11.85 -79.2778 54.5
      vertex -12 -79.3929 55
      vertex -12 -79.3929 54.5
    endloop
  endfacet
  facet normal 0.608765 -0.793351 0
    outer loop
      vertex -12 -79.3929 55
      vertex -11.85 -79.2778 54.5
      vertex -11.85 -79.2778 59
    endloop
  endfacet
  facet normal 0.991453 -0.130466 0
    outer loop
      vertex -12.7 -80.75 59
      vertex -12.6421 -80.31 55
      vertex -12.6421 -80.31 59
    endloop
  endfacet
  facet normal 0.991453 -0.130466 0
    outer loop
      vertex -12.6421 -80.31 55
      vertex -12.7 -80.75 59
      vertex -12.7 -80.75 55
    endloop
  endfacet
  facet normal 0.130466 0.991453 -0
    outer loop
      vertex -11 -82.45 54.5
      vertex -11.44 -82.3921 59
      vertex -11 -82.45 59
    endloop
  endfacet
  facet normal 0.130466 0.991453 0
    outer loop
      vertex -11.44 -82.3921 59
      vertex -11 -82.45 54.5
      vertex -11.44 -82.3921 54.5
    endloop
  endfacet
  facet normal 0 0 1
    outer loop
      vertex -10.15 -79.2778 54.5
      vertex -9.6 -79.8059 54.5
      vertex -9.79792 -79.5479 54.5
    endloop
  endfacet
  facet normal 0 0 1
    outer loop
      vertex -10.56 -79.1079 54.5
      vertex -9.6 -79.8059 54.5
      vertex -10.15 -79.2778 54.5
    endloop
  endfacet
  facet normal -0 0 1
    outer loop
      vertex -12 -79.3929 54.5
      vertex -9.6 -79.8059 54.5
      vertex -10.56 -79.1079 54.5
    endloop
  endfacet
  facet normal 0 0 1
    outer loop
      vertex -9.6 -81.6941 54.5
      vertex -10.15 -82.2222 54.5
      vertex -9.79792 -81.9521 54.5
    endloop
  endfacet
  facet normal 0 0 1
    outer loop
      vertex -9.6 -79.8059 54.5
      vertex -12 -79.3929 54.5
      vertex -9.6 -81.6941 54.5
    endloop
  endfacet
  facet normal 0 0 1
    outer loop
      vertex -9.6 -81.6941 54.5
      vertex -10.56 -82.3921 54.5
      vertex -10.15 -82.2222 54.5
    endloop
  endfacet
  facet normal 0 0 1
    outer loop
      vertex -12 -79.3929 54.5
      vertex -10.56 -79.1079 54.5
      vertex -11 -79.05 54.5
    endloop
  endfacet
  facet normal 0 0 1
    outer loop
      vertex -12 -82.1071 54.5
      vertex -9.6 -81.6941 54.5
      vertex -12 -79.3929 54.5
    endloop
  endfacet
  facet normal 0 0 1
    outer loop
      vertex -12 -79.3929 54.5
      vertex -11 -79.05 54.5
      vertex -11.44 -79.1079 54.5
    endloop
  endfacet
  facet normal 0 0 1
    outer loop
      vertex -9.6 -81.6941 54.5
      vertex -12 -82.1071 54.5
      vertex -10.56 -82.3921 54.5
    endloop
  endfacet
  facet normal 0 0 1
    outer loop
      vertex -12 -79.3929 54.5
      vertex -11.44 -79.1079 54.5
      vertex -11.85 -79.2778 54.5
    endloop
  endfacet
  facet normal 0 0 1
    outer loop
      vertex -10.56 -82.3921 54.5
      vertex -12 -82.1071 54.5
      vertex -11 -82.45 54.5
    endloop
  endfacet
  facet normal 0 0 1
    outer loop
      vertex -11 -82.45 54.5
      vertex -12 -82.1071 54.5
      vertex -11.44 -82.3921 54.5
    endloop
  endfacet
  facet normal 0 0 1
    outer loop
      vertex -11.44 -82.3921 54.5
      vertex -12 -82.1071 54.5
      vertex -11.85 -82.2222 54.5
    endloop
  endfacet
  facet normal 0.793436 -0.608654 0
    outer loop
      vertex -12.4722 -79.9 59
      vertex -12.2021 -79.5479 55
      vertex -12.2021 -79.5479 59
    endloop
  endfacet
  facet normal 0.793436 -0.608654 0
    outer loop
      vertex -12.2021 -79.5479 55
      vertex -12.4722 -79.9 59
      vertex -12.4722 -79.9 55
    endloop
  endfacet
  facet normal -0.130466 -0.991453 0
    outer loop
      vertex -11 -79.05 54.5
      vertex -10.56 -79.1079 59
      vertex -11 -79.05 59
    endloop
  endfacet
  facet normal -0.130466 -0.991453 -0
    outer loop
      vertex -10.56 -79.1079 59
      vertex -11 -79.05 54.5
      vertex -10.56 -79.1079 54.5
    endloop
  endfacet
  facet normal -0.382823 -0.923822 0
    outer loop
      vertex 11.44 -79.1079 54.5
      vertex 11.85 -79.2778 59
      vertex 11.44 -79.1079 59
    endloop
  endfacet
  facet normal -0.382823 -0.923822 -0
    outer loop
      vertex 11.85 -79.2778 59
      vertex 11.44 -79.1079 54.5
      vertex 11.85 -79.2778 54.5
    endloop
  endfacet
  facet normal 0.130466 0.991453 -0
    outer loop
      vertex 11 -82.45 54.5
      vertex 10.56 -82.3921 59
      vertex 11 -82.45 59
    endloop
  endfacet
  facet normal 0.130466 0.991453 0
    outer loop
      vertex 10.56 -82.3921 59
      vertex 11 -82.45 54.5
      vertex 10.56 -82.3921 54.5
    endloop
  endfacet
  facet normal -0.923822 0.382823 0
    outer loop
      vertex 12.4722 -81.6 55
      vertex 12.6421 -81.19 59
      vertex 12.6421 -81.19 55
    endloop
  endfacet
  facet normal -0.923822 0.382823 0
    outer loop
      vertex 12.6421 -81.19 59
      vertex 12.4722 -81.6 55
      vertex 12.4722 -81.6 59
    endloop
  endfacet
  facet normal -0.991453 0.130466 0
    outer loop
      vertex 12.6421 -81.19 55
      vertex 12.7 -80.75 59
      vertex 12.7 -80.75 55
    endloop
  endfacet
  facet normal -0.991453 0.130466 0
    outer loop
      vertex 12.7 -80.75 59
      vertex 12.6421 -81.19 55
      vertex 12.6421 -81.19 59
    endloop
  endfacet
  facet normal -0.793436 0.608654 0
    outer loop
      vertex 12.2021 -81.9521 55
      vertex 12.4722 -81.6 59
      vertex 12.4722 -81.6 55
    endloop
  endfacet
  facet normal -0.793436 0.608654 0
    outer loop
      vertex 12.4722 -81.6 59
      vertex 12.2021 -81.9521 55
      vertex 12.2021 -81.9521 59
    endloop
  endfacet
  facet normal -0.793436 -0.608654 0
    outer loop
      vertex 12.4722 -79.9 55
      vertex 12.2021 -79.5479 59
      vertex 12.2021 -79.5479 55
    endloop
  endfacet
  facet normal -0.793436 -0.608654 0
    outer loop
      vertex 12.2021 -79.5479 59
      vertex 12.4722 -79.9 55
      vertex 12.4722 -79.9 59
    endloop
  endfacet
  facet normal 0 0 1
    outer loop
      vertex 11.44 -79.1079 54.5
      vertex 12 -79.3929 54.5
      vertex 11.85 -79.2778 54.5
    endloop
  endfacet
  facet normal 0 0 1
    outer loop
      vertex 11 -79.05 54.5
      vertex 12 -79.3929 54.5
      vertex 11.44 -79.1079 54.5
    endloop
  endfacet
  facet normal 0 0 1
    outer loop
      vertex 9.6 -79.8059 54.5
      vertex 12 -79.3929 54.5
      vertex 11 -79.05 54.5
    endloop
  endfacet
  facet normal 0 0 1
    outer loop
      vertex 12 -82.1071 54.5
      vertex 11.44 -82.3921 54.5
      vertex 11.85 -82.2222 54.5
    endloop
  endfacet
  facet normal 0 0 1
    outer loop
      vertex 12 -79.3929 54.5
      vertex 9.6 -79.8059 54.5
      vertex 12 -82.1071 54.5
    endloop
  endfacet
  facet normal 0 0 1
    outer loop
      vertex 12 -82.1071 54.5
      vertex 11 -82.45 54.5
      vertex 11.44 -82.3921 54.5
    endloop
  endfacet
  facet normal 0 0 1
    outer loop
      vertex 9.6 -79.8059 54.5
      vertex 11 -79.05 54.5
      vertex 10.56 -79.1079 54.5
    endloop
  endfacet
  facet normal -0 0 1
    outer loop
      vertex 9.6 -81.6941 54.5
      vertex 12 -82.1071 54.5
      vertex 9.6 -79.8059 54.5
    endloop
  endfacet
  facet normal 0 0 1
    outer loop
      vertex 9.6 -79.8059 54.5
      vertex 10.56 -79.1079 54.5
      vertex 10.15 -79.2778 54.5
    endloop
  endfacet
  facet normal 0 0 1
    outer loop
      vertex 12 -82.1071 54.5
      vertex 9.6 -81.6941 54.5
      vertex 11 -82.45 54.5
    endloop
  endfacet
  facet normal 0 0 1
    outer loop
      vertex 9.6 -79.8059 54.5
      vertex 10.15 -79.2778 54.5
      vertex 9.79792 -79.5479 54.5
    endloop
  endfacet
  facet normal 0 0 1
    outer loop
      vertex 11 -82.45 54.5
      vertex 9.6 -81.6941 54.5
      vertex 10.56 -82.3921 54.5
    endloop
  endfacet
  facet normal 0 0 1
    outer loop
      vertex 10.56 -82.3921 54.5
      vertex 9.6 -81.6941 54.5
      vertex 10.15 -82.2222 54.5
    endloop
  endfacet
  facet normal 0 0 1
    outer loop
      vertex 10.15 -82.2222 54.5
      vertex 9.6 -81.6941 54.5
      vertex 9.79792 -81.9521 54.5
    endloop
  endfacet
  facet normal 0.608676 0.793419 -0
    outer loop
      vertex 10.15 -82.2222 54.5
      vertex 9.79792 -81.9521 59
      vertex 10.15 -82.2222 59
    endloop
  endfacet
  facet normal 0.608676 0.793419 0
    outer loop
      vertex 9.79792 -81.9521 59
      vertex 10.15 -82.2222 54.5
      vertex 9.79792 -81.9521 54.5
    endloop
  endfacet
  facet normal -0.608572 0.793499 0
    outer loop
      vertex 12 -82.1071 55
      vertex 12.2021 -81.9521 59
      vertex 12.2021 -81.9521 55
    endloop
  endfacet
  facet normal -0.608654 0.793436 6.59694e-06
    outer loop
      vertex 12.2021 -81.9521 59
      vertex 12 -82.1071 55
      vertex 11.85 -82.2222 59
    endloop
  endfacet
  facet normal -0.608765 0.793351 0
    outer loop
      vertex 11.85 -82.2222 54.5
      vertex 12 -82.1071 55
      vertex 12 -82.1071 54.5
    endloop
  endfacet
  facet normal -0.608765 0.793351 0
    outer loop
      vertex 12 -82.1071 55
      vertex 11.85 -82.2222 54.5
      vertex 11.85 -82.2222 59
    endloop
  endfacet
  facet normal 0.793428 0.608664 0
    outer loop
      vertex 9.79792 -81.9521 59
      vertex 9.6 -81.6941 54.5
      vertex 9.6 -81.6941 59
    endloop
  endfacet
  facet normal 0.793428 0.608664 0
    outer loop
      vertex 9.6 -81.6941 54.5
      vertex 9.79792 -81.9521 59
      vertex 9.79792 -81.9521 54.5
    endloop
  endfacet
  facet normal 0.382823 -0.923822 0
    outer loop
      vertex 10.15 -79.2778 54.5
      vertex 10.56 -79.1079 59
      vertex 10.15 -79.2778 59
    endloop
  endfacet
  facet normal 0.382823 -0.923822 0
    outer loop
      vertex 10.56 -79.1079 59
      vertex 10.15 -79.2778 54.5
      vertex 10.56 -79.1079 54.5
    endloop
  endfacet
  facet normal 0.608676 -0.793419 0
    outer loop
      vertex 9.79792 -79.5479 54.5
      vertex 10.15 -79.2778 59
      vertex 9.79792 -79.5479 59
    endloop
  endfacet
  facet normal 0.608676 -0.793419 0
    outer loop
      vertex 10.15 -79.2778 59
      vertex 9.79792 -79.5479 54.5
      vertex 10.15 -79.2778 54.5
    endloop
  endfacet
  facet normal -0.923822 -0.382823 0
    outer loop
      vertex 12.6421 -80.31 55
      vertex 12.4722 -79.9 59
      vertex 12.4722 -79.9 55
    endloop
  endfacet
  facet normal -0.923822 -0.382823 0
    outer loop
      vertex 12.4722 -79.9 59
      vertex 12.6421 -80.31 55
      vertex 12.6421 -80.31 59
    endloop
  endfacet
  facet normal -0.130466 -0.991453 0
    outer loop
      vertex 11 -79.05 54.5
      vertex 11.44 -79.1079 59
      vertex 11 -79.05 59
    endloop
  endfacet
  facet normal -0.130466 -0.991453 -0
    outer loop
      vertex 11.44 -79.1079 59
      vertex 11 -79.05 54.5
      vertex 11.44 -79.1079 54.5
    endloop
  endfacet
  facet normal -0.608654 -0.793436 6.59694e-06
    outer loop
      vertex 11.85 -79.2778 59
      vertex 12 -79.3929 55
      vertex 12.2021 -79.5479 59
    endloop
  endfacet
  facet normal -0.608765 -0.793351 0
    outer loop
      vertex 11.85 -79.2778 54.5
      vertex 12 -79.3929 55
      vertex 11.85 -79.2778 59
    endloop
  endfacet
  facet normal -0.608765 -0.793351 -0
    outer loop
      vertex 12 -79.3929 55
      vertex 11.85 -79.2778 54.5
      vertex 12 -79.3929 54.5
    endloop
  endfacet
  facet normal -0.608572 -0.793499 -0
    outer loop
      vertex 12.2021 -79.5479 59
      vertex 12 -79.3929 55
      vertex 12.2021 -79.5479 55
    endloop
  endfacet
  facet normal 0.382823 0.923822 -0
    outer loop
      vertex 10.56 -82.3921 54.5
      vertex 10.15 -82.2222 59
      vertex 10.56 -82.3921 59
    endloop
  endfacet
  facet normal 0.382823 0.923822 0
    outer loop
      vertex 10.15 -82.2222 59
      vertex 10.56 -82.3921 54.5
      vertex 10.15 -82.2222 54.5
    endloop
  endfacet
  facet normal -0.382823 0.923822 0
    outer loop
      vertex 11.85 -82.2222 54.5
      vertex 11.44 -82.3921 59
      vertex 11.85 -82.2222 59
    endloop
  endfacet
  facet normal -0.382823 0.923822 0
    outer loop
      vertex 11.44 -82.3921 59
      vertex 11.85 -82.2222 54.5
      vertex 11.44 -82.3921 54.5
    endloop
  endfacet
  facet normal -0.130466 0.991453 0
    outer loop
      vertex 11.44 -82.3921 54.5
      vertex 11 -82.45 59
      vertex 11.44 -82.3921 59
    endloop
  endfacet
  facet normal -0.130466 0.991453 0
    outer loop
      vertex 11 -82.45 59
      vertex 11.44 -82.3921 54.5
      vertex 11 -82.45 54.5
    endloop
  endfacet
  facet normal -0.991453 -0.130466 0
    outer loop
      vertex 12.7 -80.75 55
      vertex 12.6421 -80.31 59
      vertex 12.6421 -80.31 55
    endloop
  endfacet
  facet normal -0.991453 -0.130466 0
    outer loop
      vertex 12.6421 -80.31 59
      vertex 12.7 -80.75 55
      vertex 12.7 -80.75 59
    endloop
  endfacet
  facet normal 0.130466 -0.991453 0
    outer loop
      vertex 10.56 -79.1079 54.5
      vertex 11 -79.05 59
      vertex 10.56 -79.1079 59
    endloop
  endfacet
  facet normal 0.130466 -0.991453 0
    outer loop
      vertex 11 -79.05 59
      vertex 10.56 -79.1079 54.5
      vertex 11 -79.05 54.5
    endloop
  endfacet
  facet normal 0.793428 -0.608664 0
    outer loop
      vertex 9.6 -79.8059 59
      vertex 9.79792 -79.5479 54.5
      vertex 9.79792 -79.5479 59
    endloop
  endfacet
  facet normal 0.793428 -0.608664 0
    outer loop
      vertex 9.79792 -79.5479 54.5
      vertex 9.6 -79.8059 59
      vertex 9.6 -79.8059 54.5
    endloop
  endfacet
  facet normal -0.382656 -0.923891 0
    outer loop
      vertex -34.4824 -26.0681 0
      vertex -34 -26.2679 6.7
      vertex -34.4824 -26.0681 6.7
    endloop
  endfacet
  facet normal -0.382656 -0.923891 -0
    outer loop
      vertex -34 -26.2679 6.7
      vertex -34.4824 -26.0681 0
      vertex -34 -26.2679 0
    endloop
  endfacet
  facet normal -0.923891 0.382656 0
    outer loop
      vertex -33.2679 -29 0
      vertex -33.0681 -28.5176 6.7
      vertex -33.0681 -28.5176 0
    endloop
  endfacet
  facet normal -0.923891 0.382656 0
    outer loop
      vertex -33.0681 -28.5176 6.7
      vertex -33.2679 -29 0
      vertex -33.2679 -29 6.7
    endloop
  endfacet
  facet normal -0.991456 0.130445 0
    outer loop
      vertex -33.0681 -28.5176 0
      vertex -33 -28 6.7
      vertex -33 -28 0
    endloop
  endfacet
  facet normal -0.991456 0.130445 0
    outer loop
      vertex -33 -28 6.7
      vertex -33.0681 -28.5176 0
      vertex -33.0681 -28.5176 6.7
    endloop
  endfacet
  facet normal -0.793286 0.60885 0
    outer loop
      vertex -33.5858 -29.4142 0
      vertex -33.2679 -29 6.7
      vertex -33.2679 -29 0
    endloop
  endfacet
  facet normal -0.793286 0.60885 0
    outer loop
      vertex -33.2679 -29 6.7
      vertex -33.5858 -29.4142 0
      vertex -33.5858 -29.4142 6.7
    endloop
  endfacet
  facet normal -0.793286 -0.60885 0
    outer loop
      vertex -33.2679 -27 0
      vertex -33.5858 -26.5858 6.7
      vertex -33.5858 -26.5858 0
    endloop
  endfacet
  facet normal -0.793286 -0.60885 0
    outer loop
      vertex -33.5858 -26.5858 6.7
      vertex -33.2679 -27 0
      vertex -33.2679 -27 6.7
    endloop
  endfacet
  facet normal -0.130445 -0.991456 0
    outer loop
      vertex -35 -26 0
      vertex -34.4824 -26.0681 6.7
      vertex -35 -26 6.7
    endloop
  endfacet
  facet normal -0.130445 -0.991456 -0
    outer loop
      vertex -34.4824 -26.0681 6.7
      vertex -35 -26 0
      vertex -34.4824 -26.0681 0
    endloop
  endfacet
  facet normal 0.793378 0.608729 0
    outer loop
      vertex -36.4142 -29.4142 6.7
      vertex -36.732 -29 0
      vertex -36.732 -29 6.7
    endloop
  endfacet
  facet normal 0.793378 0.608729 0
    outer loop
      vertex -36.732 -29 0
      vertex -36.4142 -29.4142 6.7
      vertex -36.4142 -29.4142 0
    endloop
  endfacet
  facet normal 0.130445 -0.991456 0
    outer loop
      vertex -35.5176 -26.0681 0
      vertex -35 -26 6.7
      vertex -35.5176 -26.0681 6.7
    endloop
  endfacet
  facet normal 0.130445 -0.991456 0
    outer loop
      vertex -35 -26 6.7
      vertex -35.5176 -26.0681 0
      vertex -35 -26 0
    endloop
  endfacet
  facet normal -0.923891 -0.382656 0
    outer loop
      vertex -33.0681 -27.4824 0
      vertex -33.2679 -27 6.7
      vertex -33.2679 -27 0
    endloop
  endfacet
  facet normal -0.923891 -0.382656 0
    outer loop
      vertex -33.2679 -27 6.7
      vertex -33.0681 -27.4824 0
      vertex -33.0681 -27.4824 6.7
    endloop
  endfacet
  facet normal 0.923823 -0.38282 0
    outer loop
      vertex -36.9319 -27.4824 6.7
      vertex -36.732 -27 0
      vertex -36.732 -27 6.7
    endloop
  endfacet
  facet normal 0.923823 -0.38282 0
    outer loop
      vertex -36.732 -27 0
      vertex -36.9319 -27.4824 6.7
      vertex -36.9319 -27.4824 0
    endloop
  endfacet
  facet normal 0.608729 0.793378 -0
    outer loop
      vertex -36 -29.732 0
      vertex -36.4142 -29.4142 6.7
      vertex -36 -29.732 6.7
    endloop
  endfacet
  facet normal 0.608729 0.793378 0
    outer loop
      vertex -36.4142 -29.4142 6.7
      vertex -36 -29.732 0
      vertex -36.4142 -29.4142 0
    endloop
  endfacet
  facet normal -0.608729 0.793378 0
    outer loop
      vertex -33.5858 -29.4142 0
      vertex -34 -29.732 6.7
      vertex -33.5858 -29.4142 6.7
    endloop
  endfacet
  facet normal -0.608729 0.793378 0
    outer loop
      vertex -34 -29.732 6.7
      vertex -33.5858 -29.4142 0
      vertex -34 -29.732 0
    endloop
  endfacet
  facet normal -0.130445 0.991456 0
    outer loop
      vertex -34.4824 -29.9319 0
      vertex -35 -30 6.7
      vertex -34.4824 -29.9319 6.7
    endloop
  endfacet
  facet normal -0.130445 0.991456 0
    outer loop
      vertex -35 -30 6.7
      vertex -34.4824 -29.9319 0
      vertex -35 -30 0
    endloop
  endfacet
  facet normal 0.38282 0.923823 -0
    outer loop
      vertex -35.5176 -29.9319 0
      vertex -36 -29.732 6.7
      vertex -35.5176 -29.9319 6.7
    endloop
  endfacet
  facet normal 0.38282 0.923823 0
    outer loop
      vertex -36 -29.732 6.7
      vertex -35.5176 -29.9319 0
      vertex -36 -29.732 0
    endloop
  endfacet
  facet normal 0.130445 0.991456 -0
    outer loop
      vertex -35 -30 0
      vertex -35.5176 -29.9319 6.7
      vertex -35 -30 6.7
    endloop
  endfacet
  facet normal 0.130445 0.991456 0
    outer loop
      vertex -35.5176 -29.9319 6.7
      vertex -35 -30 0
      vertex -35.5176 -29.9319 0
    endloop
  endfacet
  facet normal 0 0 -1
    outer loop
      vertex -33.0681 -28.5176 6.7
      vertex -33.0681 -27.4824 6.7
      vertex -33 -28 6.7
    endloop
  endfacet
  facet normal 0 0 -1
    outer loop
      vertex -33.2679 -29 6.7
      vertex -33.0681 -27.4824 6.7
      vertex -33.0681 -28.5176 6.7
    endloop
  endfacet
  facet normal 0 0 -1
    outer loop
      vertex -33.2679 -29 6.7
      vertex -33.2679 -27 6.7
      vertex -33.0681 -27.4824 6.7
    endloop
  endfacet
  facet normal 0 0 -1
    outer loop
      vertex -33.5858 -29.4142 6.7
      vertex -33.2679 -27 6.7
      vertex -33.2679 -29 6.7
    endloop
  endfacet
  facet normal 0 0 -1
    outer loop
      vertex -33.5858 -29.4142 6.7
      vertex -33.5858 -26.5858 6.7
      vertex -33.2679 -27 6.7
    endloop
  endfacet
  facet normal 0 0 -1
    outer loop
      vertex -34 -29.732 6.7
      vertex -33.5858 -26.5858 6.7
      vertex -33.5858 -29.4142 6.7
    endloop
  endfacet
  facet normal 0 0 -1
    outer loop
      vertex -34 -29.732 6.7
      vertex -34 -26.2679 6.7
      vertex -33.5858 -26.5858 6.7
    endloop
  endfacet
  facet normal 0 0 -1
    outer loop
      vertex -34.4824 -29.9319 6.7
      vertex -34 -26.2679 6.7
      vertex -34 -29.732 6.7
    endloop
  endfacet
  facet normal 0 0 -1
    outer loop
      vertex -34.4824 -29.9319 6.7
      vertex -34.4824 -26.0681 6.7
      vertex -34 -26.2679 6.7
    endloop
  endfacet
  facet normal 0 0 -1
    outer loop
      vertex -35 -30 6.7
      vertex -34.4824 -26.0681 6.7
      vertex -34.4824 -29.9319 6.7
    endloop
  endfacet
  facet normal 0 0 -1
    outer loop
      vertex -35 -30 6.7
      vertex -35 -26 6.7
      vertex -34.4824 -26.0681 6.7
    endloop
  endfacet
  facet normal 0 0 -1
    outer loop
      vertex -35.5176 -29.9319 6.7
      vertex -35 -26 6.7
      vertex -35 -30 6.7
    endloop
  endfacet
  facet normal 0 0 -1
    outer loop
      vertex -35.5176 -29.9319 6.7
      vertex -35.5176 -26.0681 6.7
      vertex -35 -26 6.7
    endloop
  endfacet
  facet normal 0 0 -1
    outer loop
      vertex -36 -29.732 6.7
      vertex -35.5176 -26.0681 6.7
      vertex -35.5176 -29.9319 6.7
    endloop
  endfacet
  facet normal 0 0 -1
    outer loop
      vertex -36 -29.732 6.7
      vertex -36 -26.2679 6.7
      vertex -35.5176 -26.0681 6.7
    endloop
  endfacet
  facet normal 0 0 -1
    outer loop
      vertex -36.4142 -29.4142 6.7
      vertex -36 -26.2679 6.7
      vertex -36 -29.732 6.7
    endloop
  endfacet
  facet normal 0 0 -1
    outer loop
      vertex -36.4142 -29.4142 6.7
      vertex -36.4142 -26.5858 6.7
      vertex -36 -26.2679 6.7
    endloop
  endfacet
  facet normal 0 0 -1
    outer loop
      vertex -36.732 -29 6.7
      vertex -36.4142 -26.5858 6.7
      vertex -36.4142 -29.4142 6.7
    endloop
  endfacet
  facet normal 0 0 -1
    outer loop
      vertex -36.732 -29 6.7
      vertex -36.732 -27 6.7
      vertex -36.4142 -26.5858 6.7
    endloop
  endfacet
  facet normal 0 0 -1
    outer loop
      vertex -36.9319 -28.5176 6.7
      vertex -36.732 -27 6.7
      vertex -36.732 -29 6.7
    endloop
  endfacet
  facet normal 0 0 -1
    outer loop
      vertex -36.9319 -28.5176 6.7
      vertex -36.9319 -27.4824 6.7
      vertex -36.732 -27 6.7
    endloop
  endfacet
  facet normal 0 -0 -1
    outer loop
      vertex -36.9319 -27.4824 6.7
      vertex -36.9319 -28.5176 6.7
      vertex -37 -28 6.7
    endloop
  endfacet
  facet normal -0.60885 -0.793286 0
    outer loop
      vertex -34 -26.2679 0
      vertex -33.5858 -26.5858 6.7
      vertex -34 -26.2679 6.7
    endloop
  endfacet
  facet normal -0.60885 -0.793286 -0
    outer loop
      vertex -33.5858 -26.5858 6.7
      vertex -34 -26.2679 0
      vertex -33.5858 -26.5858 0
    endloop
  endfacet
  facet normal 0.60885 -0.793286 0
    outer loop
      vertex -36.4142 -26.5858 0
      vertex -36 -26.2679 6.7
      vertex -36.4142 -26.5858 6.7
    endloop
  endfacet
  facet normal 0.60885 -0.793286 0
    outer loop
      vertex -36 -26.2679 6.7
      vertex -36.4142 -26.5858 0
      vertex -36 -26.2679 0
    endloop
  endfacet
  facet normal -0.991456 -0.130445 0
    outer loop
      vertex -33 -28 0
      vertex -33.0681 -27.4824 6.7
      vertex -33.0681 -27.4824 0
    endloop
  endfacet
  facet normal -0.991456 -0.130445 0
    outer loop
      vertex -33.0681 -27.4824 6.7
      vertex -33 -28 0
      vertex -33 -28 6.7
    endloop
  endfacet
  facet normal 0.991456 -0.130445 0
    outer loop
      vertex -37 -28 6.7
      vertex -36.9319 -27.4824 0
      vertex -36.9319 -27.4824 6.7
    endloop
  endfacet
  facet normal 0.991456 -0.130445 0
    outer loop
      vertex -36.9319 -27.4824 0
      vertex -37 -28 6.7
      vertex -37 -28 0
    endloop
  endfacet
  facet normal 0.991456 0.130445 0
    outer loop
      vertex -36.9319 -28.5176 6.7
      vertex -37 -28 0
      vertex -37 -28 6.7
    endloop
  endfacet
  facet normal 0.991456 0.130445 0
    outer loop
      vertex -37 -28 0
      vertex -36.9319 -28.5176 6.7
      vertex -36.9319 -28.5176 0
    endloop
  endfacet
  facet normal -0.38282 0.923823 0
    outer loop
      vertex -34 -29.732 0
      vertex -34.4824 -29.9319 6.7
      vertex -34 -29.732 6.7
    endloop
  endfacet
  facet normal -0.38282 0.923823 0
    outer loop
      vertex -34.4824 -29.9319 6.7
      vertex -34 -29.732 0
      vertex -34.4824 -29.9319 0
    endloop
  endfacet
  facet normal 0.793378 -0.608729 0
    outer loop
      vertex -36.732 -27 6.7
      vertex -36.4142 -26.5858 0
      vertex -36.4142 -26.5858 6.7
    endloop
  endfacet
  facet normal 0.793378 -0.608729 0
    outer loop
      vertex -36.4142 -26.5858 0
      vertex -36.732 -27 6.7
      vertex -36.732 -27 0
    endloop
  endfacet
  facet normal 0.382656 -0.923891 0
    outer loop
      vertex -36 -26.2679 0
      vertex -35.5176 -26.0681 6.7
      vertex -36 -26.2679 6.7
    endloop
  endfacet
  facet normal 0.382656 -0.923891 0
    outer loop
      vertex -35.5176 -26.0681 6.7
      vertex -36 -26.2679 0
      vertex -35.5176 -26.0681 0
    endloop
  endfacet
  facet normal 0.923823 0.38282 0
    outer loop
      vertex -36.732 -29 6.7
      vertex -36.9319 -28.5176 0
      vertex -36.9319 -28.5176 6.7
    endloop
  endfacet
  facet normal 0.923823 0.38282 0
    outer loop
      vertex -36.9319 -28.5176 0
      vertex -36.732 -29 6.7
      vertex -36.732 -29 0
    endloop
  endfacet
  facet normal 0.608729 -0.793378 0
    outer loop
      vertex 33.5858 -94.5858 0
      vertex 34 -94.268 6.7
      vertex 33.5858 -94.5858 6.7
    endloop
  endfacet
  facet normal 0.608729 -0.793378 0
    outer loop
      vertex 34 -94.268 6.7
      vertex 33.5858 -94.5858 0
      vertex 34 -94.268 0
    endloop
  endfacet
  facet normal -0.923823 0.38282 0
    outer loop
      vertex 36.732 -97 0
      vertex 36.9319 -96.5176 6.7
      vertex 36.9319 -96.5176 0
    endloop
  endfacet
  facet normal -0.923823 0.38282 0
    outer loop
      vertex 36.9319 -96.5176 6.7
      vertex 36.732 -97 0
      vertex 36.732 -97 6.7
    endloop
  endfacet
  facet normal -0.991456 0.130445 0
    outer loop
      vertex 36.9319 -96.5176 0
      vertex 37 -96 6.7
      vertex 37 -96 0
    endloop
  endfacet
  facet normal -0.991456 0.130445 0
    outer loop
      vertex 37 -96 6.7
      vertex 36.9319 -96.5176 0
      vertex 36.9319 -96.5176 6.7
    endloop
  endfacet
  facet normal -0.793378 0.608729 0
    outer loop
      vertex 36.4142 -97.4142 0
      vertex 36.732 -97 6.7
      vertex 36.732 -97 0
    endloop
  endfacet
  facet normal -0.793378 0.608729 0
    outer loop
      vertex 36.732 -97 6.7
      vertex 36.4142 -97.4142 0
      vertex 36.4142 -97.4142 6.7
    endloop
  endfacet
  facet normal -0.608729 0.793378 0
    outer loop
      vertex 36.4142 -97.4142 0
      vertex 36 -97.732 6.7
      vertex 36.4142 -97.4142 6.7
    endloop
  endfacet
  facet normal -0.608729 0.793378 0
    outer loop
      vertex 36 -97.732 6.7
      vertex 36.4142 -97.4142 0
      vertex 36 -97.732 0
    endloop
  endfacet
  facet normal 0.130445 0.991456 -0
    outer loop
      vertex 35 -98 0
      vertex 34.4824 -97.9319 6.7
      vertex 35 -98 6.7
    endloop
  endfacet
  facet normal 0.130445 0.991456 0
    outer loop
      vertex 34.4824 -97.9319 6.7
      vertex 35 -98 0
      vertex 34.4824 -97.9319 0
    endloop
  endfacet
  facet normal -0.38282 0.923823 0
    outer loop
      vertex 36 -97.732 0
      vertex 35.5176 -97.9319 6.7
      vertex 36 -97.732 6.7
    endloop
  endfacet
  facet normal -0.38282 0.923823 0
    outer loop
      vertex 35.5176 -97.9319 6.7
      vertex 36 -97.732 0
      vertex 35.5176 -97.9319 0
    endloop
  endfacet
  facet normal -0.793378 -0.608729 0
    outer loop
      vertex 36.732 -95 0
      vertex 36.4142 -94.5858 6.7
      vertex 36.4142 -94.5858 0
    endloop
  endfacet
  facet normal -0.793378 -0.608729 0
    outer loop
      vertex 36.4142 -94.5858 6.7
      vertex 36.732 -95 0
      vertex 36.732 -95 6.7
    endloop
  endfacet
  facet normal 0.793286 0.60885 0
    outer loop
      vertex 33.5858 -97.4142 6.7
      vertex 33.2679 -97 0
      vertex 33.2679 -97 6.7
    endloop
  endfacet
  facet normal 0.793286 0.60885 0
    outer loop
      vertex 33.2679 -97 0
      vertex 33.5858 -97.4142 6.7
      vertex 33.5858 -97.4142 0
    endloop
  endfacet
  facet normal -0.130445 0.991456 0
    outer loop
      vertex 35.5176 -97.9319 0
      vertex 35 -98 6.7
      vertex 35.5176 -97.9319 6.7
    endloop
  endfacet
  facet normal -0.130445 0.991456 0
    outer loop
      vertex 35 -98 6.7
      vertex 35.5176 -97.9319 0
      vertex 35 -98 0
    endloop
  endfacet
  facet normal 0.991456 0.130445 0
    outer loop
      vertex 33.0681 -96.5176 6.7
      vertex 33 -96 0
      vertex 33 -96 6.7
    endloop
  endfacet
  facet normal 0.991456 0.130445 0
    outer loop
      vertex 33 -96 0
      vertex 33.0681 -96.5176 6.7
      vertex 33.0681 -96.5176 0
    endloop
  endfacet
  facet normal -0.991456 -0.130445 0
    outer loop
      vertex 37 -96 0
      vertex 36.9319 -95.4824 6.7
      vertex 36.9319 -95.4824 0
    endloop
  endfacet
  facet normal -0.991456 -0.130445 0
    outer loop
      vertex 36.9319 -95.4824 6.7
      vertex 37 -96 0
      vertex 37 -96 6.7
    endloop
  endfacet
  facet normal 0.608729 0.793378 -0
    outer loop
      vertex 34 -97.732 0
      vertex 33.5858 -97.4142 6.7
      vertex 34 -97.732 6.7
    endloop
  endfacet
  facet normal 0.608729 0.793378 0
    outer loop
      vertex 33.5858 -97.4142 6.7
      vertex 34 -97.732 0
      vertex 33.5858 -97.4142 0
    endloop
  endfacet
  facet normal 0 0 -1
    outer loop
      vertex 36.9319 -96.5176 6.7
      vertex 36.9319 -95.4824 6.7
      vertex 37 -96 6.7
    endloop
  endfacet
  facet normal 0 0 -1
    outer loop
      vertex 36.732 -97 6.7
      vertex 36.9319 -95.4824 6.7
      vertex 36.9319 -96.5176 6.7
    endloop
  endfacet
  facet normal 0 0 -1
    outer loop
      vertex 36.732 -97 6.7
      vertex 36.732 -95 6.7
      vertex 36.9319 -95.4824 6.7
    endloop
  endfacet
  facet normal 0 0 -1
    outer loop
      vertex 36.4142 -97.4142 6.7
      vertex 36.732 -95 6.7
      vertex 36.732 -97 6.7
    endloop
  endfacet
  facet normal 0 0 -1
    outer loop
      vertex 36.4142 -97.4142 6.7
      vertex 36.4142 -94.5858 6.7
      vertex 36.732 -95 6.7
    endloop
  endfacet
  facet normal 0 0 -1
    outer loop
      vertex 36 -97.732 6.7
      vertex 36.4142 -94.5858 6.7
      vertex 36.4142 -97.4142 6.7
    endloop
  endfacet
  facet normal 0 0 -1
    outer loop
      vertex 36 -97.732 6.7
      vertex 36 -94.268 6.7
      vertex 36.4142 -94.5858 6.7
    endloop
  endfacet
  facet normal 0 0 -1
    outer loop
      vertex 35.5176 -97.9319 6.7
      vertex 36 -94.268 6.7
      vertex 36 -97.732 6.7
    endloop
  endfacet
  facet normal 0 0 -1
    outer loop
      vertex 35.5176 -97.9319 6.7
      vertex 35.5176 -94.0681 6.7
      vertex 36 -94.268 6.7
    endloop
  endfacet
  facet normal 0 0 -1
    outer loop
      vertex 35 -98 6.7
      vertex 35.5176 -94.0681 6.7
      vertex 35.5176 -97.9319 6.7
    endloop
  endfacet
  facet normal 0 0 -1
    outer loop
      vertex 35 -98 6.7
      vertex 35 -94 6.7
      vertex 35.5176 -94.0681 6.7
    endloop
  endfacet
  facet normal 0 0 -1
    outer loop
      vertex 34.4824 -97.9319 6.7
      vertex 35 -94 6.7
      vertex 35 -98 6.7
    endloop
  endfacet
  facet normal 0 0 -1
    outer loop
      vertex 34.4824 -97.9319 6.7
      vertex 34.4824 -94.0681 6.7
      vertex 35 -94 6.7
    endloop
  endfacet
  facet normal 0 0 -1
    outer loop
      vertex 34 -97.732 6.7
      vertex 34.4824 -94.0681 6.7
      vertex 34.4824 -97.9319 6.7
    endloop
  endfacet
  facet normal 0 0 -1
    outer loop
      vertex 34 -97.732 6.7
      vertex 34 -94.268 6.7
      vertex 34.4824 -94.0681 6.7
    endloop
  endfacet
  facet normal 0 0 -1
    outer loop
      vertex 33.5858 -97.4142 6.7
      vertex 34 -94.268 6.7
      vertex 34 -97.732 6.7
    endloop
  endfacet
  facet normal 0 0 -1
    outer loop
      vertex 33.5858 -97.4142 6.7
      vertex 33.5858 -94.5858 6.7
      vertex 34 -94.268 6.7
    endloop
  endfacet
  facet normal 0 0 -1
    outer loop
      vertex 33.2679 -97 6.7
      vertex 33.5858 -94.5858 6.7
      vertex 33.5858 -97.4142 6.7
    endloop
  endfacet
  facet normal 0 0 -1
    outer loop
      vertex 33.2679 -97 6.7
      vertex 33.2679 -95 6.7
      vertex 33.5858 -94.5858 6.7
    endloop
  endfacet
  facet normal 0 0 -1
    outer loop
      vertex 33.0681 -96.5176 6.7
      vertex 33.2679 -95 6.7
      vertex 33.2679 -97 6.7
    endloop
  endfacet
  facet normal 0 0 -1
    outer loop
      vertex 33.0681 -96.5176 6.7
      vertex 33.0681 -95.4824 6.7
      vertex 33.2679 -95 6.7
    endloop
  endfacet
  facet normal 0 -0 -1
    outer loop
      vertex 33.0681 -95.4824 6.7
      vertex 33.0681 -96.5176 6.7
      vertex 33 -96 6.7
    endloop
  endfacet
  facet normal 0.130445 -0.991456 0
    outer loop
      vertex 34.4824 -94.0681 0
      vertex 35 -94 6.7
      vertex 34.4824 -94.0681 6.7
    endloop
  endfacet
  facet normal 0.130445 -0.991456 0
    outer loop
      vertex 35 -94 6.7
      vertex 34.4824 -94.0681 0
      vertex 35 -94 0
    endloop
  endfacet
  facet normal -0.130445 -0.991456 0
    outer loop
      vertex 35 -94 0
      vertex 35.5176 -94.0681 6.7
      vertex 35 -94 6.7
    endloop
  endfacet
  facet normal -0.130445 -0.991456 -0
    outer loop
      vertex 35.5176 -94.0681 6.7
      vertex 35 -94 0
      vertex 35.5176 -94.0681 0
    endloop
  endfacet
  facet normal -0.38282 -0.923823 0
    outer loop
      vertex 35.5176 -94.0681 0
      vertex 36 -94.268 6.7
      vertex 35.5176 -94.0681 6.7
    endloop
  endfacet
  facet normal -0.38282 -0.923823 -0
    outer loop
      vertex 36 -94.268 6.7
      vertex 35.5176 -94.0681 0
      vertex 36 -94.268 0
    endloop
  endfacet
  facet normal 0.793286 -0.60885 0
    outer loop
      vertex 33.2679 -95 6.7
      vertex 33.5858 -94.5858 0
      vertex 33.5858 -94.5858 6.7
    endloop
  endfacet
  facet normal 0.793286 -0.60885 0
    outer loop
      vertex 33.5858 -94.5858 0
      vertex 33.2679 -95 6.7
      vertex 33.2679 -95 0
    endloop
  endfacet
  facet normal -0.608729 -0.793378 0
    outer loop
      vertex 36 -94.268 0
      vertex 36.4142 -94.5858 6.7
      vertex 36 -94.268 6.7
    endloop
  endfacet
  facet normal -0.608729 -0.793378 -0
    outer loop
      vertex 36.4142 -94.5858 6.7
      vertex 36 -94.268 0
      vertex 36.4142 -94.5858 0
    endloop
  endfacet
  facet normal 0.991456 -0.130445 0
    outer loop
      vertex 33 -96 6.7
      vertex 33.0681 -95.4824 0
      vertex 33.0681 -95.4824 6.7
    endloop
  endfacet
  facet normal 0.991456 -0.130445 0
    outer loop
      vertex 33.0681 -95.4824 0
      vertex 33 -96 6.7
      vertex 33 -96 0
    endloop
  endfacet
  facet normal 0.923891 0.382656 0
    outer loop
      vertex 33.2679 -97 6.7
      vertex 33.0681 -96.5176 0
      vertex 33.0681 -96.5176 6.7
    endloop
  endfacet
  facet normal 0.923891 0.382656 0
    outer loop
      vertex 33.0681 -96.5176 0
      vertex 33.2679 -97 6.7
      vertex 33.2679 -97 0
    endloop
  endfacet
  facet normal 0.38282 -0.923823 0
    outer loop
      vertex 34 -94.268 0
      vertex 34.4824 -94.0681 6.7
      vertex 34 -94.268 6.7
    endloop
  endfacet
  facet normal 0.38282 -0.923823 0
    outer loop
      vertex 34.4824 -94.0681 6.7
      vertex 34 -94.268 0
      vertex 34.4824 -94.0681 0
    endloop
  endfacet
  facet normal 0.923891 -0.382656 0
    outer loop
      vertex 33.0681 -95.4824 6.7
      vertex 33.2679 -95 0
      vertex 33.2679 -95 6.7
    endloop
  endfacet
  facet normal 0.923891 -0.382656 0
    outer loop
      vertex 33.2679 -95 0
      vertex 33.0681 -95.4824 6.7
      vertex 33.0681 -95.4824 0
    endloop
  endfacet
  facet normal 0.38282 0.923823 -0
    outer loop
      vertex 34.4824 -97.9319 0
      vertex 34 -97.732 6.7
      vertex 34.4824 -97.9319 6.7
    endloop
  endfacet
  facet normal 0.38282 0.923823 0
    outer loop
      vertex 34 -97.732 6.7
      vertex 34.4824 -97.9319 0
      vertex 34 -97.732 0
    endloop
  endfacet
  facet normal -0.923823 -0.38282 0
    outer loop
      vertex 36.9319 -95.4824 0
      vertex 36.732 -95 6.7
      vertex 36.732 -95 0
    endloop
  endfacet
  facet normal -0.923823 -0.38282 0
    outer loop
      vertex 36.732 -95 6.7
      vertex 36.9319 -95.4824 0
      vertex 36.9319 -95.4824 6.7
    endloop
  endfacet
  facet normal -0.380955 -0.924594 0
    outer loop
      vertex -14.8859 -116.455 0
      vertex -14.5 -116.614 4
      vertex -14.8859 -116.455 4
    endloop
  endfacet
  facet normal -0.380955 -0.924594 -0
    outer loop
      vertex -14.5 -116.614 4
      vertex -14.8859 -116.455 0
      vertex -14.5 -116.614 0
    endloop
  endfacet
  facet normal -0.923868 0.382711 0
    outer loop
      vertex -13.9144 -118.8 0
      vertex -13.7545 -118.414 4
      vertex -13.7545 -118.414 0
    endloop
  endfacet
  facet normal -0.923868 0.382711 0
    outer loop
      vertex -13.7545 -118.414 4
      vertex -13.9144 -118.8 0
      vertex -13.9144 -118.8 4
    endloop
  endfacet
  facet normal -0.991446 0.130516 0
    outer loop
      vertex -13.7545 -118.414 0
      vertex -13.7 -118 4
      vertex -13.7 -118 0
    endloop
  endfacet
  facet normal -0.991446 0.130516 0
    outer loop
      vertex -13.7 -118 4
      vertex -13.7545 -118.414 0
      vertex -13.7545 -118.414 4
    endloop
  endfacet
  facet normal -0.793105 0.609085 0
    outer loop
      vertex -14.1686 -119.131 0
      vertex -13.9144 -118.8 4
      vertex -13.9144 -118.8 0
    endloop
  endfacet
  facet normal -0.793105 0.609085 0
    outer loop
      vertex -13.9144 -118.8 4
      vertex -14.1686 -119.131 0
      vertex -14.1686 -119.131 4
    endloop
  endfacet
  facet normal -0.609826 0.792535 0
    outer loop
      vertex -14.1686 -119.131 0
      vertex -14.5 -119.386 4
      vertex -14.1686 -119.131 4
    endloop
  endfacet
  facet normal -0.609826 0.792535 0
    outer loop
      vertex -14.5 -119.386 4
      vertex -14.1686 -119.131 0
      vertex -14.5 -119.386 0
    endloop
  endfacet
  facet normal -0.131662 -0.991295 0
    outer loop
      vertex -15.3 -116.4 0
      vertex -14.8859 -116.455 4
      vertex -15.3 -116.4 4
    endloop
  endfacet
  facet normal -0.131662 -0.991295 -0
    outer loop
      vertex -14.8859 -116.455 4
      vertex -15.3 -116.4 0
      vertex -14.8859 -116.455 0
    endloop
  endfacet
  facet normal 0.131662 0.991295 -0
    outer loop
      vertex -15.3 -119.6 0
      vertex -15.7141 -119.545 4
      vertex -15.3 -119.6 4
    endloop
  endfacet
  facet normal 0.131662 0.991295 0
    outer loop
      vertex -15.7141 -119.545 4
      vertex -15.3 -119.6 0
      vertex -15.7141 -119.545 0
    endloop
  endfacet
  facet normal 0.793105 0.609085 0
    outer loop
      vertex -16.4314 -119.131 4
      vertex -16.6856 -118.8 0
      vertex -16.6856 -118.8 4
    endloop
  endfacet
  facet normal 0.793105 0.609085 0
    outer loop
      vertex -16.6856 -118.8 0
      vertex -16.4314 -119.131 4
      vertex -16.4314 -119.131 0
    endloop
  endfacet
  facet normal -0.609826 -0.792535 0
    outer loop
      vertex -14.5 -116.614 0
      vertex -14.1686 -116.869 4
      vertex -14.5 -116.614 4
    endloop
  endfacet
  facet normal -0.609826 -0.792535 -0
    outer loop
      vertex -14.1686 -116.869 4
      vertex -14.5 -116.614 0
      vertex -14.1686 -116.869 0
    endloop
  endfacet
  facet normal 0.991446 -0.130516 0
    outer loop
      vertex -16.9 -118 4
      vertex -16.8455 -117.586 0
      vertex -16.8455 -117.586 4
    endloop
  endfacet
  facet normal 0.991446 -0.130516 0
    outer loop
      vertex -16.8455 -117.586 0
      vertex -16.9 -118 4
      vertex -16.9 -118 0
    endloop
  endfacet
  facet normal -0.793105 -0.609085 0
    outer loop
      vertex -13.9144 -117.2 0
      vertex -14.1686 -116.869 4
      vertex -14.1686 -116.869 0
    endloop
  endfacet
  facet normal -0.793105 -0.609085 0
    outer loop
      vertex -14.1686 -116.869 4
      vertex -13.9144 -117.2 0
      vertex -13.9144 -117.2 4
    endloop
  endfacet
  facet normal -0.923868 -0.382711 0
    outer loop
      vertex -13.7545 -117.586 0
      vertex -13.9144 -117.2 4
      vertex -13.9144 -117.2 0
    endloop
  endfacet
  facet normal -0.923868 -0.382711 0
    outer loop
      vertex -13.9144 -117.2 4
      vertex -13.7545 -117.586 0
      vertex -13.7545 -117.586 4
    endloop
  endfacet
  facet normal -0.991446 -0.130516 0
    outer loop
      vertex -13.7 -118 0
      vertex -13.7545 -117.586 4
      vertex -13.7545 -117.586 0
    endloop
  endfacet
  facet normal -0.991446 -0.130516 0
    outer loop
      vertex -13.7545 -117.586 4
      vertex -13.7 -118 0
      vertex -13.7 -118 4
    endloop
  endfacet
  facet normal 0.609826 -0.792535 0
    outer loop
      vertex -16.4314 -116.869 0
      vertex -16.1 -116.614 4
      vertex -16.4314 -116.869 4
    endloop
  endfacet
  facet normal 0.609826 -0.792535 0
    outer loop
      vertex -16.1 -116.614 4
      vertex -16.4314 -116.869 0
      vertex -16.1 -116.614 0
    endloop
  endfacet
  facet normal -0.131662 0.991295 0
    outer loop
      vertex -14.8859 -119.545 0
      vertex -15.3 -119.6 4
      vertex -14.8859 -119.545 4
    endloop
  endfacet
  facet normal -0.131662 0.991295 0
    outer loop
      vertex -15.3 -119.6 4
      vertex -14.8859 -119.545 0
      vertex -15.3 -119.6 0
    endloop
  endfacet
  facet normal 0.923868 0.382711 0
    outer loop
      vertex -16.6856 -118.8 4
      vertex -16.8455 -118.414 0
      vertex -16.8455 -118.414 4
    endloop
  endfacet
  facet normal 0.923868 0.382711 0
    outer loop
      vertex -16.8455 -118.414 0
      vertex -16.6856 -118.8 4
      vertex -16.6856 -118.8 0
    endloop
  endfacet
  facet normal 0.131662 -0.991295 0
    outer loop
      vertex -15.7141 -116.455 0
      vertex -15.3 -116.4 4
      vertex -15.7141 -116.455 4
    endloop
  endfacet
  facet normal 0.131662 -0.991295 0
    outer loop
      vertex -15.3 -116.4 4
      vertex -15.7141 -116.455 0
      vertex -15.3 -116.4 0
    endloop
  endfacet
  facet normal 0.380955 0.924594 -0
    outer loop
      vertex -15.7141 -119.545 0
      vertex -16.1 -119.386 4
      vertex -15.7141 -119.545 4
    endloop
  endfacet
  facet normal 0.380955 0.924594 0
    outer loop
      vertex -16.1 -119.386 4
      vertex -15.7141 -119.545 0
      vertex -16.1 -119.386 0
    endloop
  endfacet
  facet normal 0.609826 0.792535 -0
    outer loop
      vertex -16.1 -119.386 0
      vertex -16.4314 -119.131 4
      vertex -16.1 -119.386 4
    endloop
  endfacet
  facet normal 0.609826 0.792535 0
    outer loop
      vertex -16.4314 -119.131 4
      vertex -16.1 -119.386 0
      vertex -16.4314 -119.131 0
    endloop
  endfacet
  facet normal 0.793105 -0.609085 0
    outer loop
      vertex -16.6856 -117.2 4
      vertex -16.4314 -116.869 0
      vertex -16.4314 -116.869 4
    endloop
  endfacet
  facet normal 0.793105 -0.609085 0
    outer loop
      vertex -16.4314 -116.869 0
      vertex -16.6856 -117.2 4
      vertex -16.6856 -117.2 0
    endloop
  endfacet
  facet normal -0.380955 0.924594 0
    outer loop
      vertex -14.5 -119.386 0
      vertex -14.8859 -119.545 4
      vertex -14.5 -119.386 4
    endloop
  endfacet
  facet normal -0.380955 0.924594 0
    outer loop
      vertex -14.8859 -119.545 4
      vertex -14.5 -119.386 0
      vertex -14.8859 -119.545 0
    endloop
  endfacet
  facet normal 0.923868 -0.382711 0
    outer loop
      vertex -16.8455 -117.586 4
      vertex -16.6856 -117.2 0
      vertex -16.6856 -117.2 4
    endloop
  endfacet
  facet normal 0.923868 -0.382711 0
    outer loop
      vertex -16.6856 -117.2 0
      vertex -16.8455 -117.586 4
      vertex -16.8455 -117.586 0
    endloop
  endfacet
  facet normal 0.380955 -0.924594 0
    outer loop
      vertex -16.1 -116.614 0
      vertex -15.7141 -116.455 4
      vertex -16.1 -116.614 4
    endloop
  endfacet
  facet normal 0.380955 -0.924594 0
    outer loop
      vertex -15.7141 -116.455 4
      vertex -16.1 -116.614 0
      vertex -15.7141 -116.455 0
    endloop
  endfacet
  facet normal 0 0 -1
    outer loop
      vertex -13.7545 -118.414 4
      vertex -13.7545 -117.586 4
      vertex -13.7 -118 4
    endloop
  endfacet
  facet normal 0 0 -1
    outer loop
      vertex -13.9144 -118.8 4
      vertex -13.7545 -117.586 4
      vertex -13.7545 -118.414 4
    endloop
  endfacet
  facet normal 0 0 -1
    outer loop
      vertex -13.9144 -118.8 4
      vertex -13.9144 -117.2 4
      vertex -13.7545 -117.586 4
    endloop
  endfacet
  facet normal 0 0 -1
    outer loop
      vertex -14.1686 -119.131 4
      vertex -13.9144 -117.2 4
      vertex -13.9144 -118.8 4
    endloop
  endfacet
  facet normal 0 0 -1
    outer loop
      vertex -14.1686 -119.131 4
      vertex -14.1686 -116.869 4
      vertex -13.9144 -117.2 4
    endloop
  endfacet
  facet normal 0 0 -1
    outer loop
      vertex -14.5 -119.386 4
      vertex -14.1686 -116.869 4
      vertex -14.1686 -119.131 4
    endloop
  endfacet
  facet normal 0 0 -1
    outer loop
      vertex -14.5 -119.386 4
      vertex -14.5 -116.614 4
      vertex -14.1686 -116.869 4
    endloop
  endfacet
  facet normal 0 0 -1
    outer loop
      vertex -14.8859 -119.545 4
      vertex -14.5 -116.614 4
      vertex -14.5 -119.386 4
    endloop
  endfacet
  facet normal 0 0 -1
    outer loop
      vertex -14.8859 -119.545 4
      vertex -14.8859 -116.455 4
      vertex -14.5 -116.614 4
    endloop
  endfacet
  facet normal 0 0 -1
    outer loop
      vertex -15.3 -119.6 4
      vertex -14.8859 -116.455 4
      vertex -14.8859 -119.545 4
    endloop
  endfacet
  facet normal 0 0 -1
    outer loop
      vertex -15.3 -119.6 4
      vertex -15.3 -116.4 4
      vertex -14.8859 -116.455 4
    endloop
  endfacet
  facet normal 0 0 -1
    outer loop
      vertex -15.7141 -119.545 4
      vertex -15.3 -116.4 4
      vertex -15.3 -119.6 4
    endloop
  endfacet
  facet normal 0 0 -1
    outer loop
      vertex -15.7141 -119.545 4
      vertex -15.7141 -116.455 4
      vertex -15.3 -116.4 4
    endloop
  endfacet
  facet normal 0 0 -1
    outer loop
      vertex -16.1 -119.386 4
      vertex -15.7141 -116.455 4
      vertex -15.7141 -119.545 4
    endloop
  endfacet
  facet normal 0 0 -1
    outer loop
      vertex -16.1 -119.386 4
      vertex -16.1 -116.614 4
      vertex -15.7141 -116.455 4
    endloop
  endfacet
  facet normal 0 0 -1
    outer loop
      vertex -16.4314 -119.131 4
      vertex -16.1 -116.614 4
      vertex -16.1 -119.386 4
    endloop
  endfacet
  facet normal 0 0 -1
    outer loop
      vertex -16.4314 -119.131 4
      vertex -16.4314 -116.869 4
      vertex -16.1 -116.614 4
    endloop
  endfacet
  facet normal 0 0 -1
    outer loop
      vertex -16.6856 -118.8 4
      vertex -16.4314 -116.869 4
      vertex -16.4314 -119.131 4
    endloop
  endfacet
  facet normal 0 0 -1
    outer loop
      vertex -16.6856 -118.8 4
      vertex -16.6856 -117.2 4
      vertex -16.4314 -116.869 4
    endloop
  endfacet
  facet normal 0 0 -1
    outer loop
      vertex -16.8455 -118.414 4
      vertex -16.6856 -117.2 4
      vertex -16.6856 -118.8 4
    endloop
  endfacet
  facet normal 0 0 -1
    outer loop
      vertex -16.8455 -118.414 4
      vertex -16.8455 -117.586 4
      vertex -16.6856 -117.2 4
    endloop
  endfacet
  facet normal 0 -0 -1
    outer loop
      vertex -16.8455 -117.586 4
      vertex -16.8455 -118.414 4
      vertex -16.9 -118 4
    endloop
  endfacet
  facet normal 0.991446 0.130516 0
    outer loop
      vertex -16.8455 -118.414 4
      vertex -16.9 -118 0
      vertex -16.9 -118 4
    endloop
  endfacet
  facet normal 0.991446 0.130516 0
    outer loop
      vertex -16.9 -118 0
      vertex -16.8455 -118.414 4
      vertex -16.8455 -118.414 0
    endloop
  endfacet
  facet normal 0.923868 -0.382711 0
    outer loop
      vertex 13.7545 -117.586 4
      vertex 13.9144 -117.2 0
      vertex 13.9144 -117.2 4
    endloop
  endfacet
  facet normal 0.923868 -0.382711 0
    outer loop
      vertex 13.9144 -117.2 0
      vertex 13.7545 -117.586 4
      vertex 13.7545 -117.586 0
    endloop
  endfacet
  facet normal -0.923868 0.382711 0
    outer loop
      vertex 16.6856 -118.8 0
      vertex 16.8455 -118.414 4
      vertex 16.8455 -118.414 0
    endloop
  endfacet
  facet normal -0.923868 0.382711 0
    outer loop
      vertex 16.8455 -118.414 4
      vertex 16.6856 -118.8 0
      vertex 16.6856 -118.8 4
    endloop
  endfacet
  facet normal -0.991446 0.130516 0
    outer loop
      vertex 16.8455 -118.414 0
      vertex 16.9 -118 4
      vertex 16.9 -118 0
    endloop
  endfacet
  facet normal -0.991446 0.130516 0
    outer loop
      vertex 16.9 -118 4
      vertex 16.8455 -118.414 0
      vertex 16.8455 -118.414 4
    endloop
  endfacet
  facet normal -0.793105 0.609085 0
    outer loop
      vertex 16.4314 -119.131 0
      vertex 16.6856 -118.8 4
      vertex 16.6856 -118.8 0
    endloop
  endfacet
  facet normal -0.793105 0.609085 0
    outer loop
      vertex 16.6856 -118.8 4
      vertex 16.4314 -119.131 0
      vertex 16.4314 -119.131 4
    endloop
  endfacet
  facet normal -0.609826 0.792535 0
    outer loop
      vertex 16.4314 -119.131 0
      vertex 16.1 -119.386 4
      vertex 16.4314 -119.131 4
    endloop
  endfacet
  facet normal -0.609826 0.792535 0
    outer loop
      vertex 16.1 -119.386 4
      vertex 16.4314 -119.131 0
      vertex 16.1 -119.386 0
    endloop
  endfacet
  facet normal 0.380955 0.924594 -0
    outer loop
      vertex 14.8859 -119.545 0
      vertex 14.5 -119.386 4
      vertex 14.8859 -119.545 4
    endloop
  endfacet
  facet normal 0.380955 0.924594 0
    outer loop
      vertex 14.5 -119.386 4
      vertex 14.8859 -119.545 0
      vertex 14.5 -119.386 0
    endloop
  endfacet
  facet normal 0.793105 0.609085 0
    outer loop
      vertex 14.1686 -119.131 4
      vertex 13.9144 -118.8 0
      vertex 13.9144 -118.8 4
    endloop
  endfacet
  facet normal 0.793105 0.609085 0
    outer loop
      vertex 13.9144 -118.8 0
      vertex 14.1686 -119.131 4
      vertex 14.1686 -119.131 0
    endloop
  endfacet
  facet normal 0.991446 -0.130516 0
    outer loop
      vertex 13.7 -118 4
      vertex 13.7545 -117.586 0
      vertex 13.7545 -117.586 4
    endloop
  endfacet
  facet normal 0.991446 -0.130516 0
    outer loop
      vertex 13.7545 -117.586 0
      vertex 13.7 -118 4
      vertex 13.7 -118 0
    endloop
  endfacet
  facet normal -0.793105 -0.609085 0
    outer loop
      vertex 16.6856 -117.2 0
      vertex 16.4314 -116.869 4
      vertex 16.4314 -116.869 0
    endloop
  endfacet
  facet normal -0.793105 -0.609085 0
    outer loop
      vertex 16.4314 -116.869 4
      vertex 16.6856 -117.2 0
      vertex 16.6856 -117.2 4
    endloop
  endfacet
  facet normal -0.923868 -0.382711 0
    outer loop
      vertex 16.8455 -117.586 0
      vertex 16.6856 -117.2 4
      vertex 16.6856 -117.2 0
    endloop
  endfacet
  facet normal -0.923868 -0.382711 0
    outer loop
      vertex 16.6856 -117.2 4
      vertex 16.8455 -117.586 0
      vertex 16.8455 -117.586 4
    endloop
  endfacet
  facet normal -0.131662 -0.991295 0
    outer loop
      vertex 15.3 -116.4 0
      vertex 15.7141 -116.455 4
      vertex 15.3 -116.4 4
    endloop
  endfacet
  facet normal -0.131662 -0.991295 -0
    outer loop
      vertex 15.7141 -116.455 4
      vertex 15.3 -116.4 0
      vertex 15.7141 -116.455 0
    endloop
  endfacet
  facet normal 0.793105 -0.609085 0
    outer loop
      vertex 13.9144 -117.2 4
      vertex 14.1686 -116.869 0
      vertex 14.1686 -116.869 4
    endloop
  endfacet
  facet normal 0.793105 -0.609085 0
    outer loop
      vertex 14.1686 -116.869 0
      vertex 13.9144 -117.2 4
      vertex 13.9144 -117.2 0
    endloop
  endfacet
  facet normal 0 0 -1
    outer loop
      vertex 16.8455 -118.414 4
      vertex 16.8455 -117.586 4
      vertex 16.9 -118 4
    endloop
  endfacet
  facet normal 0 0 -1
    outer loop
      vertex 16.6856 -118.8 4
      vertex 16.8455 -117.586 4
      vertex 16.8455 -118.414 4
    endloop
  endfacet
  facet normal 0 0 -1
    outer loop
      vertex 16.6856 -118.8 4
      vertex 16.6856 -117.2 4
      vertex 16.8455 -117.586 4
    endloop
  endfacet
  facet normal 0 0 -1
    outer loop
      vertex 16.4314 -119.131 4
      vertex 16.6856 -117.2 4
      vertex 16.6856 -118.8 4
    endloop
  endfacet
  facet normal 0 0 -1
    outer loop
      vertex 16.4314 -119.131 4
      vertex 16.4314 -116.869 4
      vertex 16.6856 -117.2 4
    endloop
  endfacet
  facet normal 0 0 -1
    outer loop
      vertex 16.1 -119.386 4
      vertex 16.4314 -116.869 4
      vertex 16.4314 -119.131 4
    endloop
  endfacet
  facet normal 0 0 -1
    outer loop
      vertex 16.1 -119.386 4
      vertex 16.1 -116.614 4
      vertex 16.4314 -116.869 4
    endloop
  endfacet
  facet normal 0 0 -1
    outer loop
      vertex 15.7141 -119.545 4
      vertex 16.1 -116.614 4
      vertex 16.1 -119.386 4
    endloop
  endfacet
  facet normal 0 0 -1
    outer loop
      vertex 15.7141 -119.545 4
      vertex 15.7141 -116.455 4
      vertex 16.1 -116.614 4
    endloop
  endfacet
  facet normal 0 0 -1
    outer loop
      vertex 15.3 -119.6 4
      vertex 15.7141 -116.455 4
      vertex 15.7141 -119.545 4
    endloop
  endfacet
  facet normal 0 0 -1
    outer loop
      vertex 15.3 -119.6 4
      vertex 15.3 -116.4 4
      vertex 15.7141 -116.455 4
    endloop
  endfacet
  facet normal 0 0 -1
    outer loop
      vertex 14.8859 -119.545 4
      vertex 15.3 -116.4 4
      vertex 15.3 -119.6 4
    endloop
  endfacet
  facet normal 0 0 -1
    outer loop
      vertex 14.8859 -119.545 4
      vertex 14.8859 -116.455 4
      vertex 15.3 -116.4 4
    endloop
  endfacet
  facet normal 0 0 -1
    outer loop
      vertex 14.5 -119.386 4
      vertex 14.8859 -116.455 4
      vertex 14.8859 -119.545 4
    endloop
  endfacet
  facet normal 0 0 -1
    outer loop
      vertex 14.5 -119.386 4
      vertex 14.5 -116.614 4
      vertex 14.8859 -116.455 4
    endloop
  endfacet
  facet normal 0 0 -1
    outer loop
      vertex 14.1686 -119.131 4
      vertex 14.5 -116.614 4
      vertex 14.5 -119.386 4
    endloop
  endfacet
  facet normal 0 0 -1
    outer loop
      vertex 14.1686 -119.131 4
      vertex 14.1686 -116.869 4
      vertex 14.5 -116.614 4
    endloop
  endfacet
  facet normal 0 0 -1
    outer loop
      vertex 13.9144 -118.8 4
      vertex 14.1686 -116.869 4
      vertex 14.1686 -119.131 4
    endloop
  endfacet
  facet normal 0 0 -1
    outer loop
      vertex 13.9144 -118.8 4
      vertex 13.9144 -117.2 4
      vertex 14.1686 -116.869 4
    endloop
  endfacet
  facet normal 0 0 -1
    outer loop
      vertex 13.7545 -118.414 4
      vertex 13.9144 -117.2 4
      vertex 13.9144 -118.8 4
    endloop
  endfacet
  facet normal 0 0 -1
    outer loop
      vertex 13.7545 -118.414 4
      vertex 13.7545 -117.586 4
      vertex 13.9144 -117.2 4
    endloop
  endfacet
  facet normal 0 -0 -1
    outer loop
      vertex 13.7545 -117.586 4
      vertex 13.7545 -118.414 4
      vertex 13.7 -118 4
    endloop
  endfacet
  facet normal -0.991446 -0.130516 0
    outer loop
      vertex 16.9 -118 0
      vertex 16.8455 -117.586 4
      vertex 16.8455 -117.586 0
    endloop
  endfacet
  facet normal -0.991446 -0.130516 0
    outer loop
      vertex 16.8455 -117.586 4
      vertex 16.9 -118 0
      vertex 16.9 -118 4
    endloop
  endfacet
  facet normal -0.380955 0.924594 0
    outer loop
      vertex 16.1 -119.386 0
      vertex 15.7141 -119.545 4
      vertex 16.1 -119.386 4
    endloop
  endfacet
  facet normal -0.380955 0.924594 0
    outer loop
      vertex 15.7141 -119.545 4
      vertex 16.1 -119.386 0
      vertex 15.7141 -119.545 0
    endloop
  endfacet
  facet normal 0.609826 -0.792535 0
    outer loop
      vertex 14.1686 -116.869 0
      vertex 14.5 -116.614 4
      vertex 14.1686 -116.869 4
    endloop
  endfacet
  facet normal 0.609826 -0.792535 0
    outer loop
      vertex 14.5 -116.614 4
      vertex 14.1686 -116.869 0
      vertex 14.5 -116.614 0
    endloop
  endfacet
  facet normal 0.609826 0.792535 -0
    outer loop
      vertex 14.5 -119.386 0
      vertex 14.1686 -119.131 4
      vertex 14.5 -119.386 4
    endloop
  endfacet
  facet normal 0.609826 0.792535 0
    outer loop
      vertex 14.1686 -119.131 4
      vertex 14.5 -119.386 0
      vertex 14.1686 -119.131 0
    endloop
  endfacet
  facet normal -0.380955 -0.924594 0
    outer loop
      vertex 15.7141 -116.455 0
      vertex 16.1 -116.614 4
      vertex 15.7141 -116.455 4
    endloop
  endfacet
  facet normal -0.380955 -0.924594 -0
    outer loop
      vertex 16.1 -116.614 4
      vertex 15.7141 -116.455 0
      vertex 16.1 -116.614 0
    endloop
  endfacet
  facet normal -0.609826 -0.792535 0
    outer loop
      vertex 16.1 -116.614 0
      vertex 16.4314 -116.869 4
      vertex 16.1 -116.614 4
    endloop
  endfacet
  facet normal -0.609826 -0.792535 -0
    outer loop
      vertex 16.4314 -116.869 4
      vertex 16.1 -116.614 0
      vertex 16.4314 -116.869 0
    endloop
  endfacet
  facet normal -0.131662 0.991295 0
    outer loop
      vertex 15.7141 -119.545 0
      vertex 15.3 -119.6 4
      vertex 15.7141 -119.545 4
    endloop
  endfacet
  facet normal -0.131662 0.991295 0
    outer loop
      vertex 15.3 -119.6 4
      vertex 15.7141 -119.545 0
      vertex 15.3 -119.6 0
    endloop
  endfacet
  facet normal 0.131662 0.991295 -0
    outer loop
      vertex 15.3 -119.6 0
      vertex 14.8859 -119.545 4
      vertex 15.3 -119.6 4
    endloop
  endfacet
  facet normal 0.131662 0.991295 0
    outer loop
      vertex 14.8859 -119.545 4
      vertex 15.3 -119.6 0
      vertex 14.8859 -119.545 0
    endloop
  endfacet
  facet normal 0.923868 0.382711 0
    outer loop
      vertex 13.9144 -118.8 4
      vertex 13.7545 -118.414 0
      vertex 13.7545 -118.414 4
    endloop
  endfacet
  facet normal 0.923868 0.382711 0
    outer loop
      vertex 13.7545 -118.414 0
      vertex 13.9144 -118.8 4
      vertex 13.9144 -118.8 0
    endloop
  endfacet
  facet normal 0.131662 -0.991295 0
    outer loop
      vertex 14.8859 -116.455 0
      vertex 15.3 -116.4 4
      vertex 14.8859 -116.455 4
    endloop
  endfacet
  facet normal 0.131662 -0.991295 0
    outer loop
      vertex 15.3 -116.4 4
      vertex 14.8859 -116.455 0
      vertex 15.3 -116.4 0
    endloop
  endfacet
  facet normal 0.380955 -0.924594 0
    outer loop
      vertex 14.5 -116.614 0
      vertex 14.8859 -116.455 4
      vertex 14.5 -116.614 4
    endloop
  endfacet
  facet normal 0.380955 -0.924594 0
    outer loop
      vertex 14.8859 -116.455 4
      vertex 14.5 -116.614 0
      vertex 14.8859 -116.455 0
    endloop
  endfacet
  facet normal 0.991446 0.130516 0
    outer loop
      vertex 13.7545 -118.414 4
      vertex 13.7 -118 0
      vertex 13.7 -118 4
    endloop
  endfacet
  facet normal 0.991446 0.130516 0
    outer loop
      vertex 13.7 -118 0
      vertex 13.7545 -118.414 4
      vertex 13.7545 -118.414 0
    endloop
  endfacet
  facet normal 0.991443 0 -0.130539
    outer loop
      vertex -1.93185 -90.75 42.0176
      vertex -2 -86.75 41.5
      vertex -1.93185 -86.75 42.0176
    endloop
  endfacet
  facet normal 0.991443 0 -0.130539
    outer loop
      vertex -2 -86.75 41.5
      vertex -1.93185 -90.75 42.0176
      vertex -2 -90.75 41.5
    endloop
  endfacet
  facet normal -0.923891 0 -0.382656
    outer loop
      vertex 1.93185 -90.75 42.0176
      vertex 1.73205 -86.75 42.5
      vertex 1.93185 -86.75 42.0176
    endloop
  endfacet
  facet normal -0.923891 -0 -0.382656
    outer loop
      vertex 1.73205 -86.75 42.5
      vertex 1.93185 -90.75 42.0176
      vertex 1.73205 -90.75 42.5
    endloop
  endfacet
  facet normal -0.991443 0 -0.130539
    outer loop
      vertex 2 -90.75 41.5
      vertex 1.93185 -86.75 42.0176
      vertex 2 -86.75 41.5
    endloop
  endfacet
  facet normal -0.991443 -0 -0.130539
    outer loop
      vertex 1.93185 -86.75 42.0176
      vertex 2 -90.75 41.5
      vertex 1.93185 -90.75 42.0176
    endloop
  endfacet
  facet normal -0.793341 0 -0.608777
    outer loop
      vertex 1.73205 -90.75 42.5
      vertex 1.41421 -86.75 42.9142
      vertex 1.73205 -86.75 42.5
    endloop
  endfacet
  facet normal -0.793341 -0 -0.608777
    outer loop
      vertex 1.41421 -86.75 42.9142
      vertex 1.73205 -90.75 42.5
      vertex 1.41421 -90.75 42.9142
    endloop
  endfacet
  facet normal 0 -1 0
    outer loop
      vertex -0.517637 -86.75 43.4319
      vertex 0.517637 -86.75 43.4319
      vertex 0 -86.75 43.5
    endloop
  endfacet
  facet normal 0 -1 0
    outer loop
      vertex -1 -86.75 43.2321
      vertex 0.517637 -86.75 43.4319
      vertex -0.517637 -86.75 43.4319
    endloop
  endfacet
  facet normal 0 -1 0
    outer loop
      vertex -1 -86.75 43.2321
      vertex 1 -86.75 43.2321
      vertex 0.517637 -86.75 43.4319
    endloop
  endfacet
  facet normal 0 -1 0
    outer loop
      vertex -1.41421 -86.75 42.9142
      vertex 1 -86.75 43.2321
      vertex -1 -86.75 43.2321
    endloop
  endfacet
  facet normal 0 -1 0
    outer loop
      vertex -1.41421 -86.75 42.9142
      vertex 1.41421 -86.75 42.9142
      vertex 1 -86.75 43.2321
    endloop
  endfacet
  facet normal 0 -1 0
    outer loop
      vertex -1.73205 -86.75 42.5
      vertex 1.41421 -86.75 42.9142
      vertex -1.41421 -86.75 42.9142
    endloop
  endfacet
  facet normal 0 -1 0
    outer loop
      vertex -1.73205 -86.75 42.5
      vertex 1.73205 -86.75 42.5
      vertex 1.41421 -86.75 42.9142
    endloop
  endfacet
  facet normal 0 -1 0
    outer loop
      vertex -1.93185 -86.75 42.0176
      vertex 1.73205 -86.75 42.5
      vertex -1.73205 -86.75 42.5
    endloop
  endfacet
  facet normal 0 -1 0
    outer loop
      vertex -1.93185 -86.75 42.0176
      vertex 1.93185 -86.75 42.0176
      vertex 1.73205 -86.75 42.5
    endloop
  endfacet
  facet normal 0 -1 0
    outer loop
      vertex -2 -86.75 41.5
      vertex 1.93185 -86.75 42.0176
      vertex -1.93185 -86.75 42.0176
    endloop
  endfacet
  facet normal 0 -1 0
    outer loop
      vertex -2 -86.75 41.5
      vertex 2 -86.75 41.5
      vertex 1.93185 -86.75 42.0176
    endloop
  endfacet
  facet normal 0 -1 0
    outer loop
      vertex -1.93185 -86.75 40.9824
      vertex 2 -86.75 41.5
      vertex -2 -86.75 41.5
    endloop
  endfacet
  facet normal 0 -1 0
    outer loop
      vertex -1.93185 -86.75 40.9824
      vertex 1.93185 -86.75 40.9824
      vertex 2 -86.75 41.5
    endloop
  endfacet
  facet normal 0 -1 0
    outer loop
      vertex -1.73205 -86.75 40.5
      vertex 1.93185 -86.75 40.9824
      vertex -1.93185 -86.75 40.9824
    endloop
  endfacet
  facet normal 0 -1 0
    outer loop
      vertex -1.73205 -86.75 40.5
      vertex 1.73205 -86.75 40.5
      vertex 1.93185 -86.75 40.9824
    endloop
  endfacet
  facet normal 0 -1 0
    outer loop
      vertex -1.41421 -86.75 40.0858
      vertex 1.73205 -86.75 40.5
      vertex -1.73205 -86.75 40.5
    endloop
  endfacet
  facet normal 0 -1 0
    outer loop
      vertex -1.41421 -86.75 40.0858
      vertex 1.41421 -86.75 40.0858
      vertex 1.73205 -86.75 40.5
    endloop
  endfacet
  facet normal 0 -1 0
    outer loop
      vertex -1 -86.75 39.768
      vertex 1.41421 -86.75 40.0858
      vertex -1.41421 -86.75 40.0858
    endloop
  endfacet
  facet normal 0 -1 0
    outer loop
      vertex -1 -86.75 39.768
      vertex 1 -86.75 39.768
      vertex 1.41421 -86.75 40.0858
    endloop
  endfacet
  facet normal 0 -1 0
    outer loop
      vertex -0.517637 -86.75 39.5681
      vertex 1 -86.75 39.768
      vertex -1 -86.75 39.768
    endloop
  endfacet
  facet normal 0 -1 0
    outer loop
      vertex -0.517637 -86.75 39.5681
      vertex 0.517637 -86.75 39.5681
      vertex 1 -86.75 39.768
    endloop
  endfacet
  facet normal -0 -1 0
    outer loop
      vertex 0.517637 -86.75 39.5681
      vertex -0.517637 -86.75 39.5681
      vertex 0 -86.75 39.5
    endloop
  endfacet
  facet normal -0.130435 0 0.991457
    outer loop
      vertex 0 -86.75 39.5
      vertex 0.517637 -90.75 39.5681
      vertex 0.517637 -86.75 39.5681
    endloop
  endfacet
  facet normal -0.130435 0 0.991457
    outer loop
      vertex 0.517637 -90.75 39.5681
      vertex 0 -86.75 39.5
      vertex 0 -90.75 39.5
    endloop
  endfacet
  facet normal -0.991443 0 0.130539
    outer loop
      vertex 1.93185 -90.75 40.9824
      vertex 2 -86.75 41.5
      vertex 1.93185 -86.75 40.9824
    endloop
  endfacet
  facet normal -0.991443 0 0.130539
    outer loop
      vertex 2 -86.75 41.5
      vertex 1.93185 -90.75 40.9824
      vertex 2 -90.75 41.5
    endloop
  endfacet
  facet normal -0.60884 0 -0.793293
    outer loop
      vertex 1 -90.75 43.2321
      vertex 1.41421 -86.75 42.9142
      vertex 1.41421 -90.75 42.9142
    endloop
  endfacet
  facet normal -0.60884 0 -0.793293
    outer loop
      vertex 1.41421 -86.75 42.9142
      vertex 1 -90.75 43.2321
      vertex 1 -86.75 43.2321
    endloop
  endfacet
  facet normal 0.60884 0 -0.793293
    outer loop
      vertex -1.41421 -90.75 42.9142
      vertex -1 -86.75 43.2321
      vertex -1 -90.75 43.2321
    endloop
  endfacet
  facet normal 0.60884 0 -0.793293
    outer loop
      vertex -1 -86.75 43.2321
      vertex -1.41421 -90.75 42.9142
      vertex -1.41421 -86.75 42.9142
    endloop
  endfacet
  facet normal 0.130435 0 -0.991457
    outer loop
      vertex -0.517637 -90.75 43.4319
      vertex 0 -86.75 43.5
      vertex 0 -90.75 43.5
    endloop
  endfacet
  facet normal 0.130435 0 -0.991457
    outer loop
      vertex 0 -86.75 43.5
      vertex -0.517637 -90.75 43.4319
      vertex -0.517637 -86.75 43.4319
    endloop
  endfacet
  facet normal -0.923891 0 0.382656
    outer loop
      vertex 1.73205 -90.75 40.5
      vertex 1.93185 -86.75 40.9824
      vertex 1.73205 -86.75 40.5
    endloop
  endfacet
  facet normal -0.923891 0 0.382656
    outer loop
      vertex 1.93185 -86.75 40.9824
      vertex 1.73205 -90.75 40.5
      vertex 1.93185 -90.75 40.9824
    endloop
  endfacet
  facet normal 0.923891 -0 0.382656
    outer loop
      vertex -1.93185 -90.75 40.9824
      vertex -1.73205 -86.75 40.5
      vertex -1.93185 -86.75 40.9824
    endloop
  endfacet
  facet normal 0.923891 0 0.382656
    outer loop
      vertex -1.73205 -86.75 40.5
      vertex -1.93185 -90.75 40.9824
      vertex -1.73205 -90.75 40.5
    endloop
  endfacet
  facet normal -0.382681 0 -0.92388
    outer loop
      vertex 0.517637 -90.75 43.4319
      vertex 1 -86.75 43.2321
      vertex 1 -90.75 43.2321
    endloop
  endfacet
  facet normal -0.382681 0 -0.92388
    outer loop
      vertex 1 -86.75 43.2321
      vertex 0.517637 -90.75 43.4319
      vertex 0.517637 -86.75 43.4319
    endloop
  endfacet
  facet normal 0.60872 0 0.793385
    outer loop
      vertex -1.41421 -86.75 40.0858
      vertex -1 -90.75 39.768
      vertex -1 -86.75 39.768
    endloop
  endfacet
  facet normal 0.60872 0 0.793385
    outer loop
      vertex -1 -90.75 39.768
      vertex -1.41421 -86.75 40.0858
      vertex -1.41421 -90.75 40.0858
    endloop
  endfacet
  facet normal -0.793341 0 0.608777
    outer loop
      vertex 1.41421 -90.75 40.0858
      vertex 1.73205 -86.75 40.5
      vertex 1.41421 -86.75 40.0858
    endloop
  endfacet
  facet normal -0.793341 0 0.608777
    outer loop
      vertex 1.73205 -86.75 40.5
      vertex 1.41421 -90.75 40.0858
      vertex 1.73205 -90.75 40.5
    endloop
  endfacet
  facet normal -0.382845 0 0.923813
    outer loop
      vertex 0.517637 -86.75 39.5681
      vertex 1 -90.75 39.768
      vertex 1 -86.75 39.768
    endloop
  endfacet
  facet normal -0.382845 0 0.923813
    outer loop
      vertex 1 -90.75 39.768
      vertex 0.517637 -86.75 39.5681
      vertex 0.517637 -90.75 39.5681
    endloop
  endfacet
  facet normal 0.991443 -0 0.130539
    outer loop
      vertex -2 -90.75 41.5
      vertex -1.93185 -86.75 40.9824
      vertex -2 -86.75 41.5
    endloop
  endfacet
  facet normal 0.991443 0 0.130539
    outer loop
      vertex -1.93185 -86.75 40.9824
      vertex -2 -90.75 41.5
      vertex -1.93185 -90.75 40.9824
    endloop
  endfacet
  facet normal 0.382681 0 -0.92388
    outer loop
      vertex -1 -90.75 43.2321
      vertex -0.517637 -86.75 43.4319
      vertex -0.517637 -90.75 43.4319
    endloop
  endfacet
  facet normal 0.382681 0 -0.92388
    outer loop
      vertex -0.517637 -86.75 43.4319
      vertex -1 -90.75 43.2321
      vertex -1 -86.75 43.2321
    endloop
  endfacet
  facet normal 0.923891 0 -0.382656
    outer loop
      vertex -1.73205 -90.75 42.5
      vertex -1.93185 -86.75 42.0176
      vertex -1.73205 -86.75 42.5
    endloop
  endfacet
  facet normal 0.923891 0 -0.382656
    outer loop
      vertex -1.93185 -86.75 42.0176
      vertex -1.73205 -90.75 42.5
      vertex -1.93185 -90.75 42.0176
    endloop
  endfacet
  facet normal 0.793341 -0 0.608777
    outer loop
      vertex -1.73205 -90.75 40.5
      vertex -1.41421 -86.75 40.0858
      vertex -1.73205 -86.75 40.5
    endloop
  endfacet
  facet normal 0.793341 0 0.608777
    outer loop
      vertex -1.41421 -86.75 40.0858
      vertex -1.73205 -90.75 40.5
      vertex -1.41421 -90.75 40.0858
    endloop
  endfacet
  facet normal -0.60872 0 0.793385
    outer loop
      vertex 1 -86.75 39.768
      vertex 1.41421 -90.75 40.0858
      vertex 1.41421 -86.75 40.0858
    endloop
  endfacet
  facet normal -0.60872 0 0.793385
    outer loop
      vertex 1.41421 -90.75 40.0858
      vertex 1 -86.75 39.768
      vertex 1 -90.75 39.768
    endloop
  endfacet
  facet normal 0.382845 0 0.923813
    outer loop
      vertex -1 -86.75 39.768
      vertex -0.517637 -90.75 39.5681
      vertex -0.517637 -86.75 39.5681
    endloop
  endfacet
  facet normal 0.382845 0 0.923813
    outer loop
      vertex -0.517637 -90.75 39.5681
      vertex -1 -86.75 39.768
      vertex -1 -90.75 39.768
    endloop
  endfacet
  facet normal -0.130435 0 -0.991457
    outer loop
      vertex 0 -90.75 43.5
      vertex 0.517637 -86.75 43.4319
      vertex 0.517637 -90.75 43.4319
    endloop
  endfacet
  facet normal -0.130435 0 -0.991457
    outer loop
      vertex 0.517637 -86.75 43.4319
      vertex 0 -90.75 43.5
      vertex 0 -86.75 43.5
    endloop
  endfacet
  facet normal 0.130435 0 0.991457
    outer loop
      vertex -0.517637 -86.75 39.5681
      vertex 0 -90.75 39.5
      vertex 0 -86.75 39.5
    endloop
  endfacet
  facet normal 0.130435 0 0.991457
    outer loop
      vertex 0 -90.75 39.5
      vertex -0.517637 -86.75 39.5681
      vertex -0.517637 -90.75 39.5681
    endloop
  endfacet
  facet normal 0.793341 0 -0.608777
    outer loop
      vertex -1.41421 -90.75 42.9142
      vertex -1.73205 -86.75 42.5
      vertex -1.41421 -86.75 42.9142
    endloop
  endfacet
  facet normal 0.793341 0 -0.608777
    outer loop
      vertex -1.73205 -86.75 42.5
      vertex -1.41421 -90.75 42.9142
      vertex -1.73205 -90.75 42.5
    endloop
  endfacet
  facet normal 0.991443 0 -0.130539
    outer loop
      vertex -1.93185 -90.75 12.0176
      vertex -2 -86.75 11.5
      vertex -1.93185 -86.75 12.0176
    endloop
  endfacet
  facet normal 0.991443 0 -0.130539
    outer loop
      vertex -2 -86.75 11.5
      vertex -1.93185 -90.75 12.0176
      vertex -2 -90.75 11.5
    endloop
  endfacet
  facet normal -0.923891 0 -0.382656
    outer loop
      vertex 1.93185 -90.75 12.0176
      vertex 1.73205 -86.75 12.5
      vertex 1.93185 -86.75 12.0176
    endloop
  endfacet
  facet normal -0.923891 -0 -0.382656
    outer loop
      vertex 1.73205 -86.75 12.5
      vertex 1.93185 -90.75 12.0176
      vertex 1.73205 -90.75 12.5
    endloop
  endfacet
  facet normal -0.991443 0 -0.130539
    outer loop
      vertex 2 -90.75 11.5
      vertex 1.93185 -86.75 12.0176
      vertex 2 -86.75 11.5
    endloop
  endfacet
  facet normal -0.991443 -0 -0.130539
    outer loop
      vertex 1.93185 -86.75 12.0176
      vertex 2 -90.75 11.5
      vertex 1.93185 -90.75 12.0176
    endloop
  endfacet
  facet normal -0.793341 0 -0.608777
    outer loop
      vertex 1.73205 -90.75 12.5
      vertex 1.41421 -86.75 12.9142
      vertex 1.73205 -86.75 12.5
    endloop
  endfacet
  facet normal -0.793341 -0 -0.608777
    outer loop
      vertex 1.41421 -86.75 12.9142
      vertex 1.73205 -90.75 12.5
      vertex 1.41421 -90.75 12.9142
    endloop
  endfacet
  facet normal -0.13053 0 0.991444
    outer loop
      vertex 0 -86.75 9.5
      vertex 0.517637 -90.75 9.56815
      vertex 0.517637 -86.75 9.56815
    endloop
  endfacet
  facet normal -0.13053 0 0.991444
    outer loop
      vertex 0.517637 -90.75 9.56815
      vertex 0 -86.75 9.5
      vertex 0 -90.75 9.5
    endloop
  endfacet
  facet normal -0.991443 0 0.130539
    outer loop
      vertex 1.93185 -90.75 10.9824
      vertex 2 -86.75 11.5
      vertex 1.93185 -86.75 10.9824
    endloop
  endfacet
  facet normal -0.991443 0 0.130539
    outer loop
      vertex 2 -86.75 11.5
      vertex 1.93185 -90.75 10.9824
      vertex 2 -90.75 11.5
    endloop
  endfacet
  facet normal -0.60884 0 -0.793293
    outer loop
      vertex 1 -90.75 13.2321
      vertex 1.41421 -86.75 12.9142
      vertex 1.41421 -90.75 12.9142
    endloop
  endfacet
  facet normal -0.60884 0 -0.793293
    outer loop
      vertex 1.41421 -86.75 12.9142
      vertex 1 -90.75 13.2321
      vertex 1 -86.75 13.2321
    endloop
  endfacet
  facet normal 0.60884 0 -0.793293
    outer loop
      vertex -1.41421 -90.75 12.9142
      vertex -1 -86.75 13.2321
      vertex -1 -90.75 13.2321
    endloop
  endfacet
  facet normal 0.60884 0 -0.793293
    outer loop
      vertex -1 -86.75 13.2321
      vertex -1.41421 -90.75 12.9142
      vertex -1.41421 -86.75 12.9142
    endloop
  endfacet
  facet normal 0.793341 0 -0.608777
    outer loop
      vertex -1.41421 -90.75 12.9142
      vertex -1.73205 -86.75 12.5
      vertex -1.41421 -86.75 12.9142
    endloop
  endfacet
  facet normal 0.793341 0 -0.608777
    outer loop
      vertex -1.73205 -86.75 12.5
      vertex -1.41421 -90.75 12.9142
      vertex -1.73205 -90.75 12.5
    endloop
  endfacet
  facet normal 0.130435 0 -0.991457
    outer loop
      vertex -0.517637 -90.75 13.4319
      vertex 0 -86.75 13.5
      vertex 0 -90.75 13.5
    endloop
  endfacet
  facet normal 0.130435 0 -0.991457
    outer loop
      vertex 0 -86.75 13.5
      vertex -0.517637 -90.75 13.4319
      vertex -0.517637 -86.75 13.4319
    endloop
  endfacet
  facet normal -0.923891 0 0.382656
    outer loop
      vertex 1.73205 -90.75 10.5
      vertex 1.93185 -86.75 10.9824
      vertex 1.73205 -86.75 10.5
    endloop
  endfacet
  facet normal -0.923891 0 0.382656
    outer loop
      vertex 1.93185 -86.75 10.9824
      vertex 1.73205 -90.75 10.5
      vertex 1.93185 -90.75 10.9824
    endloop
  endfacet
  facet normal 0.923891 -0 0.382656
    outer loop
      vertex -1.93185 -90.75 10.9824
      vertex -1.73205 -86.75 10.5
      vertex -1.93185 -86.75 10.9824
    endloop
  endfacet
  facet normal 0.923891 0 0.382656
    outer loop
      vertex -1.73205 -86.75 10.5
      vertex -1.93185 -90.75 10.9824
      vertex -1.73205 -90.75 10.5
    endloop
  endfacet
  facet normal -0.382681 0 -0.92388
    outer loop
      vertex 0.517637 -90.75 13.4319
      vertex 1 -86.75 13.2321
      vertex 1 -90.75 13.2321
    endloop
  endfacet
  facet normal -0.382681 0 -0.92388
    outer loop
      vertex 1 -86.75 13.2321
      vertex 0.517637 -90.75 13.4319
      vertex 0.517637 -86.75 13.4319
    endloop
  endfacet
  facet normal 0.60878 0 0.793339
    outer loop
      vertex -1.41421 -86.75 10.0858
      vertex -1 -90.75 9.76795
      vertex -1 -86.75 9.76795
    endloop
  endfacet
  facet normal 0.60878 0 0.793339
    outer loop
      vertex -1 -90.75 9.76795
      vertex -1.41421 -86.75 10.0858
      vertex -1.41421 -90.75 10.0858
    endloop
  endfacet
  facet normal -0.793341 0 0.608777
    outer loop
      vertex 1.41421 -90.75 10.0858
      vertex 1.73205 -86.75 10.5
      vertex 1.41421 -86.75 10.0858
    endloop
  endfacet
  facet normal -0.793341 0 0.608777
    outer loop
      vertex 1.73205 -86.75 10.5
      vertex 1.41421 -90.75 10.0858
      vertex 1.73205 -90.75 10.5
    endloop
  endfacet
  facet normal -0.382681 0 0.92388
    outer loop
      vertex 0.517637 -86.75 9.56815
      vertex 1 -90.75 9.76795
      vertex 1 -86.75 9.76795
    endloop
  endfacet
  facet normal -0.382681 0 0.92388
    outer loop
      vertex 1 -90.75 9.76795
      vertex 0.517637 -86.75 9.56815
      vertex 0.517637 -90.75 9.56815
    endloop
  endfacet
  facet normal 0.991443 -0 0.130539
    outer loop
      vertex -2 -90.75 11.5
      vertex -1.93185 -86.75 10.9824
      vertex -2 -86.75 11.5
    endloop
  endfacet
  facet normal 0.991443 0 0.130539
    outer loop
      vertex -1.93185 -86.75 10.9824
      vertex -2 -90.75 11.5
      vertex -1.93185 -90.75 10.9824
    endloop
  endfacet
  facet normal 0.382681 0 -0.92388
    outer loop
      vertex -1 -90.75 13.2321
      vertex -0.517637 -86.75 13.4319
      vertex -0.517637 -90.75 13.4319
    endloop
  endfacet
  facet normal 0.382681 0 -0.92388
    outer loop
      vertex -0.517637 -86.75 13.4319
      vertex -1 -90.75 13.2321
      vertex -1 -86.75 13.2321
    endloop
  endfacet
  facet normal 0.923891 0 -0.382656
    outer loop
      vertex -1.73205 -90.75 12.5
      vertex -1.93185 -86.75 12.0176
      vertex -1.73205 -86.75 12.5
    endloop
  endfacet
  facet normal 0.923891 0 -0.382656
    outer loop
      vertex -1.93185 -86.75 12.0176
      vertex -1.73205 -90.75 12.5
      vertex -1.93185 -90.75 12.0176
    endloop
  endfacet
  facet normal 0.793341 -0 0.608777
    outer loop
      vertex -1.73205 -90.75 10.5
      vertex -1.41421 -86.75 10.0858
      vertex -1.73205 -86.75 10.5
    endloop
  endfacet
  facet normal 0.793341 0 0.608777
    outer loop
      vertex -1.41421 -86.75 10.0858
      vertex -1.73205 -90.75 10.5
      vertex -1.41421 -90.75 10.0858
    endloop
  endfacet
  facet normal -0.60878 0 0.793339
    outer loop
      vertex 1 -86.75 9.76795
      vertex 1.41421 -90.75 10.0858
      vertex 1.41421 -86.75 10.0858
    endloop
  endfacet
  facet normal -0.60878 0 0.793339
    outer loop
      vertex 1.41421 -90.75 10.0858
      vertex 1 -86.75 9.76795
      vertex 1 -90.75 9.76795
    endloop
  endfacet
  facet normal 0.382681 0 0.92388
    outer loop
      vertex -1 -86.75 9.76795
      vertex -0.517637 -90.75 9.56815
      vertex -0.517637 -86.75 9.56815
    endloop
  endfacet
  facet normal 0.382681 0 0.92388
    outer loop
      vertex -0.517637 -90.75 9.56815
      vertex -1 -86.75 9.76795
      vertex -1 -90.75 9.76795
    endloop
  endfacet
  facet normal -0.130435 0 -0.991457
    outer loop
      vertex 0 -90.75 13.5
      vertex 0.517637 -86.75 13.4319
      vertex 0.517637 -90.75 13.4319
    endloop
  endfacet
  facet normal -0.130435 0 -0.991457
    outer loop
      vertex 0.517637 -86.75 13.4319
      vertex 0 -90.75 13.5
      vertex 0 -86.75 13.5
    endloop
  endfacet
  facet normal 0.13053 0 0.991444
    outer loop
      vertex -0.517637 -86.75 9.56815
      vertex 0 -90.75 9.5
      vertex 0 -86.75 9.5
    endloop
  endfacet
  facet normal 0.13053 0 0.991444
    outer loop
      vertex 0 -90.75 9.5
      vertex -0.517637 -86.75 9.56815
      vertex -0.517637 -90.75 9.56815
    endloop
  endfacet
  facet normal 0 -1 0
    outer loop
      vertex -0.517637 -86.75 13.4319
      vertex 0.517637 -86.75 13.4319
      vertex 0 -86.75 13.5
    endloop
  endfacet
  facet normal 0 -1 0
    outer loop
      vertex -1 -86.75 13.2321
      vertex 0.517637 -86.75 13.4319
      vertex -0.517637 -86.75 13.4319
    endloop
  endfacet
  facet normal 0 -1 0
    outer loop
      vertex -1 -86.75 13.2321
      vertex 1 -86.75 13.2321
      vertex 0.517637 -86.75 13.4319
    endloop
  endfacet
  facet normal 0 -1 0
    outer loop
      vertex -1.41421 -86.75 12.9142
      vertex 1 -86.75 13.2321
      vertex -1 -86.75 13.2321
    endloop
  endfacet
  facet normal 0 -1 0
    outer loop
      vertex -1.41421 -86.75 12.9142
      vertex 1.41421 -86.75 12.9142
      vertex 1 -86.75 13.2321
    endloop
  endfacet
  facet normal 0 -1 0
    outer loop
      vertex -1.73205 -86.75 12.5
      vertex 1.41421 -86.75 12.9142
      vertex -1.41421 -86.75 12.9142
    endloop
  endfacet
  facet normal 0 -1 0
    outer loop
      vertex -1.73205 -86.75 12.5
      vertex 1.73205 -86.75 12.5
      vertex 1.41421 -86.75 12.9142
    endloop
  endfacet
  facet normal 0 -1 0
    outer loop
      vertex -1.93185 -86.75 12.0176
      vertex 1.73205 -86.75 12.5
      vertex -1.73205 -86.75 12.5
    endloop
  endfacet
  facet normal 0 -1 0
    outer loop
      vertex -1.93185 -86.75 12.0176
      vertex 1.93185 -86.75 12.0176
      vertex 1.73205 -86.75 12.5
    endloop
  endfacet
  facet normal 0 -1 0
    outer loop
      vertex -2 -86.75 11.5
      vertex 1.93185 -86.75 12.0176
      vertex -1.93185 -86.75 12.0176
    endloop
  endfacet
  facet normal 0 -1 0
    outer loop
      vertex -2 -86.75 11.5
      vertex 2 -86.75 11.5
      vertex 1.93185 -86.75 12.0176
    endloop
  endfacet
  facet normal 0 -1 0
    outer loop
      vertex -1.93185 -86.75 10.9824
      vertex 2 -86.75 11.5
      vertex -2 -86.75 11.5
    endloop
  endfacet
  facet normal 0 -1 0
    outer loop
      vertex -1.93185 -86.75 10.9824
      vertex 1.93185 -86.75 10.9824
      vertex 2 -86.75 11.5
    endloop
  endfacet
  facet normal 0 -1 0
    outer loop
      vertex -1.73205 -86.75 10.5
      vertex 1.93185 -86.75 10.9824
      vertex -1.93185 -86.75 10.9824
    endloop
  endfacet
  facet normal 0 -1 0
    outer loop
      vertex -1.73205 -86.75 10.5
      vertex 1.73205 -86.75 10.5
      vertex 1.93185 -86.75 10.9824
    endloop
  endfacet
  facet normal 0 -1 0
    outer loop
      vertex -1.41421 -86.75 10.0858
      vertex 1.73205 -86.75 10.5
      vertex -1.73205 -86.75 10.5
    endloop
  endfacet
  facet normal 0 -1 0
    outer loop
      vertex -1.41421 -86.75 10.0858
      vertex 1.41421 -86.75 10.0858
      vertex 1.73205 -86.75 10.5
    endloop
  endfacet
  facet normal 0 -1 0
    outer loop
      vertex -1 -86.75 9.76795
      vertex 1.41421 -86.75 10.0858
      vertex -1.41421 -86.75 10.0858
    endloop
  endfacet
  facet normal 0 -1 0
    outer loop
      vertex -1 -86.75 9.76795
      vertex 1 -86.75 9.76795
      vertex 1.41421 -86.75 10.0858
    endloop
  endfacet
  facet normal 0 -1 0
    outer loop
      vertex -0.517637 -86.75 9.56815
      vertex 1 -86.75 9.76795
      vertex -1 -86.75 9.76795
    endloop
  endfacet
  facet normal 0 -1 0
    outer loop
      vertex -0.517637 -86.75 9.56815
      vertex 0.517637 -86.75 9.56815
      vertex 1 -86.75 9.76795
    endloop
  endfacet
  facet normal -0 -1 0
    outer loop
      vertex 0.517637 -86.75 9.56815
      vertex -0.517637 -86.75 9.56815
      vertex 0 -86.75 9.5
    endloop
  endfacet
  facet normal -1 0 0
    outer loop
      vertex 9.6 -76.15 0
      vertex 9.6 -79.8059 54.5
      vertex 9.6 -76.15 59
    endloop
  endfacet
  facet normal -1 0 0
    outer loop
      vertex 9.6 -76.15 0
      vertex 9.6 -81.6941 54.5
      vertex 9.6 -79.8059 54.5
    endloop
  endfacet
  facet normal -1 0 0
    outer loop
      vertex 9.6 -85.35 0
      vertex 9.6 -81.6941 54.5
      vertex 9.6 -76.15 0
    endloop
  endfacet
  facet normal -1 0 0
    outer loop
      vertex 9.6 -85.35 59
      vertex 9.6 -81.6941 54.5
      vertex 9.6 -85.35 0
    endloop
  endfacet
  facet normal -1 0 0
    outer loop
      vertex 9.6 -81.6941 54.5
      vertex 9.6 -85.35 59
      vertex 9.6 -81.6941 59
    endloop
  endfacet
  facet normal -1 -0 0
    outer loop
      vertex 9.6 -76.15 59
      vertex 9.6 -79.8059 54.5
      vertex 9.6 -79.8059 59
    endloop
  endfacet
  facet normal 1 0 0
    outer loop
      vertex -9.6 -81.6941 59
      vertex -9.6 -85.35 59
      vertex -9.6 -81.6941 54.5
    endloop
  endfacet
  facet normal 1 0 0
    outer loop
      vertex -9.6 -79.8059 54.5
      vertex -9.6 -76.15 59
      vertex -9.6 -79.8059 59
    endloop
  endfacet
  facet normal 1 0 0
    outer loop
      vertex -9.6 -76.15 59
      vertex -9.6 -79.8059 54.5
      vertex -9.6 -76.15 0
    endloop
  endfacet
  facet normal 1 -0 0
    outer loop
      vertex -9.6 -81.6941 54.5
      vertex -9.6 -76.15 0
      vertex -9.6 -79.8059 54.5
    endloop
  endfacet
  facet normal 1 0 0
    outer loop
      vertex -9.6 -85.35 0
      vertex -9.6 -81.6941 54.5
      vertex -9.6 -85.35 59
    endloop
  endfacet
  facet normal 1 0 0
    outer loop
      vertex -9.6 -81.6941 54.5
      vertex -9.6 -85.35 0
      vertex -9.6 -76.15 0
    endloop
  endfacet
  facet normal 0 1 -0
    outer loop
      vertex 9.6 -85.35 0
      vertex -9.6 -85.35 59
      vertex 9.6 -85.35 59
    endloop
  endfacet
  facet normal 0 1 0
    outer loop
      vertex -9.6 -85.35 59
      vertex 9.6 -85.35 0
      vertex -9.6 -85.35 0
    endloop
  endfacet
  facet normal 0 -1 0
    outer loop
      vertex -9.6 -76.15 59
      vertex -5 -76.15 55
      vertex 9.6 -76.15 59
    endloop
  endfacet
  facet normal 0 -1 0
    outer loop
      vertex -9.6 -76.15 59
      vertex -5 -76.15 47
      vertex -5 -76.15 55
    endloop
  endfacet
  facet normal 0 -1 -0
    outer loop
      vertex -5 -76.15 47
      vertex -9.6 -76.15 0
      vertex 5 -76.15 47
    endloop
  endfacet
  facet normal 0 -1 0
    outer loop
      vertex -9.6 -76.15 0
      vertex -5 -76.15 47
      vertex -9.6 -76.15 59
    endloop
  endfacet
  facet normal 0 -1 0
    outer loop
      vertex 5 -76.15 55
      vertex 9.6 -76.15 59
      vertex -5 -76.15 55
    endloop
  endfacet
  facet normal 0 -1 0
    outer loop
      vertex 5 -76.15 47
      vertex 9.6 -76.15 59
      vertex 5 -76.15 55
    endloop
  endfacet
  facet normal 0 -1 0
    outer loop
      vertex 9.6 -76.15 0
      vertex 5 -76.15 47
      vertex -9.6 -76.15 0
    endloop
  endfacet
  facet normal 0 -1 0
    outer loop
      vertex 5 -76.15 47
      vertex 9.6 -76.15 0
      vertex 9.6 -76.15 59
    endloop
  endfacet
  facet normal -1 0 0
    outer loop
      vertex 5 -76.15 47
      vertex 5 -73.75 55
      vertex 5 -73.75 47
    endloop
  endfacet
  facet normal -1 -0 0
    outer loop
      vertex 5 -73.75 55
      vertex 5 -76.15 47
      vertex 5 -76.15 55
    endloop
  endfacet
  facet normal -0 0 1
    outer loop
      vertex -5 -73.75 47
      vertex 5 -76.15 47
      vertex 5 -73.75 47
    endloop
  endfacet
  facet normal 0 0 1
    outer loop
      vertex 5 -76.15 47
      vertex -5 -73.75 47
      vertex -5 -76.15 47
    endloop
  endfacet
  facet normal 1 -0 0
    outer loop
      vertex -5 -76.15 55
      vertex -5 -73.75 47
      vertex -5 -73.75 55
    endloop
  endfacet
  facet normal 1 0 0
    outer loop
      vertex -5 -73.75 47
      vertex -5 -76.15 55
      vertex -5 -76.15 47
    endloop
  endfacet
endsolid OpenSCAD_Model
