solid OpenSCAD_Model
  facet normal 0.923822 0.382823 0
    outer loop
      vertex -16.0722 27.03 5
      vertex -16.2421 27.44 3.2
      vertex -16.2421 27.44 5
    endloop
  endfacet
  facet normal 0.923822 0.382823 0
    outer loop
      vertex -16.2421 27.44 3.2
      vertex -16.0722 27.03 5
      vertex -16.0722 27.03 3.2
    endloop
  endfacet
  facet normal -0.923822 -0.382823 0
    outer loop
      vertex -12.9579 28.32 3.2
      vertex -13.1278 28.73 5
      vertex -13.1278 28.73 3.2
    endloop
  endfacet
  facet normal -0.923822 -0.382823 0
    outer loop
      vertex -13.1278 28.73 5
      vertex -12.9579 28.32 3.2
      vertex -12.9579 28.32 5
    endloop
  endfacet
  facet normal -0.991453 -0.130466 0
    outer loop
      vertex -12.9 27.88 3.2
      vertex -12.9579 28.32 5
      vertex -12.9579 28.32 3.2
    endloop
  endfacet
  facet normal -0.991453 -0.130466 0
    outer loop
      vertex -12.9579 28.32 5
      vertex -12.9 27.88 3.2
      vertex -12.9 27.88 5
    endloop
  endfacet
  facet normal -0.793436 -0.608654 0
    outer loop
      vertex -13.1278 28.73 3.2
      vertex -13.3979 29.0821 5
      vertex -13.3979 29.0821 3.2
    endloop
  endfacet
  facet normal -0.793436 -0.608654 0
    outer loop
      vertex -13.3979 29.0821 5
      vertex -13.1278 28.73 3.2
      vertex -13.1278 28.73 5
    endloop
  endfacet
  facet normal -0.608654 -0.793436 0
    outer loop
      vertex -13.75 29.3522 3.2
      vertex -13.3979 29.0821 5
      vertex -13.75 29.3522 5
    endloop
  endfacet
  facet normal -0.608654 -0.793436 -0
    outer loop
      vertex -13.3979 29.0821 5
      vertex -13.75 29.3522 3.2
      vertex -13.3979 29.0821 3.2
    endloop
  endfacet
  facet normal -0.130466 -0.991453 0
    outer loop
      vertex -14.6 29.58 3.2
      vertex -14.16 29.5221 5
      vertex -14.6 29.58 5
    endloop
  endfacet
  facet normal -0.130466 -0.991453 -0
    outer loop
      vertex -14.16 29.5221 5
      vertex -14.6 29.58 3.2
      vertex -14.16 29.5221 3.2
    endloop
  endfacet
  facet normal 0.991453 -0.130466 0
    outer loop
      vertex -16.3 27.88 5
      vertex -16.2421 28.32 3.2
      vertex -16.2421 28.32 5
    endloop
  endfacet
  facet normal 0.991453 -0.130466 0
    outer loop
      vertex -16.2421 28.32 3.2
      vertex -16.3 27.88 5
      vertex -16.3 27.88 3.2
    endloop
  endfacet
  facet normal 0.382823 0.923822 -0
    outer loop
      vertex -15.04 26.2379 3.2
      vertex -15.45 26.4078 5
      vertex -15.04 26.2379 5
    endloop
  endfacet
  facet normal 0.382823 0.923822 0
    outer loop
      vertex -15.45 26.4078 5
      vertex -15.04 26.2379 3.2
      vertex -15.45 26.4078 3.2
    endloop
  endfacet
  facet normal -0.382823 0.923822 0
    outer loop
      vertex -13.75 26.4078 3.2
      vertex -14.16 26.2379 5
      vertex -13.75 26.4078 5
    endloop
  endfacet
  facet normal -0.382823 0.923822 0
    outer loop
      vertex -14.16 26.2379 5
      vertex -13.75 26.4078 3.2
      vertex -14.16 26.2379 3.2
    endloop
  endfacet
  facet normal 0.793436 -0.608654 0
    outer loop
      vertex -16.0722 28.73 5
      vertex -15.8021 29.0821 3.2
      vertex -15.8021 29.0821 5
    endloop
  endfacet
  facet normal 0.793436 -0.608654 0
    outer loop
      vertex -15.8021 29.0821 3.2
      vertex -16.0722 28.73 5
      vertex -16.0722 28.73 3.2
    endloop
  endfacet
  facet normal 0.608654 -0.793436 0
    outer loop
      vertex -15.8021 29.0821 3.2
      vertex -15.45 29.3522 5
      vertex -15.8021 29.0821 5
    endloop
  endfacet
  facet normal 0.608654 -0.793436 0
    outer loop
      vertex -15.45 29.3522 5
      vertex -15.8021 29.0821 3.2
      vertex -15.45 29.3522 3.2
    endloop
  endfacet
  facet normal -0.382823 -0.923822 0
    outer loop
      vertex -14.16 29.5221 3.2
      vertex -13.75 29.3522 5
      vertex -14.16 29.5221 5
    endloop
  endfacet
  facet normal -0.382823 -0.923822 -0
    outer loop
      vertex -13.75 29.3522 5
      vertex -14.16 29.5221 3.2
      vertex -13.75 29.3522 3.2
    endloop
  endfacet
  facet normal -0.991453 0.130466 0
    outer loop
      vertex -12.9579 27.44 3.2
      vertex -12.9 27.88 5
      vertex -12.9 27.88 3.2
    endloop
  endfacet
  facet normal -0.991453 0.130466 0
    outer loop
      vertex -12.9 27.88 5
      vertex -12.9579 27.44 3.2
      vertex -12.9579 27.44 5
    endloop
  endfacet
  facet normal 0.793436 0.608654 0
    outer loop
      vertex -15.8021 26.6779 5
      vertex -16.0722 27.03 3.2
      vertex -16.0722 27.03 5
    endloop
  endfacet
  facet normal 0.793436 0.608654 0
    outer loop
      vertex -16.0722 27.03 3.2
      vertex -15.8021 26.6779 5
      vertex -15.8021 26.6779 3.2
    endloop
  endfacet
  facet normal 0.130466 -0.991453 0
    outer loop
      vertex -15.04 29.5221 3.2
      vertex -14.6 29.58 5
      vertex -15.04 29.5221 5
    endloop
  endfacet
  facet normal 0.130466 -0.991453 0
    outer loop
      vertex -14.6 29.58 5
      vertex -15.04 29.5221 3.2
      vertex -14.6 29.58 3.2
    endloop
  endfacet
  facet normal 0.382823 -0.923822 0
    outer loop
      vertex -15.45 29.3522 3.2
      vertex -15.04 29.5221 5
      vertex -15.45 29.3522 5
    endloop
  endfacet
  facet normal 0.382823 -0.923822 0
    outer loop
      vertex -15.04 29.5221 5
      vertex -15.45 29.3522 3.2
      vertex -15.04 29.5221 3.2
    endloop
  endfacet
  facet normal -0.793436 0.608654 0
    outer loop
      vertex -13.3979 26.6779 3.2
      vertex -13.1278 27.03 5
      vertex -13.1278 27.03 3.2
    endloop
  endfacet
  facet normal -0.793436 0.608654 0
    outer loop
      vertex -13.1278 27.03 5
      vertex -13.3979 26.6779 3.2
      vertex -13.3979 26.6779 5
    endloop
  endfacet
  facet normal 0.923822 -0.382823 0
    outer loop
      vertex -16.2421 28.32 5
      vertex -16.0722 28.73 3.2
      vertex -16.0722 28.73 5
    endloop
  endfacet
  facet normal 0.923822 -0.382823 0
    outer loop
      vertex -16.0722 28.73 3.2
      vertex -16.2421 28.32 5
      vertex -16.2421 28.32 3.2
    endloop
  endfacet
  facet normal -0.130466 0.991453 0
    outer loop
      vertex -14.16 26.2379 3.2
      vertex -14.6 26.18 5
      vertex -14.16 26.2379 5
    endloop
  endfacet
  facet normal -0.130466 0.991453 0
    outer loop
      vertex -14.6 26.18 5
      vertex -14.16 26.2379 3.2
      vertex -14.6 26.18 3.2
    endloop
  endfacet
  facet normal 0.608654 0.793436 -0
    outer loop
      vertex -15.45 26.4078 3.2
      vertex -15.8021 26.6779 5
      vertex -15.45 26.4078 5
    endloop
  endfacet
  facet normal 0.608654 0.793436 0
    outer loop
      vertex -15.8021 26.6779 5
      vertex -15.45 26.4078 3.2
      vertex -15.8021 26.6779 3.2
    endloop
  endfacet
  facet normal 0.991453 0.130466 0
    outer loop
      vertex -16.2421 27.44 5
      vertex -16.3 27.88 3.2
      vertex -16.3 27.88 5
    endloop
  endfacet
  facet normal 0.991453 0.130466 0
    outer loop
      vertex -16.3 27.88 3.2
      vertex -16.2421 27.44 5
      vertex -16.2421 27.44 3.2
    endloop
  endfacet
  facet normal -0.608654 0.793436 0
    outer loop
      vertex -13.3979 26.6779 3.2
      vertex -13.75 26.4078 5
      vertex -13.3979 26.6779 5
    endloop
  endfacet
  facet normal -0.608654 0.793436 0
    outer loop
      vertex -13.75 26.4078 5
      vertex -13.3979 26.6779 3.2
      vertex -13.75 26.4078 3.2
    endloop
  endfacet
  facet normal -0.923822 0.382823 0
    outer loop
      vertex -13.1278 27.03 3.2
      vertex -12.9579 27.44 5
      vertex -12.9579 27.44 3.2
    endloop
  endfacet
  facet normal -0.923822 0.382823 0
    outer loop
      vertex -12.9579 27.44 5
      vertex -13.1278 27.03 3.2
      vertex -13.1278 27.03 5
    endloop
  endfacet
  facet normal 0.130466 0.991453 -0
    outer loop
      vertex -14.6 26.18 3.2
      vertex -15.04 26.2379 5
      vertex -14.6 26.18 5
    endloop
  endfacet
  facet normal 0.130466 0.991453 0
    outer loop
      vertex -15.04 26.2379 5
      vertex -14.6 26.18 3.2
      vertex -15.04 26.2379 3.2
    endloop
  endfacet
  facet normal -0.923872 -0.382701 0
    outer loop
      vertex -11.7022 28.6565 0
      vertex -12.0019 29.38 3.2
      vertex -12.0019 29.38 0
    endloop
  endfacet
  facet normal -0.923872 -0.382701 0
    outer loop
      vertex -12.0019 29.38 3.2
      vertex -11.7022 28.6565 0
      vertex -11.7022 28.6565 3.2
    endloop
  endfacet
  facet normal -0.99145 -0.130491 0
    outer loop
      vertex -11.6 27.88 0
      vertex -11.7022 28.6565 3.2
      vertex -11.7022 28.6565 0
    endloop
  endfacet
  facet normal -0.99145 -0.130491 0
    outer loop
      vertex -11.7022 28.6565 3.2
      vertex -11.6 27.88 0
      vertex -11.6 27.88 3.2
    endloop
  endfacet
  facet normal 0.608809 -0.793316 0
    outer loop
      vertex -16.7213 30.0013 0
      vertex -16.1 30.4781 3.2
      vertex -16.7213 30.0013 3.2
    endloop
  endfacet
  facet normal 0.608809 -0.793316 0
    outer loop
      vertex -16.1 30.4781 3.2
      vertex -16.7213 30.0013 0
      vertex -16.1 30.4781 0
    endloop
  endfacet
  facet normal 0.382701 -0.923872 0
    outer loop
      vertex -16.1 30.4781 0
      vertex -15.3765 30.7778 3.2
      vertex -16.1 30.4781 3.2
    endloop
  endfacet
  facet normal 0.382701 -0.923872 0
    outer loop
      vertex -15.3765 30.7778 3.2
      vertex -16.1 30.4781 0
      vertex -15.3765 30.7778 0
    endloop
  endfacet
  facet normal -0.608809 0.793316 0
    outer loop
      vertex -12.4787 25.7587 0
      vertex -13.1 25.2819 3.2
      vertex -12.4787 25.7587 3.2
    endloop
  endfacet
  facet normal -0.608809 0.793316 0
    outer loop
      vertex -13.1 25.2819 3.2
      vertex -12.4787 25.7587 0
      vertex -13.1 25.2819 0
    endloop
  endfacet
  facet normal -0.608809 -0.793316 0
    outer loop
      vertex -13.1 30.4781 0
      vertex -12.4787 30.0013 3.2
      vertex -13.1 30.4781 3.2
    endloop
  endfacet
  facet normal -0.608809 -0.793316 -0
    outer loop
      vertex -12.4787 30.0013 3.2
      vertex -13.1 30.4781 0
      vertex -12.4787 30.0013 0
    endloop
  endfacet
  facet normal 0.130491 0.99145 -0
    outer loop
      vertex -14.6 24.88 0
      vertex -15.3765 24.9822 3.2
      vertex -14.6 24.88 3.2
    endloop
  endfacet
  facet normal 0.130491 0.99145 0
    outer loop
      vertex -15.3765 24.9822 3.2
      vertex -14.6 24.88 0
      vertex -15.3765 24.9822 0
    endloop
  endfacet
  facet normal -0.130491 -0.99145 0
    outer loop
      vertex -14.6 30.88 0
      vertex -13.8235 30.7778 3.2
      vertex -14.6 30.88 3.2
    endloop
  endfacet
  facet normal -0.130491 -0.99145 -0
    outer loop
      vertex -13.8235 30.7778 3.2
      vertex -14.6 30.88 0
      vertex -13.8235 30.7778 0
    endloop
  endfacet
  facet normal -0.382701 -0.923872 0
    outer loop
      vertex -13.8235 30.7778 0
      vertex -13.1 30.4781 3.2
      vertex -13.8235 30.7778 3.2
    endloop
  endfacet
  facet normal -0.382701 -0.923872 -0
    outer loop
      vertex -13.1 30.4781 3.2
      vertex -13.8235 30.7778 0
      vertex -13.1 30.4781 0
    endloop
  endfacet
  facet normal 0.608809 0.793316 -0
    outer loop
      vertex -16.1 25.2819 0
      vertex -16.7213 25.7587 3.2
      vertex -16.1 25.2819 3.2
    endloop
  endfacet
  facet normal 0.608809 0.793316 0
    outer loop
      vertex -16.7213 25.7587 3.2
      vertex -16.1 25.2819 0
      vertex -16.7213 25.7587 0
    endloop
  endfacet
  facet normal -0.793316 -0.608809 0
    outer loop
      vertex -12.0019 29.38 0
      vertex -12.4787 30.0013 3.2
      vertex -12.4787 30.0013 0
    endloop
  endfacet
  facet normal -0.793316 -0.608809 0
    outer loop
      vertex -12.4787 30.0013 3.2
      vertex -12.0019 29.38 0
      vertex -12.0019 29.38 3.2
    endloop
  endfacet
  facet normal -0.793316 0.608809 0
    outer loop
      vertex -12.4787 25.7587 0
      vertex -12.0019 26.38 3.2
      vertex -12.0019 26.38 0
    endloop
  endfacet
  facet normal -0.793316 0.608809 0
    outer loop
      vertex -12.0019 26.38 3.2
      vertex -12.4787 25.7587 0
      vertex -12.4787 25.7587 3.2
    endloop
  endfacet
  facet normal -0.382701 0.923872 0
    outer loop
      vertex -13.1 25.2819 0
      vertex -13.8235 24.9822 3.2
      vertex -13.1 25.2819 3.2
    endloop
  endfacet
  facet normal -0.382701 0.923872 0
    outer loop
      vertex -13.8235 24.9822 3.2
      vertex -13.1 25.2819 0
      vertex -13.8235 24.9822 0
    endloop
  endfacet
  facet normal 0.793316 -0.608809 0
    outer loop
      vertex -17.1981 29.38 3.2
      vertex -16.7213 30.0013 0
      vertex -16.7213 30.0013 3.2
    endloop
  endfacet
  facet normal 0.793316 -0.608809 0
    outer loop
      vertex -16.7213 30.0013 0
      vertex -17.1981 29.38 3.2
      vertex -17.1981 29.38 0
    endloop
  endfacet
  facet normal 0.793316 0.608809 0
    outer loop
      vertex -16.7213 25.7587 3.2
      vertex -17.1981 26.38 0
      vertex -17.1981 26.38 3.2
    endloop
  endfacet
  facet normal 0.793316 0.608809 0
    outer loop
      vertex -17.1981 26.38 0
      vertex -16.7213 25.7587 3.2
      vertex -16.7213 25.7587 0
    endloop
  endfacet
  facet normal -0.99145 0.130491 0
    outer loop
      vertex -11.7022 27.1035 0
      vertex -11.6 27.88 3.2
      vertex -11.6 27.88 0
    endloop
  endfacet
  facet normal -0.99145 0.130491 0
    outer loop
      vertex -11.6 27.88 3.2
      vertex -11.7022 27.1035 0
      vertex -11.7022 27.1035 3.2
    endloop
  endfacet
  facet normal 0.130491 -0.99145 0
    outer loop
      vertex -15.3765 30.7778 0
      vertex -14.6 30.88 3.2
      vertex -15.3765 30.7778 3.2
    endloop
  endfacet
  facet normal 0.130491 -0.99145 0
    outer loop
      vertex -14.6 30.88 3.2
      vertex -15.3765 30.7778 0
      vertex -14.6 30.88 0
    endloop
  endfacet
  facet normal 0.923872 0.382701 0
    outer loop
      vertex -17.1981 26.38 3.2
      vertex -17.4978 27.1035 0
      vertex -17.4978 27.1035 3.2
    endloop
  endfacet
  facet normal 0.923872 0.382701 0
    outer loop
      vertex -17.4978 27.1035 0
      vertex -17.1981 26.38 3.2
      vertex -17.1981 26.38 0
    endloop
  endfacet
  facet normal 0.99145 0.130491 0
    outer loop
      vertex -17.4978 27.1035 3.2
      vertex -17.6 27.88 0
      vertex -17.6 27.88 3.2
    endloop
  endfacet
  facet normal 0.99145 0.130491 0
    outer loop
      vertex -17.6 27.88 0
      vertex -17.4978 27.1035 3.2
      vertex -17.4978 27.1035 0
    endloop
  endfacet
  facet normal -0.923872 0.382701 0
    outer loop
      vertex -12.0019 26.38 0
      vertex -11.7022 27.1035 3.2
      vertex -11.7022 27.1035 0
    endloop
  endfacet
  facet normal -0.923872 0.382701 0
    outer loop
      vertex -11.7022 27.1035 3.2
      vertex -12.0019 26.38 0
      vertex -12.0019 26.38 3.2
    endloop
  endfacet
  facet normal 0.382701 0.923872 -0
    outer loop
      vertex -15.3765 24.9822 0
      vertex -16.1 25.2819 3.2
      vertex -15.3765 24.9822 3.2
    endloop
  endfacet
  facet normal 0.382701 0.923872 0
    outer loop
      vertex -16.1 25.2819 3.2
      vertex -15.3765 24.9822 0
      vertex -16.1 25.2819 0
    endloop
  endfacet
  facet normal 0 0 -1
    outer loop
      vertex -12.9 27.88 3.2
      vertex -11.6 27.88 3.2
      vertex -11.7022 27.1035 3.2
    endloop
  endfacet
  facet normal 0 0 -1
    outer loop
      vertex -12.9579 27.44 3.2
      vertex -11.7022 27.1035 3.2
      vertex -12.0019 26.38 3.2
    endloop
  endfacet
  facet normal 0 0 -1
    outer loop
      vertex -11.6 27.88 3.2
      vertex -12.9 27.88 3.2
      vertex -11.7022 28.6565 3.2
    endloop
  endfacet
  facet normal 0 0 -1
    outer loop
      vertex -13.1278 27.03 3.2
      vertex -12.0019 26.38 3.2
      vertex -12.4787 25.7587 3.2
    endloop
  endfacet
  facet normal 0 0 -1
    outer loop
      vertex -12.9579 28.32 3.2
      vertex -11.7022 28.6565 3.2
      vertex -12.9 27.88 3.2
    endloop
  endfacet
  facet normal -0 0 -1
    outer loop
      vertex -11.7022 28.6565 3.2
      vertex -12.9579 28.32 3.2
      vertex -12.0019 29.38 3.2
    endloop
  endfacet
  facet normal 0 0 -1
    outer loop
      vertex -11.7022 27.1035 3.2
      vertex -12.9579 27.44 3.2
      vertex -12.9 27.88 3.2
    endloop
  endfacet
  facet normal 0 0 -1
    outer loop
      vertex -13.3979 26.6779 3.2
      vertex -12.4787 25.7587 3.2
      vertex -13.1 25.2819 3.2
    endloop
  endfacet
  facet normal 0 0 -1
    outer loop
      vertex -12.0019 26.38 3.2
      vertex -13.1278 27.03 3.2
      vertex -12.9579 27.44 3.2
    endloop
  endfacet
  facet normal 0 0 -1
    outer loop
      vertex -12.4787 25.7587 3.2
      vertex -13.3979 26.6779 3.2
      vertex -13.1278 27.03 3.2
    endloop
  endfacet
  facet normal 0 0 -1
    outer loop
      vertex -13.1 25.2819 3.2
      vertex -13.75 26.4078 3.2
      vertex -13.3979 26.6779 3.2
    endloop
  endfacet
  facet normal 0 0 -1
    outer loop
      vertex -13.8235 24.9822 3.2
      vertex -13.75 26.4078 3.2
      vertex -13.1 25.2819 3.2
    endloop
  endfacet
  facet normal 0 0 -1
    outer loop
      vertex -13.8235 24.9822 3.2
      vertex -14.16 26.2379 3.2
      vertex -13.75 26.4078 3.2
    endloop
  endfacet
  facet normal 0 0 -1
    outer loop
      vertex -14.6 24.88 3.2
      vertex -14.16 26.2379 3.2
      vertex -13.8235 24.9822 3.2
    endloop
  endfacet
  facet normal 0 0 -1
    outer loop
      vertex -14.6 24.88 3.2
      vertex -14.6 26.18 3.2
      vertex -14.16 26.2379 3.2
    endloop
  endfacet
  facet normal 0 0 -1
    outer loop
      vertex -14.6 24.88 3.2
      vertex -15.04 26.2379 3.2
      vertex -14.6 26.18 3.2
    endloop
  endfacet
  facet normal 0 0 -1
    outer loop
      vertex -15.3765 24.9822 3.2
      vertex -15.04 26.2379 3.2
      vertex -14.6 24.88 3.2
    endloop
  endfacet
  facet normal 0 0 -1
    outer loop
      vertex -15.3765 24.9822 3.2
      vertex -15.45 26.4078 3.2
      vertex -15.04 26.2379 3.2
    endloop
  endfacet
  facet normal 0 0 -1
    outer loop
      vertex -16.1 25.2819 3.2
      vertex -15.45 26.4078 3.2
      vertex -15.3765 24.9822 3.2
    endloop
  endfacet
  facet normal -0 0 -1
    outer loop
      vertex -15.45 26.4078 3.2
      vertex -16.1 25.2819 3.2
      vertex -15.8021 26.6779 3.2
    endloop
  endfacet
  facet normal 0 0 -1
    outer loop
      vertex -16.7213 25.7587 3.2
      vertex -15.8021 26.6779 3.2
      vertex -16.1 25.2819 3.2
    endloop
  endfacet
  facet normal -0 0 -1
    outer loop
      vertex -15.8021 26.6779 3.2
      vertex -16.7213 25.7587 3.2
      vertex -16.0722 27.03 3.2
    endloop
  endfacet
  facet normal 0 0 -1
    outer loop
      vertex -17.1981 26.38 3.2
      vertex -16.0722 27.03 3.2
      vertex -16.7213 25.7587 3.2
    endloop
  endfacet
  facet normal -0 0 -1
    outer loop
      vertex -16.0722 27.03 3.2
      vertex -17.1981 26.38 3.2
      vertex -16.2421 27.44 3.2
    endloop
  endfacet
  facet normal 0 0 -1
    outer loop
      vertex -13.1278 28.73 3.2
      vertex -12.0019 29.38 3.2
      vertex -12.9579 28.32 3.2
    endloop
  endfacet
  facet normal -0 0 -1
    outer loop
      vertex -12.0019 29.38 3.2
      vertex -13.1278 28.73 3.2
      vertex -12.4787 30.0013 3.2
    endloop
  endfacet
  facet normal 0 0 -1
    outer loop
      vertex -13.3979 29.0821 3.2
      vertex -12.4787 30.0013 3.2
      vertex -13.1278 28.73 3.2
    endloop
  endfacet
  facet normal -0 0 -1
    outer loop
      vertex -12.4787 30.0013 3.2
      vertex -13.3979 29.0821 3.2
      vertex -13.1 30.4781 3.2
    endloop
  endfacet
  facet normal 0 0 -1
    outer loop
      vertex -13.75 29.3522 3.2
      vertex -13.1 30.4781 3.2
      vertex -13.3979 29.0821 3.2
    endloop
  endfacet
  facet normal 0 0 -1
    outer loop
      vertex -13.75 29.3522 3.2
      vertex -13.8235 30.7778 3.2
      vertex -13.1 30.4781 3.2
    endloop
  endfacet
  facet normal 0 0 -1
    outer loop
      vertex -14.16 29.5221 3.2
      vertex -13.8235 30.7778 3.2
      vertex -13.75 29.3522 3.2
    endloop
  endfacet
  facet normal 0 0 -1
    outer loop
      vertex -14.6 29.58 3.2
      vertex -13.8235 30.7778 3.2
      vertex -14.16 29.5221 3.2
    endloop
  endfacet
  facet normal 0 0 -1
    outer loop
      vertex -14.6 29.58 3.2
      vertex -14.6 30.88 3.2
      vertex -13.8235 30.7778 3.2
    endloop
  endfacet
  facet normal 0 0 -1
    outer loop
      vertex -15.04 29.5221 3.2
      vertex -14.6 30.88 3.2
      vertex -14.6 29.58 3.2
    endloop
  endfacet
  facet normal 0 0 -1
    outer loop
      vertex -15.04 29.5221 3.2
      vertex -15.3765 30.7778 3.2
      vertex -14.6 30.88 3.2
    endloop
  endfacet
  facet normal 0 0 -1
    outer loop
      vertex -15.45 29.3522 3.2
      vertex -15.3765 30.7778 3.2
      vertex -15.04 29.5221 3.2
    endloop
  endfacet
  facet normal 0 0 -1
    outer loop
      vertex -16.1 30.4781 3.2
      vertex -15.45 29.3522 3.2
      vertex -15.8021 29.0821 3.2
    endloop
  endfacet
  facet normal 0 0 -1
    outer loop
      vertex -16.7213 30.0013 3.2
      vertex -15.8021 29.0821 3.2
      vertex -16.0722 28.73 3.2
    endloop
  endfacet
  facet normal 0 0 -1
    outer loop
      vertex -15.45 29.3522 3.2
      vertex -16.1 30.4781 3.2
      vertex -15.3765 30.7778 3.2
    endloop
  endfacet
  facet normal 0 0 -1
    outer loop
      vertex -17.1981 29.38 3.2
      vertex -16.0722 28.73 3.2
      vertex -16.2421 28.32 3.2
    endloop
  endfacet
  facet normal 0 0 -1
    outer loop
      vertex -17.4978 28.6565 3.2
      vertex -16.2421 28.32 3.2
      vertex -16.3 27.88 3.2
    endloop
  endfacet
  facet normal 0 0 -1
    outer loop
      vertex -17.4978 27.1035 3.2
      vertex -16.2421 27.44 3.2
      vertex -17.1981 26.38 3.2
    endloop
  endfacet
  facet normal 0 0 -1
    outer loop
      vertex -15.8021 29.0821 3.2
      vertex -16.7213 30.0013 3.2
      vertex -16.1 30.4781 3.2
    endloop
  endfacet
  facet normal -0 0 -1
    outer loop
      vertex -16.2421 27.44 3.2
      vertex -17.4978 27.1035 3.2
      vertex -16.3 27.88 3.2
    endloop
  endfacet
  facet normal 0 0 -1
    outer loop
      vertex -16.0722 28.73 3.2
      vertex -17.1981 29.38 3.2
      vertex -16.7213 30.0013 3.2
    endloop
  endfacet
  facet normal 0 0 -1
    outer loop
      vertex -17.6 27.88 3.2
      vertex -16.3 27.88 3.2
      vertex -17.4978 27.1035 3.2
    endloop
  endfacet
  facet normal 0 0 -1
    outer loop
      vertex -16.2421 28.32 3.2
      vertex -17.4978 28.6565 3.2
      vertex -17.1981 29.38 3.2
    endloop
  endfacet
  facet normal 0 0 -1
    outer loop
      vertex -16.3 27.88 3.2
      vertex -17.6 27.88 3.2
      vertex -17.4978 28.6565 3.2
    endloop
  endfacet
  facet normal -0.130491 0.99145 0
    outer loop
      vertex -13.8235 24.9822 0
      vertex -14.6 24.88 3.2
      vertex -13.8235 24.9822 3.2
    endloop
  endfacet
  facet normal -0.130491 0.99145 0
    outer loop
      vertex -14.6 24.88 3.2
      vertex -13.8235 24.9822 0
      vertex -14.6 24.88 0
    endloop
  endfacet
  facet normal 0.923872 -0.382701 0
    outer loop
      vertex -17.4978 28.6565 3.2
      vertex -17.1981 29.38 0
      vertex -17.1981 29.38 3.2
    endloop
  endfacet
  facet normal 0.923872 -0.382701 0
    outer loop
      vertex -17.1981 29.38 0
      vertex -17.4978 28.6565 3.2
      vertex -17.4978 28.6565 0
    endloop
  endfacet
  facet normal 0.99145 -0.130491 0
    outer loop
      vertex -17.6 27.88 3.2
      vertex -17.4978 28.6565 0
      vertex -17.4978 28.6565 3.2
    endloop
  endfacet
  facet normal 0.99145 -0.130491 0
    outer loop
      vertex -17.4978 28.6565 0
      vertex -17.6 27.88 3.2
      vertex -17.6 27.88 0
    endloop
  endfacet
  facet normal 0.923822 0.382823 0
    outer loop
      vertex 13.1278 27.03 5
      vertex 12.9579 27.44 3.2
      vertex 12.9579 27.44 5
    endloop
  endfacet
  facet normal 0.923822 0.382823 0
    outer loop
      vertex 12.9579 27.44 3.2
      vertex 13.1278 27.03 5
      vertex 13.1278 27.03 3.2
    endloop
  endfacet
  facet normal -0.923822 -0.382823 0
    outer loop
      vertex 16.2421 28.32 3.2
      vertex 16.0722 28.73 5
      vertex 16.0722 28.73 3.2
    endloop
  endfacet
  facet normal -0.923822 -0.382823 0
    outer loop
      vertex 16.0722 28.73 5
      vertex 16.2421 28.32 3.2
      vertex 16.2421 28.32 5
    endloop
  endfacet
  facet normal -0.991453 -0.130466 0
    outer loop
      vertex 16.3 27.88 3.2
      vertex 16.2421 28.32 5
      vertex 16.2421 28.32 3.2
    endloop
  endfacet
  facet normal -0.991453 -0.130466 0
    outer loop
      vertex 16.2421 28.32 5
      vertex 16.3 27.88 3.2
      vertex 16.3 27.88 5
    endloop
  endfacet
  facet normal -0.793436 -0.608654 0
    outer loop
      vertex 16.0722 28.73 3.2
      vertex 15.8021 29.0821 5
      vertex 15.8021 29.0821 3.2
    endloop
  endfacet
  facet normal -0.793436 -0.608654 0
    outer loop
      vertex 15.8021 29.0821 5
      vertex 16.0722 28.73 3.2
      vertex 16.0722 28.73 5
    endloop
  endfacet
  facet normal -0.608654 -0.793436 0
    outer loop
      vertex 15.45 29.3522 3.2
      vertex 15.8021 29.0821 5
      vertex 15.45 29.3522 5
    endloop
  endfacet
  facet normal -0.608654 -0.793436 -0
    outer loop
      vertex 15.8021 29.0821 5
      vertex 15.45 29.3522 3.2
      vertex 15.8021 29.0821 3.2
    endloop
  endfacet
  facet normal -0.130466 -0.991453 0
    outer loop
      vertex 14.6 29.58 3.2
      vertex 15.04 29.5221 5
      vertex 14.6 29.58 5
    endloop
  endfacet
  facet normal -0.130466 -0.991453 -0
    outer loop
      vertex 15.04 29.5221 5
      vertex 14.6 29.58 3.2
      vertex 15.04 29.5221 3.2
    endloop
  endfacet
  facet normal 0.991453 -0.130466 0
    outer loop
      vertex 12.9 27.88 5
      vertex 12.9579 28.32 3.2
      vertex 12.9579 28.32 5
    endloop
  endfacet
  facet normal 0.991453 -0.130466 0
    outer loop
      vertex 12.9579 28.32 3.2
      vertex 12.9 27.88 5
      vertex 12.9 27.88 3.2
    endloop
  endfacet
  facet normal 0.382823 0.923822 -0
    outer loop
      vertex 14.16 26.2379 3.2
      vertex 13.75 26.4078 5
      vertex 14.16 26.2379 5
    endloop
  endfacet
  facet normal 0.382823 0.923822 0
    outer loop
      vertex 13.75 26.4078 5
      vertex 14.16 26.2379 3.2
      vertex 13.75 26.4078 3.2
    endloop
  endfacet
  facet normal -0.382823 0.923822 0
    outer loop
      vertex 15.45 26.4078 3.2
      vertex 15.04 26.2379 5
      vertex 15.45 26.4078 5
    endloop
  endfacet
  facet normal -0.382823 0.923822 0
    outer loop
      vertex 15.04 26.2379 5
      vertex 15.45 26.4078 3.2
      vertex 15.04 26.2379 3.2
    endloop
  endfacet
  facet normal 0.382823 -0.923822 0
    outer loop
      vertex 13.75 29.3522 3.2
      vertex 14.16 29.5221 5
      vertex 13.75 29.3522 5
    endloop
  endfacet
  facet normal 0.382823 -0.923822 0
    outer loop
      vertex 14.16 29.5221 5
      vertex 13.75 29.3522 3.2
      vertex 14.16 29.5221 3.2
    endloop
  endfacet
  facet normal 0.793436 -0.608654 0
    outer loop
      vertex 13.1278 28.73 5
      vertex 13.3979 29.0821 3.2
      vertex 13.3979 29.0821 5
    endloop
  endfacet
  facet normal 0.793436 -0.608654 0
    outer loop
      vertex 13.3979 29.0821 3.2
      vertex 13.1278 28.73 5
      vertex 13.1278 28.73 3.2
    endloop
  endfacet
  facet normal 0.608654 -0.793436 0
    outer loop
      vertex 13.3979 29.0821 3.2
      vertex 13.75 29.3522 5
      vertex 13.3979 29.0821 5
    endloop
  endfacet
  facet normal 0.608654 -0.793436 0
    outer loop
      vertex 13.75 29.3522 5
      vertex 13.3979 29.0821 3.2
      vertex 13.75 29.3522 3.2
    endloop
  endfacet
  facet normal -0.991453 0.130466 0
    outer loop
      vertex 16.2421 27.44 3.2
      vertex 16.3 27.88 5
      vertex 16.3 27.88 3.2
    endloop
  endfacet
  facet normal -0.991453 0.130466 0
    outer loop
      vertex 16.3 27.88 5
      vertex 16.2421 27.44 3.2
      vertex 16.2421 27.44 5
    endloop
  endfacet
  facet normal 0.793436 0.608654 0
    outer loop
      vertex 13.3979 26.6779 5
      vertex 13.1278 27.03 3.2
      vertex 13.1278 27.03 5
    endloop
  endfacet
  facet normal 0.793436 0.608654 0
    outer loop
      vertex 13.1278 27.03 3.2
      vertex 13.3979 26.6779 5
      vertex 13.3979 26.6779 3.2
    endloop
  endfacet
  facet normal -0.382823 -0.923822 0
    outer loop
      vertex 15.04 29.5221 3.2
      vertex 15.45 29.3522 5
      vertex 15.04 29.5221 5
    endloop
  endfacet
  facet normal -0.382823 -0.923822 -0
    outer loop
      vertex 15.45 29.3522 5
      vertex 15.04 29.5221 3.2
      vertex 15.45 29.3522 3.2
    endloop
  endfacet
  facet normal 0.130466 -0.991453 0
    outer loop
      vertex 14.16 29.5221 3.2
      vertex 14.6 29.58 5
      vertex 14.16 29.5221 5
    endloop
  endfacet
  facet normal 0.130466 -0.991453 0
    outer loop
      vertex 14.6 29.58 5
      vertex 14.16 29.5221 3.2
      vertex 14.6 29.58 3.2
    endloop
  endfacet
  facet normal -0.793436 0.608654 0
    outer loop
      vertex 15.8021 26.6779 3.2
      vertex 16.0722 27.03 5
      vertex 16.0722 27.03 3.2
    endloop
  endfacet
  facet normal -0.793436 0.608654 0
    outer loop
      vertex 16.0722 27.03 5
      vertex 15.8021 26.6779 3.2
      vertex 15.8021 26.6779 5
    endloop
  endfacet
  facet normal 0.923822 -0.382823 0
    outer loop
      vertex 12.9579 28.32 5
      vertex 13.1278 28.73 3.2
      vertex 13.1278 28.73 5
    endloop
  endfacet
  facet normal 0.923822 -0.382823 0
    outer loop
      vertex 13.1278 28.73 3.2
      vertex 12.9579 28.32 5
      vertex 12.9579 28.32 3.2
    endloop
  endfacet
  facet normal -0.130466 0.991453 0
    outer loop
      vertex 15.04 26.2379 3.2
      vertex 14.6 26.18 5
      vertex 15.04 26.2379 5
    endloop
  endfacet
  facet normal -0.130466 0.991453 0
    outer loop
      vertex 14.6 26.18 5
      vertex 15.04 26.2379 3.2
      vertex 14.6 26.18 3.2
    endloop
  endfacet
  facet normal 0.608654 0.793436 -0
    outer loop
      vertex 13.75 26.4078 3.2
      vertex 13.3979 26.6779 5
      vertex 13.75 26.4078 5
    endloop
  endfacet
  facet normal 0.608654 0.793436 0
    outer loop
      vertex 13.3979 26.6779 5
      vertex 13.75 26.4078 3.2
      vertex 13.3979 26.6779 3.2
    endloop
  endfacet
  facet normal 0.991453 0.130466 0
    outer loop
      vertex 12.9579 27.44 5
      vertex 12.9 27.88 3.2
      vertex 12.9 27.88 5
    endloop
  endfacet
  facet normal 0.991453 0.130466 0
    outer loop
      vertex 12.9 27.88 3.2
      vertex 12.9579 27.44 5
      vertex 12.9579 27.44 3.2
    endloop
  endfacet
  facet normal -0.608654 0.793436 0
    outer loop
      vertex 15.8021 26.6779 3.2
      vertex 15.45 26.4078 5
      vertex 15.8021 26.6779 5
    endloop
  endfacet
  facet normal -0.608654 0.793436 0
    outer loop
      vertex 15.45 26.4078 5
      vertex 15.8021 26.6779 3.2
      vertex 15.45 26.4078 3.2
    endloop
  endfacet
  facet normal -0.923822 0.382823 0
    outer loop
      vertex 16.0722 27.03 3.2
      vertex 16.2421 27.44 5
      vertex 16.2421 27.44 3.2
    endloop
  endfacet
  facet normal -0.923822 0.382823 0
    outer loop
      vertex 16.2421 27.44 5
      vertex 16.0722 27.03 3.2
      vertex 16.0722 27.03 5
    endloop
  endfacet
  facet normal 0.130466 0.991453 -0
    outer loop
      vertex 14.6 26.18 3.2
      vertex 14.16 26.2379 5
      vertex 14.6 26.18 5
    endloop
  endfacet
  facet normal 0.130466 0.991453 0
    outer loop
      vertex 14.16 26.2379 5
      vertex 14.6 26.18 3.2
      vertex 14.16 26.2379 3.2
    endloop
  endfacet
  facet normal -0.923872 -0.382701 0
    outer loop
      vertex 17.4978 28.6565 0
      vertex 17.1981 29.38 3.2
      vertex 17.1981 29.38 0
    endloop
  endfacet
  facet normal -0.923872 -0.382701 0
    outer loop
      vertex 17.1981 29.38 3.2
      vertex 17.4978 28.6565 0
      vertex 17.4978 28.6565 3.2
    endloop
  endfacet
  facet normal -0.99145 -0.130491 0
    outer loop
      vertex 17.6 27.88 0
      vertex 17.4978 28.6565 3.2
      vertex 17.4978 28.6565 0
    endloop
  endfacet
  facet normal -0.99145 -0.130491 0
    outer loop
      vertex 17.4978 28.6565 3.2
      vertex 17.6 27.88 0
      vertex 17.6 27.88 3.2
    endloop
  endfacet
  facet normal 0.608809 -0.793316 0
    outer loop
      vertex 12.4787 30.0013 0
      vertex 13.1 30.4781 3.2
      vertex 12.4787 30.0013 3.2
    endloop
  endfacet
  facet normal 0.608809 -0.793316 0
    outer loop
      vertex 13.1 30.4781 3.2
      vertex 12.4787 30.0013 0
      vertex 13.1 30.4781 0
    endloop
  endfacet
  facet normal 0.382701 -0.923872 0
    outer loop
      vertex 13.1 30.4781 0
      vertex 13.8235 30.7778 3.2
      vertex 13.1 30.4781 3.2
    endloop
  endfacet
  facet normal 0.382701 -0.923872 0
    outer loop
      vertex 13.8235 30.7778 3.2
      vertex 13.1 30.4781 0
      vertex 13.8235 30.7778 0
    endloop
  endfacet
  facet normal -0.608809 0.793316 0
    outer loop
      vertex 16.7213 25.7587 0
      vertex 16.1 25.2819 3.2
      vertex 16.7213 25.7587 3.2
    endloop
  endfacet
  facet normal -0.608809 0.793316 0
    outer loop
      vertex 16.1 25.2819 3.2
      vertex 16.7213 25.7587 0
      vertex 16.1 25.2819 0
    endloop
  endfacet
  facet normal -0.608809 -0.793316 0
    outer loop
      vertex 16.1 30.4781 0
      vertex 16.7213 30.0013 3.2
      vertex 16.1 30.4781 3.2
    endloop
  endfacet
  facet normal -0.608809 -0.793316 -0
    outer loop
      vertex 16.7213 30.0013 3.2
      vertex 16.1 30.4781 0
      vertex 16.7213 30.0013 0
    endloop
  endfacet
  facet normal 0.130491 0.99145 -0
    outer loop
      vertex 14.6 24.88 0
      vertex 13.8235 24.9822 3.2
      vertex 14.6 24.88 3.2
    endloop
  endfacet
  facet normal 0.130491 0.99145 0
    outer loop
      vertex 13.8235 24.9822 3.2
      vertex 14.6 24.88 0
      vertex 13.8235 24.9822 0
    endloop
  endfacet
  facet normal -0.130491 -0.99145 0
    outer loop
      vertex 14.6 30.88 0
      vertex 15.3765 30.7778 3.2
      vertex 14.6 30.88 3.2
    endloop
  endfacet
  facet normal -0.130491 -0.99145 -0
    outer loop
      vertex 15.3765 30.7778 3.2
      vertex 14.6 30.88 0
      vertex 15.3765 30.7778 0
    endloop
  endfacet
  facet normal -0.382701 -0.923872 0
    outer loop
      vertex 15.3765 30.7778 0
      vertex 16.1 30.4781 3.2
      vertex 15.3765 30.7778 3.2
    endloop
  endfacet
  facet normal -0.382701 -0.923872 -0
    outer loop
      vertex 16.1 30.4781 3.2
      vertex 15.3765 30.7778 0
      vertex 16.1 30.4781 0
    endloop
  endfacet
  facet normal 0.608809 0.793316 -0
    outer loop
      vertex 13.1 25.2819 0
      vertex 12.4787 25.7587 3.2
      vertex 13.1 25.2819 3.2
    endloop
  endfacet
  facet normal 0.608809 0.793316 0
    outer loop
      vertex 12.4787 25.7587 3.2
      vertex 13.1 25.2819 0
      vertex 12.4787 25.7587 0
    endloop
  endfacet
  facet normal -0.793316 -0.608809 0
    outer loop
      vertex 17.1981 29.38 0
      vertex 16.7213 30.0013 3.2
      vertex 16.7213 30.0013 0
    endloop
  endfacet
  facet normal -0.793316 -0.608809 0
    outer loop
      vertex 16.7213 30.0013 3.2
      vertex 17.1981 29.38 0
      vertex 17.1981 29.38 3.2
    endloop
  endfacet
  facet normal -0.793316 0.608809 0
    outer loop
      vertex 16.7213 25.7587 0
      vertex 17.1981 26.38 3.2
      vertex 17.1981 26.38 0
    endloop
  endfacet
  facet normal -0.793316 0.608809 0
    outer loop
      vertex 17.1981 26.38 3.2
      vertex 16.7213 25.7587 0
      vertex 16.7213 25.7587 3.2
    endloop
  endfacet
  facet normal -0.382701 0.923872 0
    outer loop
      vertex 16.1 25.2819 0
      vertex 15.3765 24.9822 3.2
      vertex 16.1 25.2819 3.2
    endloop
  endfacet
  facet normal -0.382701 0.923872 0
    outer loop
      vertex 15.3765 24.9822 3.2
      vertex 16.1 25.2819 0
      vertex 15.3765 24.9822 0
    endloop
  endfacet
  facet normal 0.793316 -0.608809 0
    outer loop
      vertex 12.0019 29.38 3.2
      vertex 12.4787 30.0013 0
      vertex 12.4787 30.0013 3.2
    endloop
  endfacet
  facet normal 0.793316 -0.608809 0
    outer loop
      vertex 12.4787 30.0013 0
      vertex 12.0019 29.38 3.2
      vertex 12.0019 29.38 0
    endloop
  endfacet
  facet normal 0.793316 0.608809 0
    outer loop
      vertex 12.4787 25.7587 3.2
      vertex 12.0019 26.38 0
      vertex 12.0019 26.38 3.2
    endloop
  endfacet
  facet normal 0.793316 0.608809 0
    outer loop
      vertex 12.0019 26.38 0
      vertex 12.4787 25.7587 3.2
      vertex 12.4787 25.7587 0
    endloop
  endfacet
  facet normal -0.99145 0.130491 0
    outer loop
      vertex 17.4978 27.1035 0
      vertex 17.6 27.88 3.2
      vertex 17.6 27.88 0
    endloop
  endfacet
  facet normal -0.99145 0.130491 0
    outer loop
      vertex 17.6 27.88 3.2
      vertex 17.4978 27.1035 0
      vertex 17.4978 27.1035 3.2
    endloop
  endfacet
  facet normal 0.130491 -0.99145 0
    outer loop
      vertex 13.8235 30.7778 0
      vertex 14.6 30.88 3.2
      vertex 13.8235 30.7778 3.2
    endloop
  endfacet
  facet normal 0.130491 -0.99145 0
    outer loop
      vertex 14.6 30.88 3.2
      vertex 13.8235 30.7778 0
      vertex 14.6 30.88 0
    endloop
  endfacet
  facet normal 0.923872 0.382701 0
    outer loop
      vertex 12.0019 26.38 3.2
      vertex 11.7022 27.1035 0
      vertex 11.7022 27.1035 3.2
    endloop
  endfacet
  facet normal 0.923872 0.382701 0
    outer loop
      vertex 11.7022 27.1035 0
      vertex 12.0019 26.38 3.2
      vertex 12.0019 26.38 0
    endloop
  endfacet
  facet normal 0.99145 0.130491 0
    outer loop
      vertex 11.7022 27.1035 3.2
      vertex 11.6 27.88 0
      vertex 11.6 27.88 3.2
    endloop
  endfacet
  facet normal 0.99145 0.130491 0
    outer loop
      vertex 11.6 27.88 0
      vertex 11.7022 27.1035 3.2
      vertex 11.7022 27.1035 0
    endloop
  endfacet
  facet normal -0.923872 0.382701 0
    outer loop
      vertex 17.1981 26.38 0
      vertex 17.4978 27.1035 3.2
      vertex 17.4978 27.1035 0
    endloop
  endfacet
  facet normal -0.923872 0.382701 0
    outer loop
      vertex 17.4978 27.1035 3.2
      vertex 17.1981 26.38 0
      vertex 17.1981 26.38 3.2
    endloop
  endfacet
  facet normal 0.382701 0.923872 -0
    outer loop
      vertex 13.8235 24.9822 0
      vertex 13.1 25.2819 3.2
      vertex 13.8235 24.9822 3.2
    endloop
  endfacet
  facet normal 0.382701 0.923872 0
    outer loop
      vertex 13.1 25.2819 3.2
      vertex 13.8235 24.9822 0
      vertex 13.1 25.2819 0
    endloop
  endfacet
  facet normal 0 0 -1
    outer loop
      vertex 16.3 27.88 3.2
      vertex 17.6 27.88 3.2
      vertex 17.4978 27.1035 3.2
    endloop
  endfacet
  facet normal 0 0 -1
    outer loop
      vertex 16.2421 27.44 3.2
      vertex 17.4978 27.1035 3.2
      vertex 17.1981 26.38 3.2
    endloop
  endfacet
  facet normal 0 0 -1
    outer loop
      vertex 17.6 27.88 3.2
      vertex 16.3 27.88 3.2
      vertex 17.4978 28.6565 3.2
    endloop
  endfacet
  facet normal 0 0 -1
    outer loop
      vertex 16.0722 27.03 3.2
      vertex 17.1981 26.38 3.2
      vertex 16.7213 25.7587 3.2
    endloop
  endfacet
  facet normal 0 0 -1
    outer loop
      vertex 16.2421 28.32 3.2
      vertex 17.4978 28.6565 3.2
      vertex 16.3 27.88 3.2
    endloop
  endfacet
  facet normal -0 0 -1
    outer loop
      vertex 17.4978 28.6565 3.2
      vertex 16.2421 28.32 3.2
      vertex 17.1981 29.38 3.2
    endloop
  endfacet
  facet normal 0 0 -1
    outer loop
      vertex 17.4978 27.1035 3.2
      vertex 16.2421 27.44 3.2
      vertex 16.3 27.88 3.2
    endloop
  endfacet
  facet normal 0 0 -1
    outer loop
      vertex 15.8021 26.6779 3.2
      vertex 16.7213 25.7587 3.2
      vertex 16.1 25.2819 3.2
    endloop
  endfacet
  facet normal 0 0 -1
    outer loop
      vertex 17.1981 26.38 3.2
      vertex 16.0722 27.03 3.2
      vertex 16.2421 27.44 3.2
    endloop
  endfacet
  facet normal 0 0 -1
    outer loop
      vertex 16.7213 25.7587 3.2
      vertex 15.8021 26.6779 3.2
      vertex 16.0722 27.03 3.2
    endloop
  endfacet
  facet normal 0 0 -1
    outer loop
      vertex 16.1 25.2819 3.2
      vertex 15.45 26.4078 3.2
      vertex 15.8021 26.6779 3.2
    endloop
  endfacet
  facet normal 0 0 -1
    outer loop
      vertex 15.3765 24.9822 3.2
      vertex 15.45 26.4078 3.2
      vertex 16.1 25.2819 3.2
    endloop
  endfacet
  facet normal 0 0 -1
    outer loop
      vertex 15.3765 24.9822 3.2
      vertex 15.04 26.2379 3.2
      vertex 15.45 26.4078 3.2
    endloop
  endfacet
  facet normal 0 0 -1
    outer loop
      vertex 14.6 24.88 3.2
      vertex 15.04 26.2379 3.2
      vertex 15.3765 24.9822 3.2
    endloop
  endfacet
  facet normal 0 0 -1
    outer loop
      vertex 14.6 24.88 3.2
      vertex 14.6 26.18 3.2
      vertex 15.04 26.2379 3.2
    endloop
  endfacet
  facet normal 0 0 -1
    outer loop
      vertex 14.6 24.88 3.2
      vertex 14.16 26.2379 3.2
      vertex 14.6 26.18 3.2
    endloop
  endfacet
  facet normal 0 0 -1
    outer loop
      vertex 13.8235 24.9822 3.2
      vertex 14.16 26.2379 3.2
      vertex 14.6 24.88 3.2
    endloop
  endfacet
  facet normal 0 0 -1
    outer loop
      vertex 13.8235 24.9822 3.2
      vertex 13.75 26.4078 3.2
      vertex 14.16 26.2379 3.2
    endloop
  endfacet
  facet normal 0 0 -1
    outer loop
      vertex 13.1 25.2819 3.2
      vertex 13.75 26.4078 3.2
      vertex 13.8235 24.9822 3.2
    endloop
  endfacet
  facet normal -0 0 -1
    outer loop
      vertex 13.75 26.4078 3.2
      vertex 13.1 25.2819 3.2
      vertex 13.3979 26.6779 3.2
    endloop
  endfacet
  facet normal 0 0 -1
    outer loop
      vertex 12.4787 25.7587 3.2
      vertex 13.3979 26.6779 3.2
      vertex 13.1 25.2819 3.2
    endloop
  endfacet
  facet normal -0 0 -1
    outer loop
      vertex 13.3979 26.6779 3.2
      vertex 12.4787 25.7587 3.2
      vertex 13.1278 27.03 3.2
    endloop
  endfacet
  facet normal 0 0 -1
    outer loop
      vertex 12.0019 26.38 3.2
      vertex 13.1278 27.03 3.2
      vertex 12.4787 25.7587 3.2
    endloop
  endfacet
  facet normal -0 0 -1
    outer loop
      vertex 13.1278 27.03 3.2
      vertex 12.0019 26.38 3.2
      vertex 12.9579 27.44 3.2
    endloop
  endfacet
  facet normal 0 0 -1
    outer loop
      vertex 16.0722 28.73 3.2
      vertex 17.1981 29.38 3.2
      vertex 16.2421 28.32 3.2
    endloop
  endfacet
  facet normal -0 0 -1
    outer loop
      vertex 17.1981 29.38 3.2
      vertex 16.0722 28.73 3.2
      vertex 16.7213 30.0013 3.2
    endloop
  endfacet
  facet normal 0 0 -1
    outer loop
      vertex 15.8021 29.0821 3.2
      vertex 16.7213 30.0013 3.2
      vertex 16.0722 28.73 3.2
    endloop
  endfacet
  facet normal -0 0 -1
    outer loop
      vertex 16.7213 30.0013 3.2
      vertex 15.8021 29.0821 3.2
      vertex 16.1 30.4781 3.2
    endloop
  endfacet
  facet normal 0 0 -1
    outer loop
      vertex 15.45 29.3522 3.2
      vertex 16.1 30.4781 3.2
      vertex 15.8021 29.0821 3.2
    endloop
  endfacet
  facet normal 0 0 -1
    outer loop
      vertex 15.45 29.3522 3.2
      vertex 15.3765 30.7778 3.2
      vertex 16.1 30.4781 3.2
    endloop
  endfacet
  facet normal 0 0 -1
    outer loop
      vertex 15.04 29.5221 3.2
      vertex 15.3765 30.7778 3.2
      vertex 15.45 29.3522 3.2
    endloop
  endfacet
  facet normal 0 0 -1
    outer loop
      vertex 14.6 29.58 3.2
      vertex 15.3765 30.7778 3.2
      vertex 15.04 29.5221 3.2
    endloop
  endfacet
  facet normal 0 0 -1
    outer loop
      vertex 14.6 29.58 3.2
      vertex 14.6 30.88 3.2
      vertex 15.3765 30.7778 3.2
    endloop
  endfacet
  facet normal 0 0 -1
    outer loop
      vertex 14.16 29.5221 3.2
      vertex 14.6 30.88 3.2
      vertex 14.6 29.58 3.2
    endloop
  endfacet
  facet normal 0 0 -1
    outer loop
      vertex 14.16 29.5221 3.2
      vertex 13.8235 30.7778 3.2
      vertex 14.6 30.88 3.2
    endloop
  endfacet
  facet normal 0 0 -1
    outer loop
      vertex 13.75 29.3522 3.2
      vertex 13.8235 30.7778 3.2
      vertex 14.16 29.5221 3.2
    endloop
  endfacet
  facet normal 0 0 -1
    outer loop
      vertex 13.1 30.4781 3.2
      vertex 13.75 29.3522 3.2
      vertex 13.3979 29.0821 3.2
    endloop
  endfacet
  facet normal 0 0 -1
    outer loop
      vertex 12.4787 30.0013 3.2
      vertex 13.3979 29.0821 3.2
      vertex 13.1278 28.73 3.2
    endloop
  endfacet
  facet normal 0 0 -1
    outer loop
      vertex 13.75 29.3522 3.2
      vertex 13.1 30.4781 3.2
      vertex 13.8235 30.7778 3.2
    endloop
  endfacet
  facet normal 0 0 -1
    outer loop
      vertex 12.0019 29.38 3.2
      vertex 13.1278 28.73 3.2
      vertex 12.9579 28.32 3.2
    endloop
  endfacet
  facet normal 0 0 -1
    outer loop
      vertex 11.7022 28.6565 3.2
      vertex 12.9579 28.32 3.2
      vertex 12.9 27.88 3.2
    endloop
  endfacet
  facet normal 0 0 -1
    outer loop
      vertex 11.7022 27.1035 3.2
      vertex 12.9579 27.44 3.2
      vertex 12.0019 26.38 3.2
    endloop
  endfacet
  facet normal 0 0 -1
    outer loop
      vertex 13.3979 29.0821 3.2
      vertex 12.4787 30.0013 3.2
      vertex 13.1 30.4781 3.2
    endloop
  endfacet
  facet normal -0 0 -1
    outer loop
      vertex 12.9579 27.44 3.2
      vertex 11.7022 27.1035 3.2
      vertex 12.9 27.88 3.2
    endloop
  endfacet
  facet normal 0 0 -1
    outer loop
      vertex 13.1278 28.73 3.2
      vertex 12.0019 29.38 3.2
      vertex 12.4787 30.0013 3.2
    endloop
  endfacet
  facet normal 0 0 -1
    outer loop
      vertex 11.6 27.88 3.2
      vertex 12.9 27.88 3.2
      vertex 11.7022 27.1035 3.2
    endloop
  endfacet
  facet normal 0 0 -1
    outer loop
      vertex 12.9579 28.32 3.2
      vertex 11.7022 28.6565 3.2
      vertex 12.0019 29.38 3.2
    endloop
  endfacet
  facet normal 0 0 -1
    outer loop
      vertex 12.9 27.88 3.2
      vertex 11.6 27.88 3.2
      vertex 11.7022 28.6565 3.2
    endloop
  endfacet
  facet normal -0.130491 0.99145 0
    outer loop
      vertex 15.3765 24.9822 0
      vertex 14.6 24.88 3.2
      vertex 15.3765 24.9822 3.2
    endloop
  endfacet
  facet normal -0.130491 0.99145 0
    outer loop
      vertex 14.6 24.88 3.2
      vertex 15.3765 24.9822 0
      vertex 14.6 24.88 0
    endloop
  endfacet
  facet normal 0.923872 -0.382701 0
    outer loop
      vertex 11.7022 28.6565 3.2
      vertex 12.0019 29.38 0
      vertex 12.0019 29.38 3.2
    endloop
  endfacet
  facet normal 0.923872 -0.382701 0
    outer loop
      vertex 12.0019 29.38 0
      vertex 11.7022 28.6565 3.2
      vertex 11.7022 28.6565 0
    endloop
  endfacet
  facet normal 0.99145 -0.130491 0
    outer loop
      vertex 11.6 27.88 3.2
      vertex 11.7022 28.6565 0
      vertex 11.7022 28.6565 3.2
    endloop
  endfacet
  facet normal 0.99145 -0.130491 0
    outer loop
      vertex 11.7022 28.6565 0
      vertex 11.6 27.88 3.2
      vertex 11.6 27.88 0
    endloop
  endfacet
  facet normal -0.923872 -0.382701 0
    outer loop
      vertex -8.84089 43.8106 3.2
      vertex -8.96077 44.1 5
      vertex -8.96077 44.1 3.2
    endloop
  endfacet
  facet normal -0.923872 -0.382701 0
    outer loop
      vertex -8.96077 44.1 5
      vertex -8.84089 43.8106 3.2
      vertex -8.84089 43.8106 5
    endloop
  endfacet
  facet normal -0.991445 -0.130522 0
    outer loop
      vertex -8.8 43.5 3.2
      vertex -8.84089 43.8106 5
      vertex -8.84089 43.8106 3.2
    endloop
  endfacet
  facet normal -0.991445 -0.130522 0
    outer loop
      vertex -8.84089 43.8106 5
      vertex -8.8 43.5 3.2
      vertex -8.8 43.5 5
    endloop
  endfacet
  facet normal -0.793324 -0.6088 0
    outer loop
      vertex -8.96077 44.1 3.2
      vertex -9.15147 44.3485 5
      vertex -9.15147 44.3485 3.2
    endloop
  endfacet
  facet normal -0.793324 -0.6088 0
    outer loop
      vertex -9.15147 44.3485 5
      vertex -8.96077 44.1 3.2
      vertex -8.96077 44.1 5
    endloop
  endfacet
  facet normal 0.793324 -0.6088 0
    outer loop
      vertex -11.0392 44.1 5
      vertex -10.8485 44.3485 3.2
      vertex -10.8485 44.3485 5
    endloop
  endfacet
  facet normal 0.793324 -0.6088 0
    outer loop
      vertex -10.8485 44.3485 3.2
      vertex -11.0392 44.1 5
      vertex -11.0392 44.1 3.2
    endloop
  endfacet
  facet normal 0.6088 -0.793324 0
    outer loop
      vertex -10.8485 44.3485 3.2
      vertex -10.6 44.5392 5
      vertex -10.8485 44.3485 5
    endloop
  endfacet
  facet normal 0.6088 -0.793324 0
    outer loop
      vertex -10.6 44.5392 5
      vertex -10.8485 44.3485 3.2
      vertex -10.6 44.5392 3.2
    endloop
  endfacet
  facet normal -0.382733 0.923859 0
    outer loop
      vertex -9.4 42.4608 3.2
      vertex -9.68942 42.3409 5
      vertex -9.4 42.4608 5
    endloop
  endfacet
  facet normal -0.382733 0.923859 0
    outer loop
      vertex -9.68942 42.3409 5
      vertex -9.4 42.4608 3.2
      vertex -9.68942 42.3409 3.2
    endloop
  endfacet
  facet normal 0.92385 -0.382756 0
    outer loop
      vertex -11.1591 43.8106 5
      vertex -11.0392 44.1 3.2
      vertex -11.0392 44.1 5
    endloop
  endfacet
  facet normal 0.92385 -0.382756 0
    outer loop
      vertex -11.0392 44.1 3.2
      vertex -11.1591 43.8106 5
      vertex -11.1591 43.8106 3.2
    endloop
  endfacet
  facet normal -0.608754 -0.793359 0
    outer loop
      vertex -9.4 44.5392 3.2
      vertex -9.15147 44.3485 5
      vertex -9.4 44.5392 5
    endloop
  endfacet
  facet normal -0.608754 -0.793359 -0
    outer loop
      vertex -9.15147 44.3485 5
      vertex -9.4 44.5392 3.2
      vertex -9.15147 44.3485 3.2
    endloop
  endfacet
  facet normal -0.130562 -0.99144 0
    outer loop
      vertex -10 44.7 3.2
      vertex -9.68942 44.6591 5
      vertex -10 44.7 5
    endloop
  endfacet
  facet normal -0.130562 -0.99144 -0
    outer loop
      vertex -9.68942 44.6591 5
      vertex -10 44.7 3.2
      vertex -9.68942 44.6591 3.2
    endloop
  endfacet
  facet normal -0.130562 0.99144 0
    outer loop
      vertex -9.68942 42.3409 3.2
      vertex -10 42.3 5
      vertex -9.68942 42.3409 5
    endloop
  endfacet
  facet normal -0.130562 0.99144 0
    outer loop
      vertex -10 42.3 5
      vertex -9.68942 42.3409 3.2
      vertex -10 42.3 3.2
    endloop
  endfacet
  facet normal -0.793324 0.6088 0
    outer loop
      vertex -9.15147 42.6515 3.2
      vertex -8.96077 42.9 5
      vertex -8.96077 42.9 3.2
    endloop
  endfacet
  facet normal -0.793324 0.6088 0
    outer loop
      vertex -8.96077 42.9 5
      vertex -9.15147 42.6515 3.2
      vertex -9.15147 42.6515 5
    endloop
  endfacet
  facet normal -0.608754 0.793359 0
    outer loop
      vertex -9.15147 42.6515 3.2
      vertex -9.4 42.4608 5
      vertex -9.15147 42.6515 5
    endloop
  endfacet
  facet normal -0.608754 0.793359 0
    outer loop
      vertex -9.4 42.4608 5
      vertex -9.15147 42.6515 3.2
      vertex -9.4 42.4608 3.2
    endloop
  endfacet
  facet normal 0.793324 0.6088 0
    outer loop
      vertex -10.8485 42.6515 5
      vertex -11.0392 42.9 3.2
      vertex -11.0392 42.9 5
    endloop
  endfacet
  facet normal 0.793324 0.6088 0
    outer loop
      vertex -11.0392 42.9 3.2
      vertex -10.8485 42.6515 5
      vertex -10.8485 42.6515 3.2
    endloop
  endfacet
  facet normal -0.991445 0.130522 0
    outer loop
      vertex -8.84089 43.1894 3.2
      vertex -8.8 43.5 5
      vertex -8.8 43.5 3.2
    endloop
  endfacet
  facet normal -0.991445 0.130522 0
    outer loop
      vertex -8.8 43.5 5
      vertex -8.84089 43.1894 3.2
      vertex -8.84089 43.1894 5
    endloop
  endfacet
  facet normal 0.991441 -0.130554 0
    outer loop
      vertex -11.2 43.5 5
      vertex -11.1591 43.8106 3.2
      vertex -11.1591 43.8106 5
    endloop
  endfacet
  facet normal 0.991441 -0.130554 0
    outer loop
      vertex -11.1591 43.8106 3.2
      vertex -11.2 43.5 5
      vertex -11.2 43.5 3.2
    endloop
  endfacet
  facet normal 0.130554 -0.991441 0
    outer loop
      vertex -10.3106 44.6591 3.2
      vertex -10 44.7 5
      vertex -10.3106 44.6591 5
    endloop
  endfacet
  facet normal 0.130554 -0.991441 0
    outer loop
      vertex -10 44.7 5
      vertex -10.3106 44.6591 3.2
      vertex -10 44.7 3.2
    endloop
  endfacet
  facet normal -0.923872 0.382701 0
    outer loop
      vertex -8.96077 42.9 3.2
      vertex -8.84089 43.1894 5
      vertex -8.84089 43.1894 3.2
    endloop
  endfacet
  facet normal -0.923872 0.382701 0
    outer loop
      vertex -8.84089 43.1894 5
      vertex -8.96077 42.9 3.2
      vertex -8.96077 42.9 5
    endloop
  endfacet
  facet normal 0.382756 -0.92385 0
    outer loop
      vertex -10.6 44.5392 3.2
      vertex -10.3106 44.6591 5
      vertex -10.6 44.5392 5
    endloop
  endfacet
  facet normal 0.382756 -0.92385 0
    outer loop
      vertex -10.3106 44.6591 5
      vertex -10.6 44.5392 3.2
      vertex -10.3106 44.6591 3.2
    endloop
  endfacet
  facet normal -0.382733 -0.923859 0
    outer loop
      vertex -9.68942 44.6591 3.2
      vertex -9.4 44.5392 5
      vertex -9.68942 44.6591 5
    endloop
  endfacet
  facet normal -0.382733 -0.923859 -0
    outer loop
      vertex -9.4 44.5392 5
      vertex -9.68942 44.6591 3.2
      vertex -9.4 44.5392 3.2
    endloop
  endfacet
  facet normal 0.130554 0.991441 -0
    outer loop
      vertex -10 42.3 3.2
      vertex -10.3106 42.3409 5
      vertex -10 42.3 5
    endloop
  endfacet
  facet normal 0.130554 0.991441 0
    outer loop
      vertex -10.3106 42.3409 5
      vertex -10 42.3 3.2
      vertex -10.3106 42.3409 3.2
    endloop
  endfacet
  facet normal 0.92385 0.382756 0
    outer loop
      vertex -11.0392 42.9 5
      vertex -11.1591 43.1894 3.2
      vertex -11.1591 43.1894 5
    endloop
  endfacet
  facet normal 0.92385 0.382756 0
    outer loop
      vertex -11.1591 43.1894 3.2
      vertex -11.0392 42.9 5
      vertex -11.0392 42.9 3.2
    endloop
  endfacet
  facet normal 0.991441 0.130554 0
    outer loop
      vertex -11.1591 43.1894 5
      vertex -11.2 43.5 3.2
      vertex -11.2 43.5 5
    endloop
  endfacet
  facet normal 0.991441 0.130554 0
    outer loop
      vertex -11.2 43.5 3.2
      vertex -11.1591 43.1894 5
      vertex -11.1591 43.1894 3.2
    endloop
  endfacet
  facet normal 0.6088 0.793324 -0
    outer loop
      vertex -10.6 42.4608 3.2
      vertex -10.8485 42.6515 5
      vertex -10.6 42.4608 5
    endloop
  endfacet
  facet normal 0.6088 0.793324 0
    outer loop
      vertex -10.8485 42.6515 5
      vertex -10.6 42.4608 3.2
      vertex -10.8485 42.6515 3.2
    endloop
  endfacet
  facet normal 0.382756 0.92385 -0
    outer loop
      vertex -10.3106 42.3409 3.2
      vertex -10.6 42.4608 5
      vertex -10.3106 42.3409 5
    endloop
  endfacet
  facet normal 0.382756 0.92385 0
    outer loop
      vertex -10.6 42.4608 5
      vertex -10.3106 42.3409 3.2
      vertex -10.6 42.4608 3.2
    endloop
  endfacet
  facet normal -0.923885 -0.382669 0
    outer loop
      vertex -7.97156 44.0435 0
      vertex -8.18135 44.55 3.2
      vertex -8.18135 44.55 0
    endloop
  endfacet
  facet normal -0.923885 -0.382669 0
    outer loop
      vertex -8.18135 44.55 3.2
      vertex -7.97156 44.0435 0
      vertex -7.97156 44.0435 3.2
    endloop
  endfacet
  facet normal -0.991443 -0.130539 0
    outer loop
      vertex -7.9 43.5 0
      vertex -7.97156 44.0435 3.2
      vertex -7.97156 44.0435 0
    endloop
  endfacet
  facet normal -0.991443 -0.130539 0
    outer loop
      vertex -7.97156 44.0435 3.2
      vertex -7.9 43.5 0
      vertex -7.9 43.5 3.2
    endloop
  endfacet
  facet normal 0.608864 -0.793274 0
    outer loop
      vertex -11.4849 44.9849 0
      vertex -11.05 45.3187 3.2
      vertex -11.4849 44.9849 3.2
    endloop
  endfacet
  facet normal 0.608864 -0.793274 0
    outer loop
      vertex -11.05 45.3187 3.2
      vertex -11.4849 44.9849 0
      vertex -11.05 45.3187 0
    endloop
  endfacet
  facet normal 0.382529 -0.923943 0
    outer loop
      vertex -11.05 45.3187 0
      vertex -10.5435 45.5284 3.2
      vertex -11.05 45.3187 3.2
    endloop
  endfacet
  facet normal 0.382529 -0.923943 0
    outer loop
      vertex -10.5435 45.5284 3.2
      vertex -11.05 45.3187 0
      vertex -10.5435 45.5284 0
    endloop
  endfacet
  facet normal -0.608847 0.793288 0
    outer loop
      vertex -8.51508 42.0151 0
      vertex -8.95 41.6813 3.2
      vertex -8.51508 42.0151 3.2
    endloop
  endfacet
  facet normal -0.608847 0.793288 0
    outer loop
      vertex -8.95 41.6813 3.2
      vertex -8.51508 42.0151 0
      vertex -8.95 41.6813 0
    endloop
  endfacet
  facet normal -0.608847 -0.793288 0
    outer loop
      vertex -8.95 45.3187 0
      vertex -8.51508 44.9849 3.2
      vertex -8.95 45.3187 3.2
    endloop
  endfacet
  facet normal -0.608847 -0.793288 -0
    outer loop
      vertex -8.51508 44.9849 3.2
      vertex -8.95 45.3187 0
      vertex -8.51508 44.9849 0
    endloop
  endfacet
  facet normal 0.13061 0.991434 -0
    outer loop
      vertex -10 41.4 0
      vertex -10.5435 41.4716 3.2
      vertex -10 41.4 3.2
    endloop
  endfacet
  facet normal 0.13061 0.991434 0
    outer loop
      vertex -10.5435 41.4716 3.2
      vertex -10 41.4 0
      vertex -10.5435 41.4716 0
    endloop
  endfacet
  facet normal -0.130606 -0.991434 0
    outer loop
      vertex -10 45.6 0
      vertex -9.45648 45.5284 3.2
      vertex -10 45.6 3.2
    endloop
  endfacet
  facet normal -0.130606 -0.991434 -0
    outer loop
      vertex -9.45648 45.5284 3.2
      vertex -10 45.6 0
      vertex -9.45648 45.5284 0
    endloop
  endfacet
  facet normal -0.382542 -0.923938 0
    outer loop
      vertex -9.45648 45.5284 0
      vertex -8.95 45.3187 3.2
      vertex -9.45648 45.5284 3.2
    endloop
  endfacet
  facet normal -0.382542 -0.923938 -0
    outer loop
      vertex -8.95 45.3187 3.2
      vertex -9.45648 45.5284 0
      vertex -8.95 45.3187 0
    endloop
  endfacet
  facet normal 0.608864 0.793274 -0
    outer loop
      vertex -11.05 41.6813 0
      vertex -11.4849 42.0151 3.2
      vertex -11.05 41.6813 3.2
    endloop
  endfacet
  facet normal 0.608864 0.793274 0
    outer loop
      vertex -11.4849 42.0151 3.2
      vertex -11.05 41.6813 0
      vertex -11.4849 42.0151 0
    endloop
  endfacet
  facet normal -0.793336 -0.608784 0
    outer loop
      vertex -8.18135 44.55 0
      vertex -8.51508 44.9849 3.2
      vertex -8.51508 44.9849 0
    endloop
  endfacet
  facet normal -0.793336 -0.608784 0
    outer loop
      vertex -8.51508 44.9849 3.2
      vertex -8.18135 44.55 0
      vertex -8.18135 44.55 3.2
    endloop
  endfacet
  facet normal -0.793336 0.608784 0
    outer loop
      vertex -8.51508 42.0151 0
      vertex -8.18135 42.45 3.2
      vertex -8.18135 42.45 0
    endloop
  endfacet
  facet normal -0.793336 0.608784 0
    outer loop
      vertex -8.18135 42.45 3.2
      vertex -8.51508 42.0151 0
      vertex -8.51508 42.0151 3.2
    endloop
  endfacet
  facet normal -0.382542 0.923938 0
    outer loop
      vertex -8.95 41.6813 0
      vertex -9.45648 41.4716 3.2
      vertex -8.95 41.6813 3.2
    endloop
  endfacet
  facet normal -0.382542 0.923938 0
    outer loop
      vertex -9.45648 41.4716 3.2
      vertex -8.95 41.6813 0
      vertex -9.45648 41.4716 0
    endloop
  endfacet
  facet normal 0.793274 -0.608864 0
    outer loop
      vertex -11.8187 44.55 3.2
      vertex -11.4849 44.9849 0
      vertex -11.4849 44.9849 3.2
    endloop
  endfacet
  facet normal 0.793274 -0.608864 0
    outer loop
      vertex -11.4849 44.9849 0
      vertex -11.8187 44.55 3.2
      vertex -11.8187 44.55 0
    endloop
  endfacet
  facet normal 0.793274 0.608864 0
    outer loop
      vertex -11.4849 42.0151 3.2
      vertex -11.8187 42.45 0
      vertex -11.8187 42.45 3.2
    endloop
  endfacet
  facet normal 0.793274 0.608864 0
    outer loop
      vertex -11.8187 42.45 0
      vertex -11.4849 42.0151 3.2
      vertex -11.4849 42.0151 0
    endloop
  endfacet
  facet normal -0.991443 0.130539 0
    outer loop
      vertex -7.97156 42.9565 0
      vertex -7.9 43.5 3.2
      vertex -7.9 43.5 0
    endloop
  endfacet
  facet normal -0.991443 0.130539 0
    outer loop
      vertex -7.9 43.5 3.2
      vertex -7.97156 42.9565 0
      vertex -7.97156 42.9565 3.2
    endloop
  endfacet
  facet normal 0.13061 -0.991434 0
    outer loop
      vertex -10.5435 45.5284 0
      vertex -10 45.6 3.2
      vertex -10.5435 45.5284 3.2
    endloop
  endfacet
  facet normal 0.13061 -0.991434 0
    outer loop
      vertex -10 45.6 3.2
      vertex -10.5435 45.5284 0
      vertex -10 45.6 0
    endloop
  endfacet
  facet normal 0.923943 0.382529 0
    outer loop
      vertex -11.8187 42.45 3.2
      vertex -12.0284 42.9565 0
      vertex -12.0284 42.9565 3.2
    endloop
  endfacet
  facet normal 0.923943 0.382529 0
    outer loop
      vertex -12.0284 42.9565 0
      vertex -11.8187 42.45 3.2
      vertex -11.8187 42.45 0
    endloop
  endfacet
  facet normal 0.991434 0.13061 0
    outer loop
      vertex -12.0284 42.9565 3.2
      vertex -12.1 43.5 0
      vertex -12.1 43.5 3.2
    endloop
  endfacet
  facet normal 0.991434 0.13061 0
    outer loop
      vertex -12.1 43.5 0
      vertex -12.0284 42.9565 3.2
      vertex -12.0284 42.9565 0
    endloop
  endfacet
  facet normal -0.923885 0.382669 0
    outer loop
      vertex -8.18135 42.45 0
      vertex -7.97156 42.9565 3.2
      vertex -7.97156 42.9565 0
    endloop
  endfacet
  facet normal -0.923885 0.382669 0
    outer loop
      vertex -7.97156 42.9565 3.2
      vertex -8.18135 42.45 0
      vertex -8.18135 42.45 3.2
    endloop
  endfacet
  facet normal 0.382529 0.923943 -0
    outer loop
      vertex -10.5435 41.4716 0
      vertex -11.05 41.6813 3.2
      vertex -10.5435 41.4716 3.2
    endloop
  endfacet
  facet normal 0.382529 0.923943 0
    outer loop
      vertex -11.05 41.6813 3.2
      vertex -10.5435 41.4716 0
      vertex -11.05 41.6813 0
    endloop
  endfacet
  facet normal 0 0 -1
    outer loop
      vertex -8.8 43.5 3.2
      vertex -7.9 43.5 3.2
      vertex -7.97156 42.9565 3.2
    endloop
  endfacet
  facet normal 0 0 -1
    outer loop
      vertex -8.84089 43.1894 3.2
      vertex -7.97156 42.9565 3.2
      vertex -8.18135 42.45 3.2
    endloop
  endfacet
  facet normal 0 0 -1
    outer loop
      vertex -7.9 43.5 3.2
      vertex -8.8 43.5 3.2
      vertex -7.97156 44.0435 3.2
    endloop
  endfacet
  facet normal 0 0 -1
    outer loop
      vertex -8.96077 42.9 3.2
      vertex -8.18135 42.45 3.2
      vertex -8.51508 42.0151 3.2
    endloop
  endfacet
  facet normal 0 0 -1
    outer loop
      vertex -8.84089 43.8106 3.2
      vertex -7.97156 44.0435 3.2
      vertex -8.8 43.5 3.2
    endloop
  endfacet
  facet normal -0 0 -1
    outer loop
      vertex -7.97156 44.0435 3.2
      vertex -8.84089 43.8106 3.2
      vertex -8.18135 44.55 3.2
    endloop
  endfacet
  facet normal 0 0 -1
    outer loop
      vertex -7.97156 42.9565 3.2
      vertex -8.84089 43.1894 3.2
      vertex -8.8 43.5 3.2
    endloop
  endfacet
  facet normal 0 0 -1
    outer loop
      vertex -9.15147 42.6515 3.2
      vertex -8.51508 42.0151 3.2
      vertex -8.95 41.6813 3.2
    endloop
  endfacet
  facet normal 0 0 -1
    outer loop
      vertex -8.18135 42.45 3.2
      vertex -8.96077 42.9 3.2
      vertex -8.84089 43.1894 3.2
    endloop
  endfacet
  facet normal 0 0 -1
    outer loop
      vertex -8.51508 42.0151 3.2
      vertex -9.15147 42.6515 3.2
      vertex -8.96077 42.9 3.2
    endloop
  endfacet
  facet normal 0 0 -1
    outer loop
      vertex -8.95 41.6813 3.2
      vertex -9.4 42.4608 3.2
      vertex -9.15147 42.6515 3.2
    endloop
  endfacet
  facet normal 0 0 -1
    outer loop
      vertex -9.45648 41.4716 3.2
      vertex -9.4 42.4608 3.2
      vertex -8.95 41.6813 3.2
    endloop
  endfacet
  facet normal 0 0 -1
    outer loop
      vertex -9.45648 41.4716 3.2
      vertex -9.68942 42.3409 3.2
      vertex -9.4 42.4608 3.2
    endloop
  endfacet
  facet normal 0 0 -1
    outer loop
      vertex -10 41.4 3.2
      vertex -9.68942 42.3409 3.2
      vertex -9.45648 41.4716 3.2
    endloop
  endfacet
  facet normal 0 0 -1
    outer loop
      vertex -10 41.4 3.2
      vertex -10 42.3 3.2
      vertex -9.68942 42.3409 3.2
    endloop
  endfacet
  facet normal 0 0 -1
    outer loop
      vertex -10 41.4 3.2
      vertex -10.3106 42.3409 3.2
      vertex -10 42.3 3.2
    endloop
  endfacet
  facet normal 0 0 -1
    outer loop
      vertex -10.5435 41.4716 3.2
      vertex -10.3106 42.3409 3.2
      vertex -10 41.4 3.2
    endloop
  endfacet
  facet normal 0 0 -1
    outer loop
      vertex -10.5435 41.4716 3.2
      vertex -10.6 42.4608 3.2
      vertex -10.3106 42.3409 3.2
    endloop
  endfacet
  facet normal 0 0 -1
    outer loop
      vertex -11.05 41.6813 3.2
      vertex -10.6 42.4608 3.2
      vertex -10.5435 41.4716 3.2
    endloop
  endfacet
  facet normal -0 0 -1
    outer loop
      vertex -10.6 42.4608 3.2
      vertex -11.05 41.6813 3.2
      vertex -10.8485 42.6515 3.2
    endloop
  endfacet
  facet normal 0 0 -1
    outer loop
      vertex -11.4849 42.0151 3.2
      vertex -10.8485 42.6515 3.2
      vertex -11.05 41.6813 3.2
    endloop
  endfacet
  facet normal -0 0 -1
    outer loop
      vertex -10.8485 42.6515 3.2
      vertex -11.4849 42.0151 3.2
      vertex -11.0392 42.9 3.2
    endloop
  endfacet
  facet normal 0 0 -1
    outer loop
      vertex -11.8187 42.45 3.2
      vertex -11.0392 42.9 3.2
      vertex -11.4849 42.0151 3.2
    endloop
  endfacet
  facet normal -0 0 -1
    outer loop
      vertex -11.0392 42.9 3.2
      vertex -11.8187 42.45 3.2
      vertex -11.1591 43.1894 3.2
    endloop
  endfacet
  facet normal 0 0 -1
    outer loop
      vertex -8.96077 44.1 3.2
      vertex -8.18135 44.55 3.2
      vertex -8.84089 43.8106 3.2
    endloop
  endfacet
  facet normal -0 0 -1
    outer loop
      vertex -8.18135 44.55 3.2
      vertex -8.96077 44.1 3.2
      vertex -8.51508 44.9849 3.2
    endloop
  endfacet
  facet normal 0 0 -1
    outer loop
      vertex -9.15147 44.3485 3.2
      vertex -8.51508 44.9849 3.2
      vertex -8.96077 44.1 3.2
    endloop
  endfacet
  facet normal -0 0 -1
    outer loop
      vertex -8.51508 44.9849 3.2
      vertex -9.15147 44.3485 3.2
      vertex -8.95 45.3187 3.2
    endloop
  endfacet
  facet normal 0 0 -1
    outer loop
      vertex -9.4 44.5392 3.2
      vertex -8.95 45.3187 3.2
      vertex -9.15147 44.3485 3.2
    endloop
  endfacet
  facet normal 0 0 -1
    outer loop
      vertex -9.4 44.5392 3.2
      vertex -9.45648 45.5284 3.2
      vertex -8.95 45.3187 3.2
    endloop
  endfacet
  facet normal 0 0 -1
    outer loop
      vertex -9.68942 44.6591 3.2
      vertex -9.45648 45.5284 3.2
      vertex -9.4 44.5392 3.2
    endloop
  endfacet
  facet normal 0 0 -1
    outer loop
      vertex -10 44.7 3.2
      vertex -9.45648 45.5284 3.2
      vertex -9.68942 44.6591 3.2
    endloop
  endfacet
  facet normal 0 0 -1
    outer loop
      vertex -10 44.7 3.2
      vertex -10 45.6 3.2
      vertex -9.45648 45.5284 3.2
    endloop
  endfacet
  facet normal 0 0 -1
    outer loop
      vertex -10.3106 44.6591 3.2
      vertex -10 45.6 3.2
      vertex -10 44.7 3.2
    endloop
  endfacet
  facet normal 0 0 -1
    outer loop
      vertex -10.3106 44.6591 3.2
      vertex -10.5435 45.5284 3.2
      vertex -10 45.6 3.2
    endloop
  endfacet
  facet normal 0 0 -1
    outer loop
      vertex -10.6 44.5392 3.2
      vertex -10.5435 45.5284 3.2
      vertex -10.3106 44.6591 3.2
    endloop
  endfacet
  facet normal 0 0 -1
    outer loop
      vertex -11.05 45.3187 3.2
      vertex -10.6 44.5392 3.2
      vertex -10.8485 44.3485 3.2
    endloop
  endfacet
  facet normal 0 0 -1
    outer loop
      vertex -11.4849 44.9849 3.2
      vertex -10.8485 44.3485 3.2
      vertex -11.0392 44.1 3.2
    endloop
  endfacet
  facet normal 0 0 -1
    outer loop
      vertex -10.6 44.5392 3.2
      vertex -11.05 45.3187 3.2
      vertex -10.5435 45.5284 3.2
    endloop
  endfacet
  facet normal 0 0 -1
    outer loop
      vertex -11.8187 44.55 3.2
      vertex -11.0392 44.1 3.2
      vertex -11.1591 43.8106 3.2
    endloop
  endfacet
  facet normal 0 0 -1
    outer loop
      vertex -12.0284 44.0435 3.2
      vertex -11.1591 43.8106 3.2
      vertex -11.2 43.5 3.2
    endloop
  endfacet
  facet normal 0 0 -1
    outer loop
      vertex -12.0284 42.9565 3.2
      vertex -11.1591 43.1894 3.2
      vertex -11.8187 42.45 3.2
    endloop
  endfacet
  facet normal 0 0 -1
    outer loop
      vertex -10.8485 44.3485 3.2
      vertex -11.4849 44.9849 3.2
      vertex -11.05 45.3187 3.2
    endloop
  endfacet
  facet normal -0 0 -1
    outer loop
      vertex -11.1591 43.1894 3.2
      vertex -12.0284 42.9565 3.2
      vertex -11.2 43.5 3.2
    endloop
  endfacet
  facet normal 0 0 -1
    outer loop
      vertex -11.0392 44.1 3.2
      vertex -11.8187 44.55 3.2
      vertex -11.4849 44.9849 3.2
    endloop
  endfacet
  facet normal 0 0 -1
    outer loop
      vertex -12.1 43.5 3.2
      vertex -11.2 43.5 3.2
      vertex -12.0284 42.9565 3.2
    endloop
  endfacet
  facet normal 0 0 -1
    outer loop
      vertex -11.1591 43.8106 3.2
      vertex -12.0284 44.0435 3.2
      vertex -11.8187 44.55 3.2
    endloop
  endfacet
  facet normal 0 0 -1
    outer loop
      vertex -11.2 43.5 3.2
      vertex -12.1 43.5 3.2
      vertex -12.0284 44.0435 3.2
    endloop
  endfacet
  facet normal -0.130606 0.991434 0
    outer loop
      vertex -9.45648 41.4716 0
      vertex -10 41.4 3.2
      vertex -9.45648 41.4716 3.2
    endloop
  endfacet
  facet normal -0.130606 0.991434 0
    outer loop
      vertex -10 41.4 3.2
      vertex -9.45648 41.4716 0
      vertex -10 41.4 0
    endloop
  endfacet
  facet normal 0.923943 -0.382529 0
    outer loop
      vertex -12.0284 44.0435 3.2
      vertex -11.8187 44.55 0
      vertex -11.8187 44.55 3.2
    endloop
  endfacet
  facet normal 0.923943 -0.382529 0
    outer loop
      vertex -11.8187 44.55 0
      vertex -12.0284 44.0435 3.2
      vertex -12.0284 44.0435 0
    endloop
  endfacet
  facet normal 0.991434 -0.13061 0
    outer loop
      vertex -12.1 43.5 3.2
      vertex -12.0284 44.0435 0
      vertex -12.0284 44.0435 3.2
    endloop
  endfacet
  facet normal 0.991434 -0.13061 0
    outer loop
      vertex -12.0284 44.0435 0
      vertex -12.1 43.5 3.2
      vertex -12.1 43.5 0
    endloop
  endfacet
  facet normal -0.92385 -0.382756 0
    outer loop
      vertex 11.1591 43.8106 3.2
      vertex 11.0392 44.1 5
      vertex 11.0392 44.1 3.2
    endloop
  endfacet
  facet normal -0.92385 -0.382756 0
    outer loop
      vertex 11.0392 44.1 5
      vertex 11.1591 43.8106 3.2
      vertex 11.1591 43.8106 5
    endloop
  endfacet
  facet normal -0.991441 -0.130554 0
    outer loop
      vertex 11.2 43.5 3.2
      vertex 11.1591 43.8106 5
      vertex 11.1591 43.8106 3.2
    endloop
  endfacet
  facet normal -0.991441 -0.130554 0
    outer loop
      vertex 11.1591 43.8106 5
      vertex 11.2 43.5 3.2
      vertex 11.2 43.5 5
    endloop
  endfacet
  facet normal -0.793324 -0.6088 0
    outer loop
      vertex 11.0392 44.1 3.2
      vertex 10.8485 44.3485 5
      vertex 10.8485 44.3485 3.2
    endloop
  endfacet
  facet normal -0.793324 -0.6088 0
    outer loop
      vertex 10.8485 44.3485 5
      vertex 11.0392 44.1 3.2
      vertex 11.0392 44.1 5
    endloop
  endfacet
  facet normal 0.793324 -0.6088 0
    outer loop
      vertex 8.96077 44.1 5
      vertex 9.15147 44.3485 3.2
      vertex 9.15147 44.3485 5
    endloop
  endfacet
  facet normal 0.793324 -0.6088 0
    outer loop
      vertex 9.15147 44.3485 3.2
      vertex 8.96077 44.1 5
      vertex 8.96077 44.1 3.2
    endloop
  endfacet
  facet normal 0.608754 -0.793359 0
    outer loop
      vertex 9.15147 44.3485 3.2
      vertex 9.4 44.5392 5
      vertex 9.15147 44.3485 5
    endloop
  endfacet
  facet normal 0.608754 -0.793359 0
    outer loop
      vertex 9.4 44.5392 5
      vertex 9.15147 44.3485 3.2
      vertex 9.4 44.5392 3.2
    endloop
  endfacet
  facet normal -0.382756 0.92385 0
    outer loop
      vertex 10.6 42.4608 3.2
      vertex 10.3106 42.3409 5
      vertex 10.6 42.4608 5
    endloop
  endfacet
  facet normal -0.382756 0.92385 0
    outer loop
      vertex 10.3106 42.3409 5
      vertex 10.6 42.4608 3.2
      vertex 10.3106 42.3409 3.2
    endloop
  endfacet
  facet normal 0.923872 -0.382701 0
    outer loop
      vertex 8.84089 43.8106 5
      vertex 8.96077 44.1 3.2
      vertex 8.96077 44.1 5
    endloop
  endfacet
  facet normal 0.923872 -0.382701 0
    outer loop
      vertex 8.96077 44.1 3.2
      vertex 8.84089 43.8106 5
      vertex 8.84089 43.8106 3.2
    endloop
  endfacet
  facet normal -0.6088 -0.793324 0
    outer loop
      vertex 10.6 44.5392 3.2
      vertex 10.8485 44.3485 5
      vertex 10.6 44.5392 5
    endloop
  endfacet
  facet normal -0.6088 -0.793324 -0
    outer loop
      vertex 10.8485 44.3485 5
      vertex 10.6 44.5392 3.2
      vertex 10.8485 44.3485 3.2
    endloop
  endfacet
  facet normal -0.130554 -0.991441 0
    outer loop
      vertex 10 44.7 3.2
      vertex 10.3106 44.6591 5
      vertex 10 44.7 5
    endloop
  endfacet
  facet normal -0.130554 -0.991441 -0
    outer loop
      vertex 10.3106 44.6591 5
      vertex 10 44.7 3.2
      vertex 10.3106 44.6591 3.2
    endloop
  endfacet
  facet normal -0.130554 0.991441 0
    outer loop
      vertex 10.3106 42.3409 3.2
      vertex 10 42.3 5
      vertex 10.3106 42.3409 5
    endloop
  endfacet
  facet normal -0.130554 0.991441 0
    outer loop
      vertex 10 42.3 5
      vertex 10.3106 42.3409 3.2
      vertex 10 42.3 3.2
    endloop
  endfacet
  facet normal -0.793324 0.6088 0
    outer loop
      vertex 10.8485 42.6515 3.2
      vertex 11.0392 42.9 5
      vertex 11.0392 42.9 3.2
    endloop
  endfacet
  facet normal -0.793324 0.6088 0
    outer loop
      vertex 11.0392 42.9 5
      vertex 10.8485 42.6515 3.2
      vertex 10.8485 42.6515 5
    endloop
  endfacet
  facet normal -0.6088 0.793324 0
    outer loop
      vertex 10.8485 42.6515 3.2
      vertex 10.6 42.4608 5
      vertex 10.8485 42.6515 5
    endloop
  endfacet
  facet normal -0.6088 0.793324 0
    outer loop
      vertex 10.6 42.4608 5
      vertex 10.8485 42.6515 3.2
      vertex 10.6 42.4608 3.2
    endloop
  endfacet
  facet normal 0.793324 0.6088 0
    outer loop
      vertex 9.15147 42.6515 5
      vertex 8.96077 42.9 3.2
      vertex 8.96077 42.9 5
    endloop
  endfacet
  facet normal 0.793324 0.6088 0
    outer loop
      vertex 8.96077 42.9 3.2
      vertex 9.15147 42.6515 5
      vertex 9.15147 42.6515 3.2
    endloop
  endfacet
  facet normal -0.991441 0.130554 0
    outer loop
      vertex 11.1591 43.1894 3.2
      vertex 11.2 43.5 5
      vertex 11.2 43.5 3.2
    endloop
  endfacet
  facet normal -0.991441 0.130554 0
    outer loop
      vertex 11.2 43.5 5
      vertex 11.1591 43.1894 3.2
      vertex 11.1591 43.1894 5
    endloop
  endfacet
  facet normal 0.991445 -0.130522 0
    outer loop
      vertex 8.8 43.5 5
      vertex 8.84089 43.8106 3.2
      vertex 8.84089 43.8106 5
    endloop
  endfacet
  facet normal 0.991445 -0.130522 0
    outer loop
      vertex 8.84089 43.8106 3.2
      vertex 8.8 43.5 5
      vertex 8.8 43.5 3.2
    endloop
  endfacet
  facet normal 0.130562 -0.99144 0
    outer loop
      vertex 9.68942 44.6591 3.2
      vertex 10 44.7 5
      vertex 9.68942 44.6591 5
    endloop
  endfacet
  facet normal 0.130562 -0.99144 0
    outer loop
      vertex 10 44.7 5
      vertex 9.68942 44.6591 3.2
      vertex 10 44.7 3.2
    endloop
  endfacet
  facet normal -0.92385 0.382756 0
    outer loop
      vertex 11.0392 42.9 3.2
      vertex 11.1591 43.1894 5
      vertex 11.1591 43.1894 3.2
    endloop
  endfacet
  facet normal -0.92385 0.382756 0
    outer loop
      vertex 11.1591 43.1894 5
      vertex 11.0392 42.9 3.2
      vertex 11.0392 42.9 5
    endloop
  endfacet
  facet normal 0.382733 -0.923859 0
    outer loop
      vertex 9.4 44.5392 3.2
      vertex 9.68942 44.6591 5
      vertex 9.4 44.5392 5
    endloop
  endfacet
  facet normal 0.382733 -0.923859 0
    outer loop
      vertex 9.68942 44.6591 5
      vertex 9.4 44.5392 3.2
      vertex 9.68942 44.6591 3.2
    endloop
  endfacet
  facet normal -0.382756 -0.92385 0
    outer loop
      vertex 10.3106 44.6591 3.2
      vertex 10.6 44.5392 5
      vertex 10.3106 44.6591 5
    endloop
  endfacet
  facet normal -0.382756 -0.92385 -0
    outer loop
      vertex 10.6 44.5392 5
      vertex 10.3106 44.6591 3.2
      vertex 10.6 44.5392 3.2
    endloop
  endfacet
  facet normal 0.130562 0.99144 -0
    outer loop
      vertex 10 42.3 3.2
      vertex 9.68942 42.3409 5
      vertex 10 42.3 5
    endloop
  endfacet
  facet normal 0.130562 0.99144 0
    outer loop
      vertex 9.68942 42.3409 5
      vertex 10 42.3 3.2
      vertex 9.68942 42.3409 3.2
    endloop
  endfacet
  facet normal 0.923872 0.382701 0
    outer loop
      vertex 8.96077 42.9 5
      vertex 8.84089 43.1894 3.2
      vertex 8.84089 43.1894 5
    endloop
  endfacet
  facet normal 0.923872 0.382701 0
    outer loop
      vertex 8.84089 43.1894 3.2
      vertex 8.96077 42.9 5
      vertex 8.96077 42.9 3.2
    endloop
  endfacet
  facet normal 0.991445 0.130522 0
    outer loop
      vertex 8.84089 43.1894 5
      vertex 8.8 43.5 3.2
      vertex 8.8 43.5 5
    endloop
  endfacet
  facet normal 0.991445 0.130522 0
    outer loop
      vertex 8.8 43.5 3.2
      vertex 8.84089 43.1894 5
      vertex 8.84089 43.1894 3.2
    endloop
  endfacet
  facet normal 0.608754 0.793359 -0
    outer loop
      vertex 9.4 42.4608 3.2
      vertex 9.15147 42.6515 5
      vertex 9.4 42.4608 5
    endloop
  endfacet
  facet normal 0.608754 0.793359 0
    outer loop
      vertex 9.15147 42.6515 5
      vertex 9.4 42.4608 3.2
      vertex 9.15147 42.6515 3.2
    endloop
  endfacet
  facet normal 0.382733 0.923859 -0
    outer loop
      vertex 9.68942 42.3409 3.2
      vertex 9.4 42.4608 5
      vertex 9.68942 42.3409 5
    endloop
  endfacet
  facet normal 0.382733 0.923859 0
    outer loop
      vertex 9.4 42.4608 5
      vertex 9.68942 42.3409 3.2
      vertex 9.4 42.4608 3.2
    endloop
  endfacet
  facet normal -0.923943 -0.382529 0
    outer loop
      vertex 12.0284 44.0435 0
      vertex 11.8187 44.55 3.2
      vertex 11.8187 44.55 0
    endloop
  endfacet
  facet normal -0.923943 -0.382529 0
    outer loop
      vertex 11.8187 44.55 3.2
      vertex 12.0284 44.0435 0
      vertex 12.0284 44.0435 3.2
    endloop
  endfacet
  facet normal -0.991434 -0.13061 0
    outer loop
      vertex 12.1 43.5 0
      vertex 12.0284 44.0435 3.2
      vertex 12.0284 44.0435 0
    endloop
  endfacet
  facet normal -0.991434 -0.13061 0
    outer loop
      vertex 12.0284 44.0435 3.2
      vertex 12.1 43.5 0
      vertex 12.1 43.5 3.2
    endloop
  endfacet
  facet normal 0.608847 -0.793288 0
    outer loop
      vertex 8.51508 44.9849 0
      vertex 8.95 45.3187 3.2
      vertex 8.51508 44.9849 3.2
    endloop
  endfacet
  facet normal 0.608847 -0.793288 0
    outer loop
      vertex 8.95 45.3187 3.2
      vertex 8.51508 44.9849 0
      vertex 8.95 45.3187 0
    endloop
  endfacet
  facet normal 0.382542 -0.923938 0
    outer loop
      vertex 8.95 45.3187 0
      vertex 9.45648 45.5284 3.2
      vertex 8.95 45.3187 3.2
    endloop
  endfacet
  facet normal 0.382542 -0.923938 0
    outer loop
      vertex 9.45648 45.5284 3.2
      vertex 8.95 45.3187 0
      vertex 9.45648 45.5284 0
    endloop
  endfacet
  facet normal -0.608864 0.793274 0
    outer loop
      vertex 11.4849 42.0151 0
      vertex 11.05 41.6813 3.2
      vertex 11.4849 42.0151 3.2
    endloop
  endfacet
  facet normal -0.608864 0.793274 0
    outer loop
      vertex 11.05 41.6813 3.2
      vertex 11.4849 42.0151 0
      vertex 11.05 41.6813 0
    endloop
  endfacet
  facet normal -0.608864 -0.793274 0
    outer loop
      vertex 11.05 45.3187 0
      vertex 11.4849 44.9849 3.2
      vertex 11.05 45.3187 3.2
    endloop
  endfacet
  facet normal -0.608864 -0.793274 -0
    outer loop
      vertex 11.4849 44.9849 3.2
      vertex 11.05 45.3187 0
      vertex 11.4849 44.9849 0
    endloop
  endfacet
  facet normal 0.130606 0.991434 -0
    outer loop
      vertex 10 41.4 0
      vertex 9.45648 41.4716 3.2
      vertex 10 41.4 3.2
    endloop
  endfacet
  facet normal 0.130606 0.991434 0
    outer loop
      vertex 9.45648 41.4716 3.2
      vertex 10 41.4 0
      vertex 9.45648 41.4716 0
    endloop
  endfacet
  facet normal -0.13061 -0.991434 0
    outer loop
      vertex 10 45.6 0
      vertex 10.5435 45.5284 3.2
      vertex 10 45.6 3.2
    endloop
  endfacet
  facet normal -0.13061 -0.991434 -0
    outer loop
      vertex 10.5435 45.5284 3.2
      vertex 10 45.6 0
      vertex 10.5435 45.5284 0
    endloop
  endfacet
  facet normal -0.382529 -0.923943 0
    outer loop
      vertex 10.5435 45.5284 0
      vertex 11.05 45.3187 3.2
      vertex 10.5435 45.5284 3.2
    endloop
  endfacet
  facet normal -0.382529 -0.923943 -0
    outer loop
      vertex 11.05 45.3187 3.2
      vertex 10.5435 45.5284 0
      vertex 11.05 45.3187 0
    endloop
  endfacet
  facet normal 0.608847 0.793288 -0
    outer loop
      vertex 8.95 41.6813 0
      vertex 8.51508 42.0151 3.2
      vertex 8.95 41.6813 3.2
    endloop
  endfacet
  facet normal 0.608847 0.793288 0
    outer loop
      vertex 8.51508 42.0151 3.2
      vertex 8.95 41.6813 0
      vertex 8.51508 42.0151 0
    endloop
  endfacet
  facet normal -0.793274 -0.608864 0
    outer loop
      vertex 11.8187 44.55 0
      vertex 11.4849 44.9849 3.2
      vertex 11.4849 44.9849 0
    endloop
  endfacet
  facet normal -0.793274 -0.608864 0
    outer loop
      vertex 11.4849 44.9849 3.2
      vertex 11.8187 44.55 0
      vertex 11.8187 44.55 3.2
    endloop
  endfacet
  facet normal -0.793274 0.608864 0
    outer loop
      vertex 11.4849 42.0151 0
      vertex 11.8187 42.45 3.2
      vertex 11.8187 42.45 0
    endloop
  endfacet
  facet normal -0.793274 0.608864 0
    outer loop
      vertex 11.8187 42.45 3.2
      vertex 11.4849 42.0151 0
      vertex 11.4849 42.0151 3.2
    endloop
  endfacet
  facet normal -0.382529 0.923943 0
    outer loop
      vertex 11.05 41.6813 0
      vertex 10.5435 41.4716 3.2
      vertex 11.05 41.6813 3.2
    endloop
  endfacet
  facet normal -0.382529 0.923943 0
    outer loop
      vertex 10.5435 41.4716 3.2
      vertex 11.05 41.6813 0
      vertex 10.5435 41.4716 0
    endloop
  endfacet
  facet normal 0.793336 -0.608784 0
    outer loop
      vertex 8.18135 44.55 3.2
      vertex 8.51508 44.9849 0
      vertex 8.51508 44.9849 3.2
    endloop
  endfacet
  facet normal 0.793336 -0.608784 0
    outer loop
      vertex 8.51508 44.9849 0
      vertex 8.18135 44.55 3.2
      vertex 8.18135 44.55 0
    endloop
  endfacet
  facet normal 0.793336 0.608784 0
    outer loop
      vertex 8.51508 42.0151 3.2
      vertex 8.18135 42.45 0
      vertex 8.18135 42.45 3.2
    endloop
  endfacet
  facet normal 0.793336 0.608784 0
    outer loop
      vertex 8.18135 42.45 0
      vertex 8.51508 42.0151 3.2
      vertex 8.51508 42.0151 0
    endloop
  endfacet
  facet normal -0.991434 0.13061 0
    outer loop
      vertex 12.0284 42.9565 0
      vertex 12.1 43.5 3.2
      vertex 12.1 43.5 0
    endloop
  endfacet
  facet normal -0.991434 0.13061 0
    outer loop
      vertex 12.1 43.5 3.2
      vertex 12.0284 42.9565 0
      vertex 12.0284 42.9565 3.2
    endloop
  endfacet
  facet normal 0.130606 -0.991434 0
    outer loop
      vertex 9.45648 45.5284 0
      vertex 10 45.6 3.2
      vertex 9.45648 45.5284 3.2
    endloop
  endfacet
  facet normal 0.130606 -0.991434 0
    outer loop
      vertex 10 45.6 3.2
      vertex 9.45648 45.5284 0
      vertex 10 45.6 0
    endloop
  endfacet
  facet normal 0.923885 0.382669 0
    outer loop
      vertex 8.18135 42.45 3.2
      vertex 7.97156 42.9565 0
      vertex 7.97156 42.9565 3.2
    endloop
  endfacet
  facet normal 0.923885 0.382669 0
    outer loop
      vertex 7.97156 42.9565 0
      vertex 8.18135 42.45 3.2
      vertex 8.18135 42.45 0
    endloop
  endfacet
  facet normal 0.991443 0.130539 0
    outer loop
      vertex 7.97156 42.9565 3.2
      vertex 7.9 43.5 0
      vertex 7.9 43.5 3.2
    endloop
  endfacet
  facet normal 0.991443 0.130539 0
    outer loop
      vertex 7.9 43.5 0
      vertex 7.97156 42.9565 3.2
      vertex 7.97156 42.9565 0
    endloop
  endfacet
  facet normal -0.923943 0.382529 0
    outer loop
      vertex 11.8187 42.45 0
      vertex 12.0284 42.9565 3.2
      vertex 12.0284 42.9565 0
    endloop
  endfacet
  facet normal -0.923943 0.382529 0
    outer loop
      vertex 12.0284 42.9565 3.2
      vertex 11.8187 42.45 0
      vertex 11.8187 42.45 3.2
    endloop
  endfacet
  facet normal 0.382542 0.923938 -0
    outer loop
      vertex 9.45648 41.4716 0
      vertex 8.95 41.6813 3.2
      vertex 9.45648 41.4716 3.2
    endloop
  endfacet
  facet normal 0.382542 0.923938 0
    outer loop
      vertex 8.95 41.6813 3.2
      vertex 9.45648 41.4716 0
      vertex 8.95 41.6813 0
    endloop
  endfacet
  facet normal 0 0 -1
    outer loop
      vertex 11.2 43.5 3.2
      vertex 12.1 43.5 3.2
      vertex 12.0284 42.9565 3.2
    endloop
  endfacet
  facet normal 0 0 -1
    outer loop
      vertex 11.1591 43.1894 3.2
      vertex 12.0284 42.9565 3.2
      vertex 11.8187 42.45 3.2
    endloop
  endfacet
  facet normal 0 0 -1
    outer loop
      vertex 12.1 43.5 3.2
      vertex 11.2 43.5 3.2
      vertex 12.0284 44.0435 3.2
    endloop
  endfacet
  facet normal 0 0 -1
    outer loop
      vertex 11.0392 42.9 3.2
      vertex 11.8187 42.45 3.2
      vertex 11.4849 42.0151 3.2
    endloop
  endfacet
  facet normal 0 0 -1
    outer loop
      vertex 11.1591 43.8106 3.2
      vertex 12.0284 44.0435 3.2
      vertex 11.2 43.5 3.2
    endloop
  endfacet
  facet normal -0 0 -1
    outer loop
      vertex 12.0284 44.0435 3.2
      vertex 11.1591 43.8106 3.2
      vertex 11.8187 44.55 3.2
    endloop
  endfacet
  facet normal 0 0 -1
    outer loop
      vertex 12.0284 42.9565 3.2
      vertex 11.1591 43.1894 3.2
      vertex 11.2 43.5 3.2
    endloop
  endfacet
  facet normal 0 0 -1
    outer loop
      vertex 10.8485 42.6515 3.2
      vertex 11.4849 42.0151 3.2
      vertex 11.05 41.6813 3.2
    endloop
  endfacet
  facet normal 0 0 -1
    outer loop
      vertex 11.8187 42.45 3.2
      vertex 11.0392 42.9 3.2
      vertex 11.1591 43.1894 3.2
    endloop
  endfacet
  facet normal 0 0 -1
    outer loop
      vertex 11.4849 42.0151 3.2
      vertex 10.8485 42.6515 3.2
      vertex 11.0392 42.9 3.2
    endloop
  endfacet
  facet normal 0 0 -1
    outer loop
      vertex 11.05 41.6813 3.2
      vertex 10.6 42.4608 3.2
      vertex 10.8485 42.6515 3.2
    endloop
  endfacet
  facet normal 0 0 -1
    outer loop
      vertex 10.5435 41.4716 3.2
      vertex 10.6 42.4608 3.2
      vertex 11.05 41.6813 3.2
    endloop
  endfacet
  facet normal 0 0 -1
    outer loop
      vertex 10.5435 41.4716 3.2
      vertex 10.3106 42.3409 3.2
      vertex 10.6 42.4608 3.2
    endloop
  endfacet
  facet normal 0 0 -1
    outer loop
      vertex 10 41.4 3.2
      vertex 10.3106 42.3409 3.2
      vertex 10.5435 41.4716 3.2
    endloop
  endfacet
  facet normal 0 0 -1
    outer loop
      vertex 10 41.4 3.2
      vertex 10 42.3 3.2
      vertex 10.3106 42.3409 3.2
    endloop
  endfacet
  facet normal 0 0 -1
    outer loop
      vertex 10 41.4 3.2
      vertex 9.68942 42.3409 3.2
      vertex 10 42.3 3.2
    endloop
  endfacet
  facet normal 0 0 -1
    outer loop
      vertex 9.45648 41.4716 3.2
      vertex 9.68942 42.3409 3.2
      vertex 10 41.4 3.2
    endloop
  endfacet
  facet normal 0 0 -1
    outer loop
      vertex 9.45648 41.4716 3.2
      vertex 9.4 42.4608 3.2
      vertex 9.68942 42.3409 3.2
    endloop
  endfacet
  facet normal 0 0 -1
    outer loop
      vertex 8.95 41.6813 3.2
      vertex 9.4 42.4608 3.2
      vertex 9.45648 41.4716 3.2
    endloop
  endfacet
  facet normal -0 0 -1
    outer loop
      vertex 9.4 42.4608 3.2
      vertex 8.95 41.6813 3.2
      vertex 9.15147 42.6515 3.2
    endloop
  endfacet
  facet normal 0 0 -1
    outer loop
      vertex 8.51508 42.0151 3.2
      vertex 9.15147 42.6515 3.2
      vertex 8.95 41.6813 3.2
    endloop
  endfacet
  facet normal -0 0 -1
    outer loop
      vertex 9.15147 42.6515 3.2
      vertex 8.51508 42.0151 3.2
      vertex 8.96077 42.9 3.2
    endloop
  endfacet
  facet normal 0 0 -1
    outer loop
      vertex 8.18135 42.45 3.2
      vertex 8.96077 42.9 3.2
      vertex 8.51508 42.0151 3.2
    endloop
  endfacet
  facet normal -0 0 -1
    outer loop
      vertex 8.96077 42.9 3.2
      vertex 8.18135 42.45 3.2
      vertex 8.84089 43.1894 3.2
    endloop
  endfacet
  facet normal 0 0 -1
    outer loop
      vertex 11.0392 44.1 3.2
      vertex 11.8187 44.55 3.2
      vertex 11.1591 43.8106 3.2
    endloop
  endfacet
  facet normal -0 0 -1
    outer loop
      vertex 11.8187 44.55 3.2
      vertex 11.0392 44.1 3.2
      vertex 11.4849 44.9849 3.2
    endloop
  endfacet
  facet normal 0 0 -1
    outer loop
      vertex 10.8485 44.3485 3.2
      vertex 11.4849 44.9849 3.2
      vertex 11.0392 44.1 3.2
    endloop
  endfacet
  facet normal -0 0 -1
    outer loop
      vertex 11.4849 44.9849 3.2
      vertex 10.8485 44.3485 3.2
      vertex 11.05 45.3187 3.2
    endloop
  endfacet
  facet normal 0 0 -1
    outer loop
      vertex 10.6 44.5392 3.2
      vertex 11.05 45.3187 3.2
      vertex 10.8485 44.3485 3.2
    endloop
  endfacet
  facet normal 0 0 -1
    outer loop
      vertex 10.6 44.5392 3.2
      vertex 10.5435 45.5284 3.2
      vertex 11.05 45.3187 3.2
    endloop
  endfacet
  facet normal 0 0 -1
    outer loop
      vertex 10.3106 44.6591 3.2
      vertex 10.5435 45.5284 3.2
      vertex 10.6 44.5392 3.2
    endloop
  endfacet
  facet normal 0 0 -1
    outer loop
      vertex 10 44.7 3.2
      vertex 10.5435 45.5284 3.2
      vertex 10.3106 44.6591 3.2
    endloop
  endfacet
  facet normal 0 0 -1
    outer loop
      vertex 10 44.7 3.2
      vertex 10 45.6 3.2
      vertex 10.5435 45.5284 3.2
    endloop
  endfacet
  facet normal 0 0 -1
    outer loop
      vertex 9.68942 44.6591 3.2
      vertex 10 45.6 3.2
      vertex 10 44.7 3.2
    endloop
  endfacet
  facet normal 0 0 -1
    outer loop
      vertex 9.68942 44.6591 3.2
      vertex 9.45648 45.5284 3.2
      vertex 10 45.6 3.2
    endloop
  endfacet
  facet normal 0 0 -1
    outer loop
      vertex 9.4 44.5392 3.2
      vertex 9.45648 45.5284 3.2
      vertex 9.68942 44.6591 3.2
    endloop
  endfacet
  facet normal 0 0 -1
    outer loop
      vertex 8.95 45.3187 3.2
      vertex 9.4 44.5392 3.2
      vertex 9.15147 44.3485 3.2
    endloop
  endfacet
  facet normal 0 0 -1
    outer loop
      vertex 8.51508 44.9849 3.2
      vertex 9.15147 44.3485 3.2
      vertex 8.96077 44.1 3.2
    endloop
  endfacet
  facet normal 0 0 -1
    outer loop
      vertex 9.4 44.5392 3.2
      vertex 8.95 45.3187 3.2
      vertex 9.45648 45.5284 3.2
    endloop
  endfacet
  facet normal 0 0 -1
    outer loop
      vertex 8.18135 44.55 3.2
      vertex 8.96077 44.1 3.2
      vertex 8.84089 43.8106 3.2
    endloop
  endfacet
  facet normal 0 0 -1
    outer loop
      vertex 7.97156 44.0435 3.2
      vertex 8.84089 43.8106 3.2
      vertex 8.8 43.5 3.2
    endloop
  endfacet
  facet normal 0 0 -1
    outer loop
      vertex 7.97156 42.9565 3.2
      vertex 8.84089 43.1894 3.2
      vertex 8.18135 42.45 3.2
    endloop
  endfacet
  facet normal 0 0 -1
    outer loop
      vertex 9.15147 44.3485 3.2
      vertex 8.51508 44.9849 3.2
      vertex 8.95 45.3187 3.2
    endloop
  endfacet
  facet normal -0 0 -1
    outer loop
      vertex 8.84089 43.1894 3.2
      vertex 7.97156 42.9565 3.2
      vertex 8.8 43.5 3.2
    endloop
  endfacet
  facet normal 0 0 -1
    outer loop
      vertex 8.96077 44.1 3.2
      vertex 8.18135 44.55 3.2
      vertex 8.51508 44.9849 3.2
    endloop
  endfacet
  facet normal 0 0 -1
    outer loop
      vertex 7.9 43.5 3.2
      vertex 8.8 43.5 3.2
      vertex 7.97156 42.9565 3.2
    endloop
  endfacet
  facet normal 0 0 -1
    outer loop
      vertex 8.84089 43.8106 3.2
      vertex 7.97156 44.0435 3.2
      vertex 8.18135 44.55 3.2
    endloop
  endfacet
  facet normal 0 0 -1
    outer loop
      vertex 8.8 43.5 3.2
      vertex 7.9 43.5 3.2
      vertex 7.97156 44.0435 3.2
    endloop
  endfacet
  facet normal -0.13061 0.991434 0
    outer loop
      vertex 10.5435 41.4716 0
      vertex 10 41.4 3.2
      vertex 10.5435 41.4716 3.2
    endloop
  endfacet
  facet normal -0.13061 0.991434 0
    outer loop
      vertex 10 41.4 3.2
      vertex 10.5435 41.4716 0
      vertex 10 41.4 0
    endloop
  endfacet
  facet normal 0.923885 -0.382669 0
    outer loop
      vertex 7.97156 44.0435 3.2
      vertex 8.18135 44.55 0
      vertex 8.18135 44.55 3.2
    endloop
  endfacet
  facet normal 0.923885 -0.382669 0
    outer loop
      vertex 8.18135 44.55 0
      vertex 7.97156 44.0435 3.2
      vertex 7.97156 44.0435 0
    endloop
  endfacet
  facet normal 0.991443 -0.130539 0
    outer loop
      vertex 7.9 43.5 3.2
      vertex 7.97156 44.0435 0
      vertex 7.97156 44.0435 3.2
    endloop
  endfacet
  facet normal 0.991443 -0.130539 0
    outer loop
      vertex 7.97156 44.0435 0
      vertex 7.9 43.5 3.2
      vertex 7.9 43.5 0
    endloop
  endfacet
  facet normal -0.923891 -0.382656 0
    outer loop
      vertex -12.1681 38.6176 0
      vertex -12.3679 39.1 5
      vertex -12.3679 39.1 0
    endloop
  endfacet
  facet normal -0.923891 -0.382656 0
    outer loop
      vertex -12.3679 39.1 5
      vertex -12.1681 38.6176 0
      vertex -12.1681 38.6176 5
    endloop
  endfacet
  facet normal -0.991456 -0.130445 0
    outer loop
      vertex -12.1 38.1 0
      vertex -12.1681 38.6176 5
      vertex -12.1681 38.6176 0
    endloop
  endfacet
  facet normal -0.991456 -0.130445 0
    outer loop
      vertex -12.1681 38.6176 5
      vertex -12.1 38.1 0
      vertex -12.1 38.1 5
    endloop
  endfacet
  facet normal -0.793286 -0.60885 0
    outer loop
      vertex -12.3679 39.1 0
      vertex -12.6858 39.5142 5
      vertex -12.6858 39.5142 0
    endloop
  endfacet
  facet normal -0.793286 -0.60885 0
    outer loop
      vertex -12.6858 39.5142 5
      vertex -12.3679 39.1 0
      vertex -12.3679 39.1 5
    endloop
  endfacet
  facet normal 0.60885 -0.793286 0
    outer loop
      vertex -15.5142 39.5142 0
      vertex -15.1 39.8321 5
      vertex -15.5142 39.5142 5
    endloop
  endfacet
  facet normal 0.60885 -0.793286 0
    outer loop
      vertex -15.1 39.8321 5
      vertex -15.5142 39.5142 0
      vertex -15.1 39.8321 0
    endloop
  endfacet
  facet normal -0.991456 0.130445 0
    outer loop
      vertex -12.1681 37.5824 0
      vertex -12.1 38.1 5
      vertex -12.1 38.1 0
    endloop
  endfacet
  facet normal -0.991456 0.130445 0
    outer loop
      vertex -12.1 38.1 5
      vertex -12.1681 37.5824 0
      vertex -12.1681 37.5824 5
    endloop
  endfacet
  facet normal -0.608729 0.793378 0
    outer loop
      vertex -12.6858 36.6858 0
      vertex -13.1 36.368 5
      vertex -12.6858 36.6858 5
    endloop
  endfacet
  facet normal -0.608729 0.793378 0
    outer loop
      vertex -13.1 36.368 5
      vertex -12.6858 36.6858 0
      vertex -13.1 36.368 0
    endloop
  endfacet
  facet normal -0.793286 0.60885 0
    outer loop
      vertex -12.6858 36.6858 0
      vertex -12.3679 37.1 5
      vertex -12.3679 37.1 0
    endloop
  endfacet
  facet normal -0.793286 0.60885 0
    outer loop
      vertex -12.3679 37.1 5
      vertex -12.6858 36.6858 0
      vertex -12.6858 36.6858 5
    endloop
  endfacet
  facet normal 0.608729 0.793378 -0
    outer loop
      vertex -15.1 36.368 0
      vertex -15.5142 36.6858 5
      vertex -15.1 36.368 5
    endloop
  endfacet
  facet normal 0.608729 0.793378 0
    outer loop
      vertex -15.5142 36.6858 5
      vertex -15.1 36.368 0
      vertex -15.5142 36.6858 0
    endloop
  endfacet
  facet normal 0.38282 0.923823 -0
    outer loop
      vertex -14.6176 36.1681 0
      vertex -15.1 36.368 5
      vertex -14.6176 36.1681 5
    endloop
  endfacet
  facet normal 0.38282 0.923823 0
    outer loop
      vertex -15.1 36.368 5
      vertex -14.6176 36.1681 0
      vertex -15.1 36.368 0
    endloop
  endfacet
  facet normal 0.991456 -0.130445 0
    outer loop
      vertex -16.1 38.1 5
      vertex -16.0319 38.6176 0
      vertex -16.0319 38.6176 5
    endloop
  endfacet
  facet normal 0.991456 -0.130445 0
    outer loop
      vertex -16.0319 38.6176 0
      vertex -16.1 38.1 5
      vertex -16.1 38.1 0
    endloop
  endfacet
  facet normal -0.60885 -0.793286 0
    outer loop
      vertex -13.1 39.8321 0
      vertex -12.6858 39.5142 5
      vertex -13.1 39.8321 5
    endloop
  endfacet
  facet normal -0.60885 -0.793286 -0
    outer loop
      vertex -12.6858 39.5142 5
      vertex -13.1 39.8321 0
      vertex -12.6858 39.5142 0
    endloop
  endfacet
  facet normal 0.382656 -0.923891 0
    outer loop
      vertex -15.1 39.8321 0
      vertex -14.6176 40.0319 5
      vertex -15.1 39.8321 5
    endloop
  endfacet
  facet normal 0.382656 -0.923891 0
    outer loop
      vertex -14.6176 40.0319 5
      vertex -15.1 39.8321 0
      vertex -14.6176 40.0319 0
    endloop
  endfacet
  facet normal 0.793286 0.60885 0
    outer loop
      vertex -15.5142 36.6858 5
      vertex -15.8321 37.1 0
      vertex -15.8321 37.1 5
    endloop
  endfacet
  facet normal 0.793286 0.60885 0
    outer loop
      vertex -15.8321 37.1 0
      vertex -15.5142 36.6858 5
      vertex -15.5142 36.6858 0
    endloop
  endfacet
  facet normal 0.923891 -0.382656 0
    outer loop
      vertex -16.0319 38.6176 5
      vertex -15.8321 39.1 0
      vertex -15.8321 39.1 5
    endloop
  endfacet
  facet normal 0.923891 -0.382656 0
    outer loop
      vertex -15.8321 39.1 0
      vertex -16.0319 38.6176 5
      vertex -16.0319 38.6176 0
    endloop
  endfacet
  facet normal -0.130445 0.991456 0
    outer loop
      vertex -13.5824 36.1681 0
      vertex -14.1 36.1 5
      vertex -13.5824 36.1681 5
    endloop
  endfacet
  facet normal -0.130445 0.991456 0
    outer loop
      vertex -14.1 36.1 5
      vertex -13.5824 36.1681 0
      vertex -14.1 36.1 0
    endloop
  endfacet
  facet normal 0.130445 -0.991456 0
    outer loop
      vertex -14.6176 40.0319 0
      vertex -14.1 40.1 5
      vertex -14.6176 40.0319 5
    endloop
  endfacet
  facet normal 0.130445 -0.991456 0
    outer loop
      vertex -14.1 40.1 5
      vertex -14.6176 40.0319 0
      vertex -14.1 40.1 0
    endloop
  endfacet
  facet normal 0.793286 -0.60885 0
    outer loop
      vertex -15.8321 39.1 5
      vertex -15.5142 39.5142 0
      vertex -15.5142 39.5142 5
    endloop
  endfacet
  facet normal 0.793286 -0.60885 0
    outer loop
      vertex -15.5142 39.5142 0
      vertex -15.8321 39.1 5
      vertex -15.8321 39.1 0
    endloop
  endfacet
  facet normal -0.923891 0.382656 0
    outer loop
      vertex -12.3679 37.1 0
      vertex -12.1681 37.5824 5
      vertex -12.1681 37.5824 0
    endloop
  endfacet
  facet normal -0.923891 0.382656 0
    outer loop
      vertex -12.1681 37.5824 5
      vertex -12.3679 37.1 0
      vertex -12.3679 37.1 5
    endloop
  endfacet
  facet normal 0.130445 0.991456 -0
    outer loop
      vertex -14.1 36.1 0
      vertex -14.6176 36.1681 5
      vertex -14.1 36.1 5
    endloop
  endfacet
  facet normal 0.130445 0.991456 0
    outer loop
      vertex -14.6176 36.1681 5
      vertex -14.1 36.1 0
      vertex -14.6176 36.1681 0
    endloop
  endfacet
  facet normal 0.923891 0.382656 0
    outer loop
      vertex -15.8321 37.1 5
      vertex -16.0319 37.5824 0
      vertex -16.0319 37.5824 5
    endloop
  endfacet
  facet normal 0.923891 0.382656 0
    outer loop
      vertex -16.0319 37.5824 0
      vertex -15.8321 37.1 5
      vertex -15.8321 37.1 0
    endloop
  endfacet
  facet normal 0.991456 0.130445 0
    outer loop
      vertex -16.0319 37.5824 5
      vertex -16.1 38.1 0
      vertex -16.1 38.1 5
    endloop
  endfacet
  facet normal 0.991456 0.130445 0
    outer loop
      vertex -16.1 38.1 0
      vertex -16.0319 37.5824 5
      vertex -16.0319 37.5824 0
    endloop
  endfacet
  facet normal -0.38282 0.923823 0
    outer loop
      vertex -13.1 36.368 0
      vertex -13.5824 36.1681 5
      vertex -13.1 36.368 5
    endloop
  endfacet
  facet normal -0.38282 0.923823 0
    outer loop
      vertex -13.5824 36.1681 5
      vertex -13.1 36.368 0
      vertex -13.5824 36.1681 0
    endloop
  endfacet
  facet normal -0.130445 -0.991456 0
    outer loop
      vertex -14.1 40.1 0
      vertex -13.5824 40.0319 5
      vertex -14.1 40.1 5
    endloop
  endfacet
  facet normal -0.130445 -0.991456 -0
    outer loop
      vertex -13.5824 40.0319 5
      vertex -14.1 40.1 0
      vertex -13.5824 40.0319 0
    endloop
  endfacet
  facet normal 0 0 -1
    outer loop
      vertex 22 48 0
      vertex 12.0284 42.9565 0
      vertex 12.1 43.5 0
    endloop
  endfacet
  facet normal 0 0 -1
    outer loop
      vertex 8.95 41.6813 0
      vertex 12.4787 30.0013 0
      vertex 12.0019 29.38 0
    endloop
  endfacet
  facet normal 0 0 -1
    outer loop
      vertex 13.1 30.4781 0
      vertex 11.8187 42.45 0
      vertex 12.0284 42.9565 0
    endloop
  endfacet
  facet normal 0 0 -1
    outer loop
      vertex 1.75 44 0
      vertex 12.0019 29.38 0
      vertex 11.7022 28.6565 0
    endloop
  endfacet
  facet normal 0 0 -1
    outer loop
      vertex -11.7022 28.6565 0
      vertex 11.7022 28.6565 0
      vertex 11.6 27.88 0
    endloop
  endfacet
  facet normal 0 0 -1
    outer loop
      vertex 13.1 30.4781 0
      vertex 11.4849 42.0151 0
      vertex 11.8187 42.45 0
    endloop
  endfacet
  facet normal 0 0 -1
    outer loop
      vertex 22 3 0
      vertex 17.6 27.88 0
      vertex 22 48 0
    endloop
  endfacet
  facet normal 0 0 -1
    outer loop
      vertex 22 3 0
      vertex 17.4978 27.1035 0
      vertex 17.6 27.88 0
    endloop
  endfacet
  facet normal 0 0 -1
    outer loop
      vertex 22 3 0
      vertex 17.1981 26.38 0
      vertex 17.4978 27.1035 0
    endloop
  endfacet
  facet normal 0 0 -1
    outer loop
      vertex 16.0319 10.4176 0
      vertex 17.1981 26.38 0
      vertex 22 3 0
    endloop
  endfacet
  facet normal 0 0 -1
    outer loop
      vertex 15.8321 10.9 0
      vertex 17.1981 26.38 0
      vertex 16.0319 10.4176 0
    endloop
  endfacet
  facet normal 0 0 -1
    outer loop
      vertex 16.0319 10.4176 0
      vertex 22 3 0
      vertex 16.1 9.9 0
    endloop
  endfacet
  facet normal 0 0 -1
    outer loop
      vertex 22 3 0
      vertex 16.0319 9.38236 0
      vertex 16.1 9.9 0
    endloop
  endfacet
  facet normal 0 0 -1
    outer loop
      vertex 22 3 0
      vertex 15.8321 8.9 0
      vertex 16.0319 9.38236 0
    endloop
  endfacet
  facet normal 0 0 -1
    outer loop
      vertex 22 3 0
      vertex 15.5142 8.48579 0
      vertex 15.8321 8.9 0
    endloop
  endfacet
  facet normal 0 0 -1
    outer loop
      vertex 22 3 0
      vertex 15.1 8.16795 0
      vertex 15.5142 8.48579 0
    endloop
  endfacet
  facet normal 0 0 -1
    outer loop
      vertex 22 3 0
      vertex 14.6176 7.96815 0
      vertex 15.1 8.16795 0
    endloop
  endfacet
  facet normal 0 0 -1
    outer loop
      vertex 22 3 0
      vertex 14.1 7.9 0
      vertex 14.6176 7.96815 0
    endloop
  endfacet
  facet normal 0 0 -1
    outer loop
      vertex 22 3 0
      vertex 13.5824 7.96815 0
      vertex 14.1 7.9 0
    endloop
  endfacet
  facet normal 0 0 -1
    outer loop
      vertex 22 3 0
      vertex 13.1 8.16795 0
      vertex 13.5824 7.96815 0
    endloop
  endfacet
  facet normal 0 0 -1
    outer loop
      vertex 12.1681 10.4176 0
      vertex 11.7022 27.1035 0
      vertex 12.0019 26.38 0
    endloop
  endfacet
  facet normal 0 0 -1
    outer loop
      vertex 12.1681 10.4176 0
      vertex -12.0019 26.38 0
      vertex 11.7022 27.1035 0
    endloop
  endfacet
  facet normal 0 0 -1
    outer loop
      vertex 13.1 30.4781 0
      vertex 11.05 41.6813 0
      vertex 11.4849 42.0151 0
    endloop
  endfacet
  facet normal 0 -0 -1
    outer loop
      vertex -11.7022 27.1035 0
      vertex 11.7022 27.1035 0
      vertex -12.0019 26.38 0
    endloop
  endfacet
  facet normal 0 0 -1
    outer loop
      vertex 13.1 30.4781 0
      vertex 10.5435 41.4716 0
      vertex 11.05 41.6813 0
    endloop
  endfacet
  facet normal 0 0 -1
    outer loop
      vertex 13.1 30.4781 0
      vertex 10 41.4 0
      vertex 10.5435 41.4716 0
    endloop
  endfacet
  facet normal 0 0 -1
    outer loop
      vertex 12.4787 30.0013 0
      vertex 9.45648 41.4716 0
      vertex 10 41.4 0
    endloop
  endfacet
  facet normal 0 0 -1
    outer loop
      vertex -11.7022 28.6565 0
      vertex 11.6 27.88 0
      vertex -11.6 27.88 0
    endloop
  endfacet
  facet normal 0 0 -1
    outer loop
      vertex 12.4787 30.0013 0
      vertex 8.95 41.6813 0
      vertex 9.45648 41.4716 0
    endloop
  endfacet
  facet normal 0 0 -1
    outer loop
      vertex 11.7022 28.6565 0
      vertex -11.7022 28.6565 0
      vertex 1.75 44 0
    endloop
  endfacet
  facet normal 0 0 -1
    outer loop
      vertex 12.0019 29.38 0
      vertex 1.75 44 0
      vertex 8.95 41.6813 0
    endloop
  endfacet
  facet normal 0 0 -1
    outer loop
      vertex 8.95 41.6813 0
      vertex 1.75 44 0
      vertex 8.51508 42.0151 0
    endloop
  endfacet
  facet normal 0 0 -1
    outer loop
      vertex 8.18135 42.45 0
      vertex 3.25 44 0
      vertex 7.97156 42.9565 0
    endloop
  endfacet
  facet normal 0 0 -1
    outer loop
      vertex -22 3 0
      vertex 12.1 9.9 0
      vertex 12.1681 9.38236 0
    endloop
  endfacet
  facet normal 0 0 -1
    outer loop
      vertex 7.97156 42.9565 0
      vertex 3.25 44 0
      vertex 7.9 43.5 0
    endloop
  endfacet
  facet normal 0 0 -1
    outer loop
      vertex 1.75 44 0
      vertex -1.75 44 0
      vertex 1.75 47 0
    endloop
  endfacet
  facet normal 0 0 -1
    outer loop
      vertex 8.51508 42.0151 0
      vertex 3.25 44 0
      vertex 8.18135 42.45 0
    endloop
  endfacet
  facet normal -0 -0 -1
    outer loop
      vertex 3.25 44 0
      vertex 8.51508 42.0151 0
      vertex 1.75 44 0
    endloop
  endfacet
  facet normal 0 0 -1
    outer loop
      vertex -22 3 0
      vertex 12.1681 9.38236 0
      vertex 12.3679 8.9 0
    endloop
  endfacet
  facet normal 0 0 -1
    outer loop
      vertex -7.97156 44.0435 0
      vertex -3.25 44 0
      vertex -7.9 43.5 0
    endloop
  endfacet
  facet normal -0 0 -1
    outer loop
      vertex 1.75 44 0
      vertex -11.7022 28.6565 0
      vertex -1.75 44 0
    endloop
  endfacet
  facet normal 0 0 -1
    outer loop
      vertex -3.25 44 0
      vertex -7.97156 42.9565 0
      vertex -7.9 43.5 0
    endloop
  endfacet
  facet normal 0 0 -1
    outer loop
      vertex -3.25 44 0
      vertex -8.18135 42.45 0
      vertex -7.97156 42.9565 0
    endloop
  endfacet
  facet normal 0 0 -1
    outer loop
      vertex -12.0019 29.38 0
      vertex -1.75 44 0
      vertex -11.7022 28.6565 0
    endloop
  endfacet
  facet normal 0 -0 -1
    outer loop
      vertex -8.51508 42.0151 0
      vertex -1.75 44 0
      vertex -12.0019 29.38 0
    endloop
  endfacet
  facet normal 0 0 -1
    outer loop
      vertex -3.25 44 0
      vertex -8.51508 42.0151 0
      vertex -8.18135 42.45 0
    endloop
  endfacet
  facet normal 0 0 -1
    outer loop
      vertex -8.51508 42.0151 0
      vertex -12.0019 29.38 0
      vertex -8.95 41.6813 0
    endloop
  endfacet
  facet normal 0 0 -1
    outer loop
      vertex -12.1681 37.5824 0
      vertex -8.95 41.6813 0
      vertex -12.0019 29.38 0
    endloop
  endfacet
  facet normal 0 0 -1
    outer loop
      vertex -8.95 41.6813 0
      vertex -12.1681 37.5824 0
      vertex -9.45648 41.4716 0
    endloop
  endfacet
  facet normal 0 0 -1
    outer loop
      vertex -9.45648 41.4716 0
      vertex -12.1 38.1 0
      vertex -10 41.4 0
    endloop
  endfacet
  facet normal -0 0 -1
    outer loop
      vertex -1.75 44 0
      vertex -8.51508 42.0151 0
      vertex -3.25 44 0
    endloop
  endfacet
  facet normal 0 0 -1
    outer loop
      vertex -22 3 0
      vertex 12.3679 8.9 0
      vertex 12.6858 8.48579 0
    endloop
  endfacet
  facet normal -0 0 -1
    outer loop
      vertex 11.6 27.88 0
      vertex -11.7022 27.1035 0
      vertex -11.6 27.88 0
    endloop
  endfacet
  facet normal 0 0 -1
    outer loop
      vertex -22 3 0
      vertex 12.6858 8.48579 0
      vertex 13.1 8.16795 0
    endloop
  endfacet
  facet normal 0 0 -1
    outer loop
      vertex 11.7022 27.1035 0
      vertex -11.7022 27.1035 0
      vertex 11.6 27.88 0
    endloop
  endfacet
  facet normal 0 0 -1
    outer loop
      vertex 12.1681 10.4176 0
      vertex -12.4787 25.7587 0
      vertex -12.0019 26.38 0
    endloop
  endfacet
  facet normal 0 0 -1
    outer loop
      vertex 12.1681 10.4176 0
      vertex -13.1 25.2819 0
      vertex -12.4787 25.7587 0
    endloop
  endfacet
  facet normal -0 0 -1
    outer loop
      vertex 12.1 9.9 0
      vertex -22 3 0
      vertex -13.1 25.2819 0
    endloop
  endfacet
  facet normal 0 0 -1
    outer loop
      vertex -13.1 25.2819 0
      vertex -22 3 0
      vertex -13.8235 24.9822 0
    endloop
  endfacet
  facet normal 0 0 -1
    outer loop
      vertex -13.8235 24.9822 0
      vertex -22 3 0
      vertex -14.6 24.88 0
    endloop
  endfacet
  facet normal -0 0 -1
    outer loop
      vertex -14.6 24.88 0
      vertex -22 3 0
      vertex -15.3765 24.9822 0
    endloop
  endfacet
  facet normal -0 0 -1
    outer loop
      vertex -17.4978 27.1035 0
      vertex -22 3 0
      vertex -17.6 27.88 0
    endloop
  endfacet
  facet normal -0 0 -1
    outer loop
      vertex -17.1981 26.38 0
      vertex -22 3 0
      vertex -17.4978 27.1035 0
    endloop
  endfacet
  facet normal -0 0 -1
    outer loop
      vertex -16.7213 25.7587 0
      vertex -22 3 0
      vertex -17.1981 26.38 0
    endloop
  endfacet
  facet normal -0 0 -1
    outer loop
      vertex -16.1 25.2819 0
      vertex -22 3 0
      vertex -16.7213 25.7587 0
    endloop
  endfacet
  facet normal -0 0 -1
    outer loop
      vertex -15.3765 24.9822 0
      vertex -22 3 0
      vertex -16.1 25.2819 0
    endloop
  endfacet
  facet normal 0 0 -1
    outer loop
      vertex -22 3 0
      vertex 13.1 8.16795 0
      vertex 22 3 0
    endloop
  endfacet
  facet normal 0 0 -1
    outer loop
      vertex 17.4978 28.6565 0
      vertex 22 48 0
      vertex 17.6 27.88 0
    endloop
  endfacet
  facet normal 0 0 -1
    outer loop
      vertex 17.1981 29.38 0
      vertex 22 48 0
      vertex 17.4978 28.6565 0
    endloop
  endfacet
  facet normal 0 0 -1
    outer loop
      vertex 16.7213 30.0013 0
      vertex 22 48 0
      vertex 17.1981 29.38 0
    endloop
  endfacet
  facet normal 0 0 -1
    outer loop
      vertex 16.1 30.4781 0
      vertex 22 48 0
      vertex 16.7213 30.0013 0
    endloop
  endfacet
  facet normal 0 0 -1
    outer loop
      vertex 12.0284 42.9565 0
      vertex 16.1 30.4781 0
      vertex 15.3765 30.7778 0
    endloop
  endfacet
  facet normal 0 0 -1
    outer loop
      vertex 12.0284 42.9565 0
      vertex 15.3765 30.7778 0
      vertex 14.6 30.88 0
    endloop
  endfacet
  facet normal 0 0 -1
    outer loop
      vertex 12.0284 42.9565 0
      vertex 14.6 30.88 0
      vertex 13.8235 30.7778 0
    endloop
  endfacet
  facet normal 0 0 -1
    outer loop
      vertex 12.0284 42.9565 0
      vertex 13.8235 30.7778 0
      vertex 13.1 30.4781 0
    endloop
  endfacet
  facet normal 0 0 -1
    outer loop
      vertex 10 41.4 0
      vertex 13.1 30.4781 0
      vertex 12.4787 30.0013 0
    endloop
  endfacet
  facet normal 0 0 -1
    outer loop
      vertex 12.0284 42.9565 0
      vertex 22 48 0
      vertex 16.1 30.4781 0
    endloop
  endfacet
  facet normal 0 0 -1
    outer loop
      vertex 12.0284 44.0435 0
      vertex 22 48 0
      vertex 12.1 43.5 0
    endloop
  endfacet
  facet normal 0 0 -1
    outer loop
      vertex 11.8187 44.55 0
      vertex 22 48 0
      vertex 12.0284 44.0435 0
    endloop
  endfacet
  facet normal 0 0 -1
    outer loop
      vertex 11.4849 44.9849 0
      vertex 22 48 0
      vertex 11.8187 44.55 0
    endloop
  endfacet
  facet normal 0 0 -1
    outer loop
      vertex 11.05 45.3187 0
      vertex 22 48 0
      vertex 11.4849 44.9849 0
    endloop
  endfacet
  facet normal 0 0 -1
    outer loop
      vertex 10.5435 45.5284 0
      vertex 22 48 0
      vertex 11.05 45.3187 0
    endloop
  endfacet
  facet normal 0 0 -1
    outer loop
      vertex 10 45.6 0
      vertex 22 48 0
      vertex 10.5435 45.5284 0
    endloop
  endfacet
  facet normal 0 0 -1
    outer loop
      vertex 3.25 47 0
      vertex 10 45.6 0
      vertex 9.45648 45.5284 0
    endloop
  endfacet
  facet normal 0 0 -1
    outer loop
      vertex 3.25 44 0
      vertex 7.97156 44.0435 0
      vertex 7.9 43.5 0
    endloop
  endfacet
  facet normal 0 0 -1
    outer loop
      vertex 3.25 44 0
      vertex 8.18135 44.55 0
      vertex 7.97156 44.0435 0
    endloop
  endfacet
  facet normal 0 0 -1
    outer loop
      vertex 3.25 47 0
      vertex 8.18135 44.55 0
      vertex 3.25 44 0
    endloop
  endfacet
  facet normal 0 0 -1
    outer loop
      vertex 8.18135 44.55 0
      vertex 3.25 47 0
      vertex 8.51508 44.9849 0
    endloop
  endfacet
  facet normal 0 0 -1
    outer loop
      vertex 8.51508 44.9849 0
      vertex 3.25 47 0
      vertex 8.95 45.3187 0
    endloop
  endfacet
  facet normal 0 0 -1
    outer loop
      vertex 8.95 45.3187 0
      vertex 3.25 47 0
      vertex 9.45648 45.5284 0
    endloop
  endfacet
  facet normal 0 0 -1
    outer loop
      vertex 10 45.6 0
      vertex 3.25 47 0
      vertex 22 48 0
    endloop
  endfacet
  facet normal 0 0 -1
    outer loop
      vertex 1.75 47 0
      vertex 22 48 0
      vertex 3.25 47 0
    endloop
  endfacet
  facet normal 0 0 -1
    outer loop
      vertex -1.75 47 0
      vertex 1.75 47 0
      vertex -1.75 44 0
    endloop
  endfacet
  facet normal 0 0 -1
    outer loop
      vertex -1.75 47 0
      vertex 22 48 0
      vertex 1.75 47 0
    endloop
  endfacet
  facet normal 0 0 -1
    outer loop
      vertex -22 48 0
      vertex -1.75 47 0
      vertex -3.25 47 0
    endloop
  endfacet
  facet normal 0 0 -1
    outer loop
      vertex -8.18135 44.55 0
      vertex -3.25 44 0
      vertex -7.97156 44.0435 0
    endloop
  endfacet
  facet normal 0 0 -1
    outer loop
      vertex -3.25 44 0
      vertex -8.18135 44.55 0
      vertex -3.25 47 0
    endloop
  endfacet
  facet normal 0 0 -1
    outer loop
      vertex -8.51508 44.9849 0
      vertex -3.25 47 0
      vertex -8.18135 44.55 0
    endloop
  endfacet
  facet normal 0 0 -1
    outer loop
      vertex -8.95 45.3187 0
      vertex -3.25 47 0
      vertex -8.51508 44.9849 0
    endloop
  endfacet
  facet normal 0 0 -1
    outer loop
      vertex -9.45648 45.5284 0
      vertex -3.25 47 0
      vertex -8.95 45.3187 0
    endloop
  endfacet
  facet normal 0 0 -1
    outer loop
      vertex -10 45.6 0
      vertex -3.25 47 0
      vertex -9.45648 45.5284 0
    endloop
  endfacet
  facet normal 0 0 -1
    outer loop
      vertex -22 48 0
      vertex -10 45.6 0
      vertex -10.5435 45.5284 0
    endloop
  endfacet
  facet normal 0 0 -1
    outer loop
      vertex -13.5824 40.0319 0
      vertex -11.4849 42.0151 0
      vertex -13.1 39.8321 0
    endloop
  endfacet
  facet normal -0 0 -1
    outer loop
      vertex -11.4849 42.0151 0
      vertex -13.5824 40.0319 0
      vertex -11.8187 42.45 0
    endloop
  endfacet
  facet normal 0 0 -1
    outer loop
      vertex -14.1 40.1 0
      vertex -11.8187 42.45 0
      vertex -13.5824 40.0319 0
    endloop
  endfacet
  facet normal -0 0 -1
    outer loop
      vertex -11.8187 42.45 0
      vertex -14.1 40.1 0
      vertex -12.0284 42.9565 0
    endloop
  endfacet
  facet normal 0 0 -1
    outer loop
      vertex -14.6176 40.0319 0
      vertex -12.0284 42.9565 0
      vertex -14.1 40.1 0
    endloop
  endfacet
  facet normal -0 0 -1
    outer loop
      vertex -12.0284 42.9565 0
      vertex -14.6176 40.0319 0
      vertex -12.1 43.5 0
    endloop
  endfacet
  facet normal 0 0 -1
    outer loop
      vertex -15.1 39.8321 0
      vertex -12.1 43.5 0
      vertex -14.6176 40.0319 0
    endloop
  endfacet
  facet normal -0 0 -1
    outer loop
      vertex -12.1 43.5 0
      vertex -15.1 39.8321 0
      vertex -12.0284 44.0435 0
    endloop
  endfacet
  facet normal 0 0 -1
    outer loop
      vertex -22 48 0
      vertex -12.0284 44.0435 0
      vertex -15.1 39.8321 0
    endloop
  endfacet
  facet normal 0 0 -1
    outer loop
      vertex -22 48 0
      vertex -15.1 39.8321 0
      vertex -15.5142 39.5142 0
    endloop
  endfacet
  facet normal 0 0 -1
    outer loop
      vertex -22 48 0
      vertex -15.5142 39.5142 0
      vertex -15.8321 39.1 0
    endloop
  endfacet
  facet normal 0 0 -1
    outer loop
      vertex -17.1981 29.38 0
      vertex -16.0319 37.5824 0
      vertex -16.7213 30.0013 0
    endloop
  endfacet
  facet normal 0 0 -1
    outer loop
      vertex -22 48 0
      vertex -16.0319 37.5824 0
      vertex -17.1981 29.38 0
    endloop
  endfacet
  facet normal 0 0 -1
    outer loop
      vertex -22 48 0
      vertex -17.1981 29.38 0
      vertex -17.4978 28.6565 0
    endloop
  endfacet
  facet normal 0 0 -1
    outer loop
      vertex -16.0319 37.5824 0
      vertex -22 48 0
      vertex -16.1 38.1 0
    endloop
  endfacet
  facet normal 0 0 -1
    outer loop
      vertex -22 48 0
      vertex -17.6 27.88 0
      vertex -22 3 0
    endloop
  endfacet
  facet normal 0 0 -1
    outer loop
      vertex -17.6 27.88 0
      vertex -22 48 0
      vertex -17.4978 28.6565 0
    endloop
  endfacet
  facet normal 0 0 -1
    outer loop
      vertex -1.75 47 0
      vertex -22 48 0
      vertex 22 48 0
    endloop
  endfacet
  facet normal 0 0 -1
    outer loop
      vertex -10 45.6 0
      vertex -22 48 0
      vertex -3.25 47 0
    endloop
  endfacet
  facet normal 0 0 -1
    outer loop
      vertex -11.05 45.3187 0
      vertex -22 48 0
      vertex -10.5435 45.5284 0
    endloop
  endfacet
  facet normal 0 0 -1
    outer loop
      vertex -11.4849 44.9849 0
      vertex -22 48 0
      vertex -11.05 45.3187 0
    endloop
  endfacet
  facet normal 0 0 -1
    outer loop
      vertex -11.8187 44.55 0
      vertex -22 48 0
      vertex -11.4849 44.9849 0
    endloop
  endfacet
  facet normal 0 0 -1
    outer loop
      vertex -12.0284 44.0435 0
      vertex -22 48 0
      vertex -11.8187 44.55 0
    endloop
  endfacet
  facet normal 0 0 -1
    outer loop
      vertex -16.0319 38.6176 0
      vertex -22 48 0
      vertex -15.8321 39.1 0
    endloop
  endfacet
  facet normal 0 0 -1
    outer loop
      vertex -16.1 38.1 0
      vertex -22 48 0
      vertex -16.0319 38.6176 0
    endloop
  endfacet
  facet normal 0 0 -1
    outer loop
      vertex 17.1981 26.38 0
      vertex 15.8321 10.9 0
      vertex 16.7213 25.7587 0
    endloop
  endfacet
  facet normal 0 0 -1
    outer loop
      vertex 15.5142 11.3142 0
      vertex 16.7213 25.7587 0
      vertex 15.8321 10.9 0
    endloop
  endfacet
  facet normal 0 0 -1
    outer loop
      vertex 16.7213 25.7587 0
      vertex 15.5142 11.3142 0
      vertex 16.1 25.2819 0
    endloop
  endfacet
  facet normal 0 0 -1
    outer loop
      vertex 15.1 11.6321 0
      vertex 16.1 25.2819 0
      vertex 15.5142 11.3142 0
    endloop
  endfacet
  facet normal 0 0 -1
    outer loop
      vertex 16.1 25.2819 0
      vertex 15.1 11.6321 0
      vertex 15.3765 24.9822 0
    endloop
  endfacet
  facet normal 0 0 -1
    outer loop
      vertex 14.6176 11.8319 0
      vertex 15.3765 24.9822 0
      vertex 15.1 11.6321 0
    endloop
  endfacet
  facet normal 0 0 -1
    outer loop
      vertex 14.6176 11.8319 0
      vertex 14.6 24.88 0
      vertex 15.3765 24.9822 0
    endloop
  endfacet
  facet normal 0 0 -1
    outer loop
      vertex 14.1 11.9 0
      vertex 14.6 24.88 0
      vertex 14.6176 11.8319 0
    endloop
  endfacet
  facet normal 0 0 -1
    outer loop
      vertex 14.1 11.9 0
      vertex 13.8235 24.9822 0
      vertex 14.6 24.88 0
    endloop
  endfacet
  facet normal 0 0 -1
    outer loop
      vertex 13.5824 11.8319 0
      vertex 13.8235 24.9822 0
      vertex 14.1 11.9 0
    endloop
  endfacet
  facet normal 0 0 -1
    outer loop
      vertex 13.5824 11.8319 0
      vertex 13.1 25.2819 0
      vertex 13.8235 24.9822 0
    endloop
  endfacet
  facet normal 0 0 -1
    outer loop
      vertex 13.1 11.6321 0
      vertex 13.1 25.2819 0
      vertex 13.5824 11.8319 0
    endloop
  endfacet
  facet normal 0 0 -1
    outer loop
      vertex 12.6858 11.3142 0
      vertex 13.1 25.2819 0
      vertex 13.1 11.6321 0
    endloop
  endfacet
  facet normal 0 0 -1
    outer loop
      vertex 12.6858 11.3142 0
      vertex 12.4787 25.7587 0
      vertex 13.1 25.2819 0
    endloop
  endfacet
  facet normal 0 0 -1
    outer loop
      vertex 12.3679 10.9 0
      vertex 12.4787 25.7587 0
      vertex 12.6858 11.3142 0
    endloop
  endfacet
  facet normal 0 0 -1
    outer loop
      vertex 12.0019 26.38 0
      vertex 12.3679 10.9 0
      vertex 12.1681 10.4176 0
    endloop
  endfacet
  facet normal 0 0 -1
    outer loop
      vertex -13.1 25.2819 0
      vertex 12.1681 10.4176 0
      vertex 12.1 9.9 0
    endloop
  endfacet
  facet normal 0 0 -1
    outer loop
      vertex 12.3679 10.9 0
      vertex 12.0019 26.38 0
      vertex 12.4787 25.7587 0
    endloop
  endfacet
  facet normal 0 0 -1
    outer loop
      vertex -12.1681 38.6176 0
      vertex -10 41.4 0
      vertex -12.1 38.1 0
    endloop
  endfacet
  facet normal 0 0 -1
    outer loop
      vertex -12.3679 39.1 0
      vertex -10.5435 41.4716 0
      vertex -12.1681 38.6176 0
    endloop
  endfacet
  facet normal 0 -0 -1
    outer loop
      vertex -12.1 38.1 0
      vertex -9.45648 41.4716 0
      vertex -12.1681 37.5824 0
    endloop
  endfacet
  facet normal -0 0 -1
    outer loop
      vertex -10.5435 41.4716 0
      vertex -12.3679 39.1 0
      vertex -11.05 41.6813 0
    endloop
  endfacet
  facet normal 0 0 -1
    outer loop
      vertex -12.6858 39.5142 0
      vertex -11.05 41.6813 0
      vertex -12.3679 39.1 0
    endloop
  endfacet
  facet normal -0 0 -1
    outer loop
      vertex -10 41.4 0
      vertex -12.1681 38.6176 0
      vertex -10.5435 41.4716 0
    endloop
  endfacet
  facet normal 0 0 -1
    outer loop
      vertex -12.0019 29.38 0
      vertex -12.3679 37.1 0
      vertex -12.1681 37.5824 0
    endloop
  endfacet
  facet normal 0 0 -1
    outer loop
      vertex -12.4787 30.0013 0
      vertex -12.3679 37.1 0
      vertex -12.0019 29.38 0
    endloop
  endfacet
  facet normal 0 0 -1
    outer loop
      vertex -12.4787 30.0013 0
      vertex -12.6858 36.6858 0
      vertex -12.3679 37.1 0
    endloop
  endfacet
  facet normal 0 0 -1
    outer loop
      vertex -13.1 30.4781 0
      vertex -12.6858 36.6858 0
      vertex -12.4787 30.0013 0
    endloop
  endfacet
  facet normal 0 0 -1
    outer loop
      vertex -12.6858 36.6858 0
      vertex -13.1 30.4781 0
      vertex -13.1 36.368 0
    endloop
  endfacet
  facet normal 0 0 -1
    outer loop
      vertex -13.1 30.4781 0
      vertex -13.5824 36.1681 0
      vertex -13.1 36.368 0
    endloop
  endfacet
  facet normal 0 0 -1
    outer loop
      vertex -13.8235 30.7778 0
      vertex -13.5824 36.1681 0
      vertex -13.1 30.4781 0
    endloop
  endfacet
  facet normal 0 0 -1
    outer loop
      vertex -13.8235 30.7778 0
      vertex -14.1 36.1 0
      vertex -13.5824 36.1681 0
    endloop
  endfacet
  facet normal 0 0 -1
    outer loop
      vertex -14.6 30.88 0
      vertex -14.1 36.1 0
      vertex -13.8235 30.7778 0
    endloop
  endfacet
  facet normal 0 0 -1
    outer loop
      vertex -14.6 30.88 0
      vertex -14.6176 36.1681 0
      vertex -14.1 36.1 0
    endloop
  endfacet
  facet normal 0 0 -1
    outer loop
      vertex -15.3765 30.7778 0
      vertex -14.6176 36.1681 0
      vertex -14.6 30.88 0
    endloop
  endfacet
  facet normal -0 0 -1
    outer loop
      vertex -14.6176 36.1681 0
      vertex -15.3765 30.7778 0
      vertex -15.1 36.368 0
    endloop
  endfacet
  facet normal 0 0 -1
    outer loop
      vertex -16.1 30.4781 0
      vertex -15.1 36.368 0
      vertex -15.3765 30.7778 0
    endloop
  endfacet
  facet normal -0 0 -1
    outer loop
      vertex -15.1 36.368 0
      vertex -16.1 30.4781 0
      vertex -15.5142 36.6858 0
    endloop
  endfacet
  facet normal 0 0 -1
    outer loop
      vertex -16.7213 30.0013 0
      vertex -15.5142 36.6858 0
      vertex -16.1 30.4781 0
    endloop
  endfacet
  facet normal -0 0 -1
    outer loop
      vertex -15.5142 36.6858 0
      vertex -16.7213 30.0013 0
      vertex -15.8321 37.1 0
    endloop
  endfacet
  facet normal -0 0 -1
    outer loop
      vertex -15.8321 37.1 0
      vertex -16.7213 30.0013 0
      vertex -16.0319 37.5824 0
    endloop
  endfacet
  facet normal 0 0 -1
    outer loop
      vertex -13.1 39.8321 0
      vertex -11.05 41.6813 0
      vertex -12.6858 39.5142 0
    endloop
  endfacet
  facet normal -0 0 -1
    outer loop
      vertex -11.05 41.6813 0
      vertex -13.1 39.8321 0
      vertex -11.4849 42.0151 0
    endloop
  endfacet
  facet normal -0.382656 -0.923891 0
    outer loop
      vertex -13.5824 40.0319 0
      vertex -13.1 39.8321 5
      vertex -13.5824 40.0319 5
    endloop
  endfacet
  facet normal -0.382656 -0.923891 -0
    outer loop
      vertex -13.1 39.8321 5
      vertex -13.5824 40.0319 0
      vertex -13.1 39.8321 0
    endloop
  endfacet
  facet normal -0.92388 0.382683 0
    outer loop
      vertex 15.8321 8.9 0
      vertex 16.0319 9.38236 5
      vertex 16.0319 9.38236 0
    endloop
  endfacet
  facet normal -0.92388 0.382683 0
    outer loop
      vertex 16.0319 9.38236 5
      vertex 15.8321 8.9 0
      vertex 15.8321 8.9 5
    endloop
  endfacet
  facet normal -0.923891 -0.382656 0
    outer loop
      vertex 16.0319 10.4176 0
      vertex 15.8321 10.9 5
      vertex 15.8321 10.9 0
    endloop
  endfacet
  facet normal -0.923891 -0.382656 0
    outer loop
      vertex 15.8321 10.9 5
      vertex 16.0319 10.4176 0
      vertex 16.0319 10.4176 5
    endloop
  endfacet
  facet normal -0.991456 -0.130445 0
    outer loop
      vertex 16.1 9.9 0
      vertex 16.0319 10.4176 5
      vertex 16.0319 10.4176 0
    endloop
  endfacet
  facet normal -0.991456 -0.130445 0
    outer loop
      vertex 16.0319 10.4176 5
      vertex 16.1 9.9 0
      vertex 16.1 9.9 5
    endloop
  endfacet
  facet normal -0.793286 -0.60885 0
    outer loop
      vertex 15.8321 10.9 0
      vertex 15.5142 11.3142 5
      vertex 15.5142 11.3142 0
    endloop
  endfacet
  facet normal -0.793286 -0.60885 0
    outer loop
      vertex 15.5142 11.3142 5
      vertex 15.8321 10.9 0
      vertex 15.8321 10.9 5
    endloop
  endfacet
  facet normal -0.130539 0.991443 0
    outer loop
      vertex 14.6176 7.96815 0
      vertex 14.1 7.9 5
      vertex 14.6176 7.96815 5
    endloop
  endfacet
  facet normal -0.130539 0.991443 0
    outer loop
      vertex 14.1 7.9 5
      vertex 14.6176 7.96815 0
      vertex 14.1 7.9 0
    endloop
  endfacet
  facet normal -0.130445 -0.991456 0
    outer loop
      vertex 14.1 11.9 0
      vertex 14.6176 11.8319 5
      vertex 14.1 11.9 5
    endloop
  endfacet
  facet normal -0.130445 -0.991456 -0
    outer loop
      vertex 14.6176 11.8319 5
      vertex 14.1 11.9 0
      vertex 14.6176 11.8319 0
    endloop
  endfacet
  facet normal 0.60885 -0.793286 0
    outer loop
      vertex 12.6858 11.3142 0
      vertex 13.1 11.6321 5
      vertex 12.6858 11.3142 5
    endloop
  endfacet
  facet normal 0.60885 -0.793286 0
    outer loop
      vertex 13.1 11.6321 5
      vertex 12.6858 11.3142 0
      vertex 13.1 11.6321 0
    endloop
  endfacet
  facet normal -0.60885 -0.793286 0
    outer loop
      vertex 15.1 11.6321 0
      vertex 15.5142 11.3142 5
      vertex 15.1 11.6321 5
    endloop
  endfacet
  facet normal -0.60885 -0.793286 -0
    outer loop
      vertex 15.5142 11.3142 5
      vertex 15.1 11.6321 0
      vertex 15.5142 11.3142 0
    endloop
  endfacet
  facet normal 0.991457 0.130435 0
    outer loop
      vertex 12.1681 9.38236 5
      vertex 12.1 9.9 0
      vertex 12.1 9.9 5
    endloop
  endfacet
  facet normal 0.991457 0.130435 0
    outer loop
      vertex 12.1 9.9 0
      vertex 12.1681 9.38236 5
      vertex 12.1681 9.38236 0
    endloop
  endfacet
  facet normal -0.793293 0.60884 0
    outer loop
      vertex 15.5142 8.48579 0
      vertex 15.8321 8.9 5
      vertex 15.8321 8.9 0
    endloop
  endfacet
  facet normal -0.793293 0.60884 0
    outer loop
      vertex 15.8321 8.9 5
      vertex 15.5142 8.48579 0
      vertex 15.5142 8.48579 5
    endloop
  endfacet
  facet normal -0.382656 0.923891 0
    outer loop
      vertex 15.1 8.16795 0
      vertex 14.6176 7.96815 5
      vertex 15.1 8.16795 5
    endloop
  endfacet
  facet normal -0.382656 0.923891 0
    outer loop
      vertex 14.6176 7.96815 5
      vertex 15.1 8.16795 0
      vertex 14.6176 7.96815 0
    endloop
  endfacet
  facet normal 0.923891 -0.382656 0
    outer loop
      vertex 12.1681 10.4176 5
      vertex 12.3679 10.9 0
      vertex 12.3679 10.9 5
    endloop
  endfacet
  facet normal 0.923891 -0.382656 0
    outer loop
      vertex 12.3679 10.9 0
      vertex 12.1681 10.4176 5
      vertex 12.1681 10.4176 0
    endloop
  endfacet
  facet normal 0.92388 0.382683 0
    outer loop
      vertex 12.3679 8.9 5
      vertex 12.1681 9.38236 0
      vertex 12.1681 9.38236 5
    endloop
  endfacet
  facet normal 0.92388 0.382683 0
    outer loop
      vertex 12.1681 9.38236 0
      vertex 12.3679 8.9 5
      vertex 12.3679 8.9 0
    endloop
  endfacet
  facet normal -0.608777 0.793341 0
    outer loop
      vertex 15.5142 8.48579 0
      vertex 15.1 8.16795 5
      vertex 15.5142 8.48579 5
    endloop
  endfacet
  facet normal -0.608777 0.793341 0
    outer loop
      vertex 15.1 8.16795 5
      vertex 15.5142 8.48579 0
      vertex 15.1 8.16795 0
    endloop
  endfacet
  facet normal -0.382656 -0.923891 0
    outer loop
      vertex 14.6176 11.8319 0
      vertex 15.1 11.6321 5
      vertex 14.6176 11.8319 5
    endloop
  endfacet
  facet normal -0.382656 -0.923891 -0
    outer loop
      vertex 15.1 11.6321 5
      vertex 14.6176 11.8319 0
      vertex 15.1 11.6321 0
    endloop
  endfacet
  facet normal 0.793293 0.60884 0
    outer loop
      vertex 12.6858 8.48579 5
      vertex 12.3679 8.9 0
      vertex 12.3679 8.9 5
    endloop
  endfacet
  facet normal 0.793293 0.60884 0
    outer loop
      vertex 12.3679 8.9 0
      vertex 12.6858 8.48579 5
      vertex 12.6858 8.48579 0
    endloop
  endfacet
  facet normal -0.991457 0.130435 0
    outer loop
      vertex 16.0319 9.38236 0
      vertex 16.1 9.9 5
      vertex 16.1 9.9 0
    endloop
  endfacet
  facet normal -0.991457 0.130435 0
    outer loop
      vertex 16.1 9.9 5
      vertex 16.0319 9.38236 0
      vertex 16.0319 9.38236 5
    endloop
  endfacet
  facet normal 0.130539 0.991443 -0
    outer loop
      vertex 14.1 7.9 0
      vertex 13.5824 7.96815 5
      vertex 14.1 7.9 5
    endloop
  endfacet
  facet normal 0.130539 0.991443 0
    outer loop
      vertex 13.5824 7.96815 5
      vertex 14.1 7.9 0
      vertex 13.5824 7.96815 0
    endloop
  endfacet
  facet normal 0.793286 -0.60885 0
    outer loop
      vertex 12.3679 10.9 5
      vertex 12.6858 11.3142 0
      vertex 12.6858 11.3142 5
    endloop
  endfacet
  facet normal 0.793286 -0.60885 0
    outer loop
      vertex 12.6858 11.3142 0
      vertex 12.3679 10.9 5
      vertex 12.3679 10.9 0
    endloop
  endfacet
  facet normal 0.382656 -0.923891 0
    outer loop
      vertex 13.1 11.6321 0
      vertex 13.5824 11.8319 5
      vertex 13.1 11.6321 5
    endloop
  endfacet
  facet normal 0.382656 -0.923891 0
    outer loop
      vertex 13.5824 11.8319 5
      vertex 13.1 11.6321 0
      vertex 13.5824 11.8319 0
    endloop
  endfacet
  facet normal 0.130445 -0.991456 0
    outer loop
      vertex 13.5824 11.8319 0
      vertex 14.1 11.9 5
      vertex 13.5824 11.8319 5
    endloop
  endfacet
  facet normal 0.130445 -0.991456 0
    outer loop
      vertex 14.1 11.9 5
      vertex 13.5824 11.8319 0
      vertex 14.1 11.9 0
    endloop
  endfacet
  facet normal 0.991456 -0.130445 0
    outer loop
      vertex 12.1 9.9 5
      vertex 12.1681 10.4176 0
      vertex 12.1681 10.4176 5
    endloop
  endfacet
  facet normal 0.991456 -0.130445 0
    outer loop
      vertex 12.1681 10.4176 0
      vertex 12.1 9.9 5
      vertex 12.1 9.9 0
    endloop
  endfacet
  facet normal 0.382656 0.923891 -0
    outer loop
      vertex 13.5824 7.96815 0
      vertex 13.1 8.16795 5
      vertex 13.5824 7.96815 5
    endloop
  endfacet
  facet normal 0.382656 0.923891 0
    outer loop
      vertex 13.1 8.16795 5
      vertex 13.5824 7.96815 0
      vertex 13.1 8.16795 0
    endloop
  endfacet
  facet normal 0.608777 0.793341 -0
    outer loop
      vertex 13.1 8.16795 0
      vertex 12.6858 8.48579 5
      vertex 13.1 8.16795 5
    endloop
  endfacet
  facet normal 0.608777 0.793341 0
    outer loop
      vertex 12.6858 8.48579 5
      vertex 13.1 8.16795 0
      vertex 12.6858 8.48579 0
    endloop
  endfacet
  facet normal -1 0 0
    outer loop
      vertex -1.75 44 0
      vertex -1.75 47 5
      vertex -1.75 47 0
    endloop
  endfacet
  facet normal -1 -0 0
    outer loop
      vertex -1.75 47 5
      vertex -1.75 44 0
      vertex -1.75 44 5
    endloop
  endfacet
  facet normal 1 -0 0
    outer loop
      vertex -3.25 44 5
      vertex -3.25 47 0
      vertex -3.25 47 5
    endloop
  endfacet
  facet normal 1 0 0
    outer loop
      vertex -3.25 47 0
      vertex -3.25 44 5
      vertex -3.25 44 0
    endloop
  endfacet
  facet normal 0 -1 0
    outer loop
      vertex -3.25 47 0
      vertex -1.75 47 5
      vertex -3.25 47 5
    endloop
  endfacet
  facet normal 0 -1 -0
    outer loop
      vertex -1.75 47 5
      vertex -3.25 47 0
      vertex -1.75 47 0
    endloop
  endfacet
  facet normal 0 1 -0
    outer loop
      vertex -1.75 44 0
      vertex -3.25 44 5
      vertex -1.75 44 5
    endloop
  endfacet
  facet normal 0 1 0
    outer loop
      vertex -3.25 44 5
      vertex -1.75 44 0
      vertex -3.25 44 0
    endloop
  endfacet
  facet normal -1 0 0
    outer loop
      vertex 3.25 44 0
      vertex 3.25 47 5
      vertex 3.25 47 0
    endloop
  endfacet
  facet normal -1 -0 0
    outer loop
      vertex 3.25 47 5
      vertex 3.25 44 0
      vertex 3.25 44 5
    endloop
  endfacet
  facet normal 1 -0 0
    outer loop
      vertex 1.75 44 5
      vertex 1.75 47 0
      vertex 1.75 47 5
    endloop
  endfacet
  facet normal 1 0 0
    outer loop
      vertex 1.75 47 0
      vertex 1.75 44 5
      vertex 1.75 44 0
    endloop
  endfacet
  facet normal 0 -1 0
    outer loop
      vertex 1.75 47 0
      vertex 3.25 47 5
      vertex 1.75 47 5
    endloop
  endfacet
  facet normal 0 -1 -0
    outer loop
      vertex 3.25 47 5
      vertex 1.75 47 0
      vertex 3.25 47 0
    endloop
  endfacet
  facet normal 0 1 -0
    outer loop
      vertex 3.25 44 0
      vertex 1.75 44 5
      vertex 3.25 44 5
    endloop
  endfacet
  facet normal 0 1 0
    outer loop
      vertex 1.75 44 5
      vertex 3.25 44 0
      vertex 1.75 44 0
    endloop
  endfacet
  facet normal 1 -0 0
    outer loop
      vertex 22 3 5
      vertex 22 48 0
      vertex 22 48 5
    endloop
  endfacet
  facet normal 1 0 0
    outer loop
      vertex 22 48 0
      vertex 22 3 5
      vertex 22 3 0
    endloop
  endfacet
  facet normal 0 0 1
    outer loop
      vertex 12.9579 28.32 5
      vertex -12.9579 28.32 5
      vertex -12.9 27.88 5
    endloop
  endfacet
  facet normal 0 0 1
    outer loop
      vertex -13.3979 29.0821 5
      vertex -12.6858 36.6858 5
      vertex -13.1 36.368 5
    endloop
  endfacet
  facet normal 0 0 1
    outer loop
      vertex -12.3679 37.1 5
      vertex -13.1278 28.73 5
      vertex -12.9579 28.32 5
    endloop
  endfacet
  facet normal 0 0 1
    outer loop
      vertex -12.6858 36.6858 5
      vertex -13.3979 29.0821 5
      vertex -13.1278 28.73 5
    endloop
  endfacet
  facet normal 0 0 1
    outer loop
      vertex -13.75 29.3522 5
      vertex -13.1 36.368 5
      vertex -13.5824 36.1681 5
    endloop
  endfacet
  facet normal 0 0 1
    outer loop
      vertex -13.1 36.368 5
      vertex -13.75 29.3522 5
      vertex -13.3979 29.0821 5
    endloop
  endfacet
  facet normal 0 0 1
    outer loop
      vertex -14.16 29.5221 5
      vertex -13.5824 36.1681 5
      vertex -14.1 36.1 5
    endloop
  endfacet
  facet normal 0 0 1
    outer loop
      vertex -13.5824 36.1681 5
      vertex -14.16 29.5221 5
      vertex -13.75 29.3522 5
    endloop
  endfacet
  facet normal 0 0 1
    outer loop
      vertex -14.1 36.1 5
      vertex -14.6 29.58 5
      vertex -14.16 29.5221 5
    endloop
  endfacet
  facet normal 0 0 1
    outer loop
      vertex -14.6176 36.1681 5
      vertex -14.6 29.58 5
      vertex -14.1 36.1 5
    endloop
  endfacet
  facet normal 0 0 1
    outer loop
      vertex -14.6176 36.1681 5
      vertex -15.04 29.5221 5
      vertex -14.6 29.58 5
    endloop
  endfacet
  facet normal 0 0 1
    outer loop
      vertex -15.1 36.368 5
      vertex -15.04 29.5221 5
      vertex -14.6176 36.1681 5
    endloop
  endfacet
  facet normal 0 0 1
    outer loop
      vertex -15.1 36.368 5
      vertex -15.45 29.3522 5
      vertex -15.04 29.5221 5
    endloop
  endfacet
  facet normal 0 0 1
    outer loop
      vertex -15.5142 36.6858 5
      vertex -15.45 29.3522 5
      vertex -15.1 36.368 5
    endloop
  endfacet
  facet normal 0 0 1
    outer loop
      vertex -15.5142 36.6858 5
      vertex -15.8021 29.0821 5
      vertex -15.45 29.3522 5
    endloop
  endfacet
  facet normal 0 0 1
    outer loop
      vertex -15.8321 37.1 5
      vertex -15.8021 29.0821 5
      vertex -15.5142 36.6858 5
    endloop
  endfacet
  facet normal 0 0 1
    outer loop
      vertex -16.0722 28.73 5
      vertex -15.8321 37.1 5
      vertex -16.0319 37.5824 5
    endloop
  endfacet
  facet normal 0 0 1
    outer loop
      vertex -15.8321 37.1 5
      vertex -16.0722 28.73 5
      vertex -15.8021 29.0821 5
    endloop
  endfacet
  facet normal 0 0 1
    outer loop
      vertex -22 48 5
      vertex -16.0319 37.5824 5
      vertex -16.1 38.1 5
    endloop
  endfacet
  facet normal 0 0 1
    outer loop
      vertex -16.0319 37.5824 5
      vertex -16.2421 28.32 5
      vertex -16.0722 28.73 5
    endloop
  endfacet
  facet normal -0 0 1
    outer loop
      vertex 15.8321 10.9 5
      vertex 22 3 5
      vertex 16.0722 27.03 5
    endloop
  endfacet
  facet normal 0 0 1
    outer loop
      vertex 22 3 5
      vertex 16.0319 10.4176 5
      vertex 16.1 9.9 5
    endloop
  endfacet
  facet normal 0 0 1
    outer loop
      vertex 22 3 5
      vertex 15.8321 10.9 5
      vertex 16.0319 10.4176 5
    endloop
  endfacet
  facet normal -0 0 1
    outer loop
      vertex 15.8021 26.6779 5
      vertex 15.8321 10.9 5
      vertex 16.0722 27.03 5
    endloop
  endfacet
  facet normal 0 0 1
    outer loop
      vertex 15.8021 26.6779 5
      vertex 15.5142 11.3142 5
      vertex 15.8321 10.9 5
    endloop
  endfacet
  facet normal -0 0 1
    outer loop
      vertex 15.45 26.4078 5
      vertex 15.5142 11.3142 5
      vertex 15.8021 26.6779 5
    endloop
  endfacet
  facet normal 0 0 1
    outer loop
      vertex 15.45 26.4078 5
      vertex 15.1 11.6321 5
      vertex 15.5142 11.3142 5
    endloop
  endfacet
  facet normal -0 0 1
    outer loop
      vertex 15.04 26.2379 5
      vertex 15.1 11.6321 5
      vertex 15.45 26.4078 5
    endloop
  endfacet
  facet normal 0 0 1
    outer loop
      vertex 15.04 26.2379 5
      vertex 14.6176 11.8319 5
      vertex 15.1 11.6321 5
    endloop
  endfacet
  facet normal -0 0 1
    outer loop
      vertex 14.6 26.18 5
      vertex 14.6176 11.8319 5
      vertex 15.04 26.2379 5
    endloop
  endfacet
  facet normal 0 0 1
    outer loop
      vertex 14.1 11.9 5
      vertex 14.6 26.18 5
      vertex 14.16 26.2379 5
    endloop
  endfacet
  facet normal 0 0 1
    outer loop
      vertex 14.6 26.18 5
      vertex 14.1 11.9 5
      vertex 14.6176 11.8319 5
    endloop
  endfacet
  facet normal 0 0 1
    outer loop
      vertex 13.5824 11.8319 5
      vertex 14.16 26.2379 5
      vertex 13.75 26.4078 5
    endloop
  endfacet
  facet normal 0 0 1
    outer loop
      vertex 14.16 26.2379 5
      vertex 13.5824 11.8319 5
      vertex 14.1 11.9 5
    endloop
  endfacet
  facet normal 0 0 1
    outer loop
      vertex 13.1 11.6321 5
      vertex 13.75 26.4078 5
      vertex 13.3979 26.6779 5
    endloop
  endfacet
  facet normal 0 0 1
    outer loop
      vertex 12.6858 11.3142 5
      vertex 13.3979 26.6779 5
      vertex 13.1278 27.03 5
    endloop
  endfacet
  facet normal 0 0 1
    outer loop
      vertex 13.75 26.4078 5
      vertex 13.1 11.6321 5
      vertex 13.5824 11.8319 5
    endloop
  endfacet
  facet normal 0 0 1
    outer loop
      vertex -13.1278 27.03 5
      vertex 13.1278 27.03 5
      vertex 12.9579 27.44 5
    endloop
  endfacet
  facet normal 0 0 1
    outer loop
      vertex -12.9579 27.44 5
      vertex 12.9579 27.44 5
      vertex 12.9 27.88 5
    endloop
  endfacet
  facet normal 0 0 1
    outer loop
      vertex 13.3979 26.6779 5
      vertex 12.6858 11.3142 5
      vertex 13.1 11.6321 5
    endloop
  endfacet
  facet normal 0 0 1
    outer loop
      vertex 22 48 5
      vertex 16.3 27.88 5
      vertex 22 3 5
    endloop
  endfacet
  facet normal 0 0 1
    outer loop
      vertex 22 48 5
      vertex 16.2421 28.32 5
      vertex 16.3 27.88 5
    endloop
  endfacet
  facet normal 0 0 1
    outer loop
      vertex 22 48 5
      vertex 16.0722 28.73 5
      vertex 16.2421 28.32 5
    endloop
  endfacet
  facet normal 0 0 1
    outer loop
      vertex 22 48 5
      vertex 15.8021 29.0821 5
      vertex 16.0722 28.73 5
    endloop
  endfacet
  facet normal 0 0 1
    outer loop
      vertex 22 48 5
      vertex 15.45 29.3522 5
      vertex 15.8021 29.0821 5
    endloop
  endfacet
  facet normal -0 0 1
    outer loop
      vertex 11.0392 42.9 5
      vertex 15.45 29.3522 5
      vertex 22 48 5
    endloop
  endfacet
  facet normal 0 0 1
    outer loop
      vertex 15.45 29.3522 5
      vertex 11.0392 42.9 5
      vertex 15.04 29.5221 5
    endloop
  endfacet
  facet normal -0 0 1
    outer loop
      vertex 10.8485 42.6515 5
      vertex 15.04 29.5221 5
      vertex 11.0392 42.9 5
    endloop
  endfacet
  facet normal 0 0 1
    outer loop
      vertex 15.04 29.5221 5
      vertex 10.8485 42.6515 5
      vertex 14.6 29.58 5
    endloop
  endfacet
  facet normal -0 0 1
    outer loop
      vertex 10.6 42.4608 5
      vertex 14.6 29.58 5
      vertex 10.8485 42.6515 5
    endloop
  endfacet
  facet normal 0 0 1
    outer loop
      vertex 14.6 29.58 5
      vertex 10.6 42.4608 5
      vertex 14.16 29.5221 5
    endloop
  endfacet
  facet normal 0 0 1
    outer loop
      vertex 13.1278 27.03 5
      vertex 12.3679 10.9 5
      vertex 12.6858 11.3142 5
    endloop
  endfacet
  facet normal 0 0 1
    outer loop
      vertex 13.1278 27.03 5
      vertex -13.1278 27.03 5
      vertex 12.3679 10.9 5
    endloop
  endfacet
  facet normal -0 0 1
    outer loop
      vertex -13.3979 26.6779 5
      vertex 12.3679 10.9 5
      vertex -13.1278 27.03 5
    endloop
  endfacet
  facet normal 0 0 1
    outer loop
      vertex 14.16 29.5221 5
      vertex 10.3106 42.3409 5
      vertex 13.75 29.3522 5
    endloop
  endfacet
  facet normal -0 0 1
    outer loop
      vertex 10.3106 42.3409 5
      vertex 14.16 29.5221 5
      vertex 10.6 42.4608 5
    endloop
  endfacet
  facet normal 0 0 1
    outer loop
      vertex 11.0392 42.9 5
      vertex 22 48 5
      vertex 11.1591 43.1894 5
    endloop
  endfacet
  facet normal 0 0 1
    outer loop
      vertex 11.1591 43.1894 5
      vertex 22 48 5
      vertex 11.2 43.5 5
    endloop
  endfacet
  facet normal 0 0 1
    outer loop
      vertex 22 48 5
      vertex 11.1591 43.8106 5
      vertex 11.2 43.5 5
    endloop
  endfacet
  facet normal 0 0 1
    outer loop
      vertex 22 48 5
      vertex 11.0392 44.1 5
      vertex 11.1591 43.8106 5
    endloop
  endfacet
  facet normal 0 0 1
    outer loop
      vertex 22 48 5
      vertex 10.8485 44.3485 5
      vertex 11.0392 44.1 5
    endloop
  endfacet
  facet normal 0 0 1
    outer loop
      vertex 22 48 5
      vertex 10.6 44.5392 5
      vertex 10.8485 44.3485 5
    endloop
  endfacet
  facet normal 0 0 1
    outer loop
      vertex 22 48 5
      vertex 10.3106 44.6591 5
      vertex 10.6 44.5392 5
    endloop
  endfacet
  facet normal 0 0 1
    outer loop
      vertex 22 48 5
      vertex 10 44.7 5
      vertex 10.3106 44.6591 5
    endloop
  endfacet
  facet normal -0 0 1
    outer loop
      vertex 3.25 47 5
      vertex 10 44.7 5
      vertex 22 48 5
    endloop
  endfacet
  facet normal 0 0 1
    outer loop
      vertex 8.96077 44.1 5
      vertex 3.25 44 5
      vertex 8.84089 43.8106 5
    endloop
  endfacet
  facet normal 0 0 1
    outer loop
      vertex 3.25 44 5
      vertex 8.96077 44.1 5
      vertex 3.25 47 5
    endloop
  endfacet
  facet normal 0 0 1
    outer loop
      vertex 9.15147 44.3485 5
      vertex 3.25 47 5
      vertex 8.96077 44.1 5
    endloop
  endfacet
  facet normal 0 0 1
    outer loop
      vertex 9.4 44.5392 5
      vertex 3.25 47 5
      vertex 9.15147 44.3485 5
    endloop
  endfacet
  facet normal 0 0 1
    outer loop
      vertex 9.68942 44.6591 5
      vertex 3.25 47 5
      vertex 9.4 44.5392 5
    endloop
  endfacet
  facet normal 0 0 1
    outer loop
      vertex 10 44.7 5
      vertex 3.25 47 5
      vertex 9.68942 44.6591 5
    endloop
  endfacet
  facet normal 0 0 1
    outer loop
      vertex 22 48 5
      vertex 1.75 47 5
      vertex 3.25 47 5
    endloop
  endfacet
  facet normal 0 0 1
    outer loop
      vertex 1.75 47 5
      vertex -1.75 47 5
      vertex 1.75 44 5
    endloop
  endfacet
  facet normal 0 0 1
    outer loop
      vertex 22 48 5
      vertex -1.75 47 5
      vertex 1.75 47 5
    endloop
  endfacet
  facet normal -0 0 1
    outer loop
      vertex -22 48 5
      vertex -1.75 47 5
      vertex 22 48 5
    endloop
  endfacet
  facet normal -0 0 1
    outer loop
      vertex -8.96077 44.1 5
      vertex -3.25 44 5
      vertex -3.25 47 5
    endloop
  endfacet
  facet normal 0 0 1
    outer loop
      vertex -3.25 44 5
      vertex -8.84089 43.8106 5
      vertex -8.8 43.5 5
    endloop
  endfacet
  facet normal 0 0 1
    outer loop
      vertex -3.25 44 5
      vertex -8.96077 44.1 5
      vertex -8.84089 43.8106 5
    endloop
  endfacet
  facet normal 0 0 1
    outer loop
      vertex -3.25 47 5
      vertex -9.15147 44.3485 5
      vertex -8.96077 44.1 5
    endloop
  endfacet
  facet normal 0 0 1
    outer loop
      vertex -3.25 47 5
      vertex -9.4 44.5392 5
      vertex -9.15147 44.3485 5
    endloop
  endfacet
  facet normal 0 0 1
    outer loop
      vertex -3.25 47 5
      vertex -9.68942 44.6591 5
      vertex -9.4 44.5392 5
    endloop
  endfacet
  facet normal 0 0 1
    outer loop
      vertex -3.25 47 5
      vertex -10 44.7 5
      vertex -9.68942 44.6591 5
    endloop
  endfacet
  facet normal 0 0 1
    outer loop
      vertex -22 48 5
      vertex -10 44.7 5
      vertex -3.25 47 5
    endloop
  endfacet
  facet normal 0 0 1
    outer loop
      vertex -14.6176 40.0319 5
      vertex -11.2 43.5 5
      vertex -11.1591 43.8106 5
    endloop
  endfacet
  facet normal 0 0 1
    outer loop
      vertex -11.2 43.5 5
      vertex -12.1681 38.6176 5
      vertex -12.1 38.1 5
    endloop
  endfacet
  facet normal 0 0 1
    outer loop
      vertex -11.2 43.5 5
      vertex -12.3679 39.1 5
      vertex -12.1681 38.6176 5
    endloop
  endfacet
  facet normal 0 0 1
    outer loop
      vertex -11.2 43.5 5
      vertex -12.6858 39.5142 5
      vertex -12.3679 39.1 5
    endloop
  endfacet
  facet normal 0 0 1
    outer loop
      vertex -11.2 43.5 5
      vertex -13.1 39.8321 5
      vertex -12.6858 39.5142 5
    endloop
  endfacet
  facet normal 0 0 1
    outer loop
      vertex -22 48 5
      vertex -11.1591 43.8106 5
      vertex -11.0392 44.1 5
    endloop
  endfacet
  facet normal 0 0 1
    outer loop
      vertex -11.2 43.5 5
      vertex -13.5824 40.0319 5
      vertex -13.1 39.8321 5
    endloop
  endfacet
  facet normal 0 0 1
    outer loop
      vertex -11.2 43.5 5
      vertex -14.1 40.1 5
      vertex -13.5824 40.0319 5
    endloop
  endfacet
  facet normal 0 0 1
    outer loop
      vertex -11.2 43.5 5
      vertex -14.6176 40.0319 5
      vertex -14.1 40.1 5
    endloop
  endfacet
  facet normal 0 0 1
    outer loop
      vertex -22 48 5
      vertex -11.0392 44.1 5
      vertex -10.8485 44.3485 5
    endloop
  endfacet
  facet normal 0 0 1
    outer loop
      vertex -11.1591 43.8106 5
      vertex -22 48 5
      vertex -14.6176 40.0319 5
    endloop
  endfacet
  facet normal 0 0 1
    outer loop
      vertex -14.6176 40.0319 5
      vertex -22 48 5
      vertex -15.1 39.8321 5
    endloop
  endfacet
  facet normal 0 0 1
    outer loop
      vertex -16.0319 37.5824 5
      vertex -22 48 5
      vertex -16.2421 28.32 5
    endloop
  endfacet
  facet normal 0 0 1
    outer loop
      vertex -16.2421 28.32 5
      vertex -22 48 5
      vertex -16.3 27.88 5
    endloop
  endfacet
  facet normal 0 0 1
    outer loop
      vertex -16.0319 38.6176 5
      vertex -22 48 5
      vertex -16.1 38.1 5
    endloop
  endfacet
  facet normal 0 0 1
    outer loop
      vertex -15.8321 39.1 5
      vertex -22 48 5
      vertex -16.0319 38.6176 5
    endloop
  endfacet
  facet normal 0 0 1
    outer loop
      vertex -15.5142 39.5142 5
      vertex -22 48 5
      vertex -15.8321 39.1 5
    endloop
  endfacet
  facet normal 0 0 1
    outer loop
      vertex -15.1 39.8321 5
      vertex -22 48 5
      vertex -15.5142 39.5142 5
    endloop
  endfacet
  facet normal 0 0 1
    outer loop
      vertex -10.6 44.5392 5
      vertex -22 48 5
      vertex -10.8485 44.3485 5
    endloop
  endfacet
  facet normal 0 0 1
    outer loop
      vertex -10.3106 44.6591 5
      vertex -22 48 5
      vertex -10.6 44.5392 5
    endloop
  endfacet
  facet normal 0 0 1
    outer loop
      vertex -10 44.7 5
      vertex -22 48 5
      vertex -10.3106 44.6591 5
    endloop
  endfacet
  facet normal 0 0 1
    outer loop
      vertex -1.75 47 5
      vertex -22 48 5
      vertex -3.25 47 5
    endloop
  endfacet
  facet normal -0 0 1
    outer loop
      vertex 16.2421 27.44 5
      vertex 22 3 5
      vertex 16.3 27.88 5
    endloop
  endfacet
  facet normal -0 0 1
    outer loop
      vertex 16.0722 27.03 5
      vertex 22 3 5
      vertex 16.2421 27.44 5
    endloop
  endfacet
  facet normal -0 0 1
    outer loop
      vertex 16.0319 9.38236 5
      vertex 22 3 5
      vertex 16.1 9.9 5
    endloop
  endfacet
  facet normal -0 0 1
    outer loop
      vertex 15.8321 8.9 5
      vertex 22 3 5
      vertex 16.0319 9.38236 5
    endloop
  endfacet
  facet normal -0 0 1
    outer loop
      vertex 15.5142 8.48579 5
      vertex 22 3 5
      vertex 15.8321 8.9 5
    endloop
  endfacet
  facet normal -0 0 1
    outer loop
      vertex 15.1 8.16795 5
      vertex 22 3 5
      vertex 15.5142 8.48579 5
    endloop
  endfacet
  facet normal -0 0 1
    outer loop
      vertex 14.6176 7.96815 5
      vertex 22 3 5
      vertex 15.1 8.16795 5
    endloop
  endfacet
  facet normal -0 0 1
    outer loop
      vertex 14.1 7.9 5
      vertex 22 3 5
      vertex 14.6176 7.96815 5
    endloop
  endfacet
  facet normal 0 0 1
    outer loop
      vertex 13.5824 7.96815 5
      vertex 22 3 5
      vertex 14.1 7.9 5
    endloop
  endfacet
  facet normal 0 0 1
    outer loop
      vertex 13.1 8.16795 5
      vertex 22 3 5
      vertex 13.5824 7.96815 5
    endloop
  endfacet
  facet normal -0 0 1
    outer loop
      vertex 10 42.3 5
      vertex 13.75 29.3522 5
      vertex 10.3106 42.3409 5
    endloop
  endfacet
  facet normal 0 0 1
    outer loop
      vertex 13.75 29.3522 5
      vertex 10 42.3 5
      vertex 13.3979 29.0821 5
    endloop
  endfacet
  facet normal 0 0 1
    outer loop
      vertex 9.68942 42.3409 5
      vertex 13.3979 29.0821 5
      vertex 10 42.3 5
    endloop
  endfacet
  facet normal 0 0 1
    outer loop
      vertex 13.3979 29.0821 5
      vertex 9.68942 42.3409 5
      vertex 13.1278 28.73 5
    endloop
  endfacet
  facet normal 0 0 1
    outer loop
      vertex 9.4 42.4608 5
      vertex 13.1278 28.73 5
      vertex 9.68942 42.3409 5
    endloop
  endfacet
  facet normal 0 0 1
    outer loop
      vertex 3.25 44 5
      vertex 13.1278 28.73 5
      vertex 9.4 42.4608 5
    endloop
  endfacet
  facet normal 0 0 1
    outer loop
      vertex 13.1278 28.73 5
      vertex 3.25 44 5
      vertex 12.9579 28.32 5
    endloop
  endfacet
  facet normal -0 0 1
    outer loop
      vertex 1.75 44 5
      vertex 12.9579 28.32 5
      vertex 3.25 44 5
    endloop
  endfacet
  facet normal 0 0 1
    outer loop
      vertex 3.25 44 5
      vertex 9.4 42.4608 5
      vertex 9.15147 42.6515 5
    endloop
  endfacet
  facet normal 0 0 1
    outer loop
      vertex 3.25 44 5
      vertex 9.15147 42.6515 5
      vertex 8.96077 42.9 5
    endloop
  endfacet
  facet normal 0 0 1
    outer loop
      vertex 3.25 44 5
      vertex 8.96077 42.9 5
      vertex 8.84089 43.1894 5
    endloop
  endfacet
  facet normal 0 0 1
    outer loop
      vertex 3.25 44 5
      vertex 8.84089 43.1894 5
      vertex 8.8 43.5 5
    endloop
  endfacet
  facet normal 0 0 1
    outer loop
      vertex 8.84089 43.8106 5
      vertex 3.25 44 5
      vertex 8.8 43.5 5
    endloop
  endfacet
  facet normal 0 0 1
    outer loop
      vertex -12.9579 28.32 5
      vertex 12.9579 28.32 5
      vertex 1.75 44 5
    endloop
  endfacet
  facet normal 0 0 1
    outer loop
      vertex -12.9579 27.44 5
      vertex 12.9 27.88 5
      vertex -12.9 27.88 5
    endloop
  endfacet
  facet normal 0 0 1
    outer loop
      vertex 12.9579 28.32 5
      vertex -12.9 27.88 5
      vertex 12.9 27.88 5
    endloop
  endfacet
  facet normal 0 0 1
    outer loop
      vertex -1.75 44 5
      vertex 1.75 44 5
      vertex -1.75 47 5
    endloop
  endfacet
  facet normal 0 0 1
    outer loop
      vertex -12.9579 28.32 5
      vertex 1.75 44 5
      vertex -1.75 44 5
    endloop
  endfacet
  facet normal 0 0 1
    outer loop
      vertex -12.1681 37.5824 5
      vertex -1.75 44 5
      vertex -3.25 44 5
    endloop
  endfacet
  facet normal 0 0 1
    outer loop
      vertex 12.9579 27.44 5
      vertex -12.9579 27.44 5
      vertex -13.1278 27.03 5
    endloop
  endfacet
  facet normal 0 0 1
    outer loop
      vertex -8.84089 43.1894 5
      vertex -3.25 44 5
      vertex -8.8 43.5 5
    endloop
  endfacet
  facet normal 0 0 1
    outer loop
      vertex -8.96077 42.9 5
      vertex -3.25 44 5
      vertex -8.84089 43.1894 5
    endloop
  endfacet
  facet normal 0 0 1
    outer loop
      vertex -9.15147 42.6515 5
      vertex -3.25 44 5
      vertex -8.96077 42.9 5
    endloop
  endfacet
  facet normal 0 0 1
    outer loop
      vertex -12.1681 37.5824 5
      vertex -3.25 44 5
      vertex -9.15147 42.6515 5
    endloop
  endfacet
  facet normal 0 0 1
    outer loop
      vertex -12.1681 37.5824 5
      vertex -9.15147 42.6515 5
      vertex -9.4 42.4608 5
    endloop
  endfacet
  facet normal 0 0 1
    outer loop
      vertex -12.1 38.1 5
      vertex -9.4 42.4608 5
      vertex -9.68942 42.3409 5
    endloop
  endfacet
  facet normal 0 0 1
    outer loop
      vertex -12.1 38.1 5
      vertex -9.68942 42.3409 5
      vertex -10 42.3 5
    endloop
  endfacet
  facet normal 0 0 1
    outer loop
      vertex -12.1 38.1 5
      vertex -10 42.3 5
      vertex -10.3106 42.3409 5
    endloop
  endfacet
  facet normal 0 0 1
    outer loop
      vertex -12.1 38.1 5
      vertex -10.3106 42.3409 5
      vertex -10.6 42.4608 5
    endloop
  endfacet
  facet normal 0 0 1
    outer loop
      vertex -12.1 38.1 5
      vertex -10.6 42.4608 5
      vertex -10.8485 42.6515 5
    endloop
  endfacet
  facet normal 0 0 1
    outer loop
      vertex -12.1 38.1 5
      vertex -10.8485 42.6515 5
      vertex -11.0392 42.9 5
    endloop
  endfacet
  facet normal 0 0 1
    outer loop
      vertex -12.1 38.1 5
      vertex -11.1591 43.1894 5
      vertex -11.2 43.5 5
    endloop
  endfacet
  facet normal 0 0 1
    outer loop
      vertex -12.1 38.1 5
      vertex -11.0392 42.9 5
      vertex -11.1591 43.1894 5
    endloop
  endfacet
  facet normal 0 0 1
    outer loop
      vertex -9.4 42.4608 5
      vertex -12.1 38.1 5
      vertex -12.1681 37.5824 5
    endloop
  endfacet
  facet normal 0 0 1
    outer loop
      vertex -1.75 44 5
      vertex -12.1681 37.5824 5
      vertex -12.3679 37.1 5
    endloop
  endfacet
  facet normal 0 0 1
    outer loop
      vertex 12.3679 10.9 5
      vertex -13.3979 26.6779 5
      vertex 12.1681 10.4176 5
    endloop
  endfacet
  facet normal 0 0 1
    outer loop
      vertex -12.9579 28.32 5
      vertex -1.75 44 5
      vertex -12.3679 37.1 5
    endloop
  endfacet
  facet normal 0 0 1
    outer loop
      vertex -13.1278 28.73 5
      vertex -12.3679 37.1 5
      vertex -12.6858 36.6858 5
    endloop
  endfacet
  facet normal -0 0 1
    outer loop
      vertex -13.75 26.4078 5
      vertex 12.1681 10.4176 5
      vertex -13.3979 26.6779 5
    endloop
  endfacet
  facet normal 0 0 1
    outer loop
      vertex 12.1681 10.4176 5
      vertex -13.75 26.4078 5
      vertex 12.1 9.9 5
    endloop
  endfacet
  facet normal 0 0 1
    outer loop
      vertex -22 3 5
      vertex 12.1 9.9 5
      vertex -13.75 26.4078 5
    endloop
  endfacet
  facet normal 0 0 1
    outer loop
      vertex 12.1 9.9 5
      vertex -22 3 5
      vertex 12.1681 9.38236 5
    endloop
  endfacet
  facet normal 0 0 1
    outer loop
      vertex 12.1681 9.38236 5
      vertex -22 3 5
      vertex 12.3679 8.9 5
    endloop
  endfacet
  facet normal 0 0 1
    outer loop
      vertex 12.3679 8.9 5
      vertex -22 3 5
      vertex 12.6858 8.48579 5
    endloop
  endfacet
  facet normal 0 0 1
    outer loop
      vertex -22 3 5
      vertex -13.75 26.4078 5
      vertex -14.16 26.2379 5
    endloop
  endfacet
  facet normal 0 0 1
    outer loop
      vertex -22 3 5
      vertex -14.16 26.2379 5
      vertex -14.6 26.18 5
    endloop
  endfacet
  facet normal 0 0 1
    outer loop
      vertex -22 3 5
      vertex -14.6 26.18 5
      vertex -15.04 26.2379 5
    endloop
  endfacet
  facet normal 0 0 1
    outer loop
      vertex -22 3 5
      vertex -15.04 26.2379 5
      vertex -15.45 26.4078 5
    endloop
  endfacet
  facet normal 0 0 1
    outer loop
      vertex -22 3 5
      vertex -16.3 27.88 5
      vertex -22 48 5
    endloop
  endfacet
  facet normal 0 0 1
    outer loop
      vertex 13.1 8.16795 5
      vertex -22 3 5
      vertex 22 3 5
    endloop
  endfacet
  facet normal 0 0 1
    outer loop
      vertex 12.6858 8.48579 5
      vertex -22 3 5
      vertex 13.1 8.16795 5
    endloop
  endfacet
  facet normal 0 0 1
    outer loop
      vertex -15.8021 26.6779 5
      vertex -22 3 5
      vertex -15.45 26.4078 5
    endloop
  endfacet
  facet normal 0 0 1
    outer loop
      vertex -16.0722 27.03 5
      vertex -22 3 5
      vertex -15.8021 26.6779 5
    endloop
  endfacet
  facet normal 0 0 1
    outer loop
      vertex -16.2421 27.44 5
      vertex -22 3 5
      vertex -16.0722 27.03 5
    endloop
  endfacet
  facet normal 0 0 1
    outer loop
      vertex -16.3 27.88 5
      vertex -22 3 5
      vertex -16.2421 27.44 5
    endloop
  endfacet
  facet normal -1 0 0
    outer loop
      vertex -22 3 0
      vertex -22 48 5
      vertex -22 48 0
    endloop
  endfacet
  facet normal -1 -0 0
    outer loop
      vertex -22 48 5
      vertex -22 3 0
      vertex -22 3 5
    endloop
  endfacet
  facet normal 0 1 -0
    outer loop
      vertex 22 48 0
      vertex -22 48 5
      vertex 22 48 5
    endloop
  endfacet
  facet normal 0 1 0
    outer loop
      vertex -22 48 5
      vertex 22 48 0
      vertex -22 48 0
    endloop
  endfacet
  facet normal 0 -1 0
    outer loop
      vertex -22 3 0
      vertex 22 3 5
      vertex -22 3 5
    endloop
  endfacet
  facet normal 0 -1 -0
    outer loop
      vertex 22 3 5
      vertex -22 3 0
      vertex 22 3 0
    endloop
  endfacet
endsolid OpenSCAD_Model
