solid OpenSCAD_Model
  facet normal 0.321552 0.946892 -0
    outer loop
      vertex -12.1489 100.141 3
      vertex -12.57 100.284 26.3
      vertex -12.1489 100.141 26.3
    endloop
  endfacet
  facet normal 0.321552 0.946892 0
    outer loop
      vertex -12.57 100.284 26.3
      vertex -12.1489 100.141 3
      vertex -12.57 100.284 3
    endloop
  endfacet
  facet normal 0.195165 -0.98077 0
    outer loop
      vertex -13.0062 93.6291 3
      vertex -12.57 93.7159 26.3
      vertex -13.0062 93.6291 26.3
    endloop
  endfacet
  facet normal 0.195165 -0.98077 0
    outer loop
      vertex -12.57 93.7159 26.3
      vertex -13.0062 93.6291 3
      vertex -12.57 93.7159 3
    endloop
  endfacet
  facet normal 0.555582 -0.831462 0
    outer loop
      vertex -11.75 94.0555 3
      vertex -11.3802 94.3026 26.3
      vertex -11.75 94.0555 26.3
    endloop
  endfacet
  facet normal 0.555582 -0.831462 0
    outer loop
      vertex -11.3802 94.3026 26.3
      vertex -11.75 94.0555 3
      vertex -11.3802 94.3026 3
    endloop
  endfacet
  facet normal 0.0652057 0.997872 -0
    outer loop
      vertex -13.0062 100.371 3
      vertex -13.45 100.4 26.3
      vertex -13.0062 100.371 26.3
    endloop
  endfacet
  facet normal 0.0652057 0.997872 0
    outer loop
      vertex -13.45 100.4 26.3
      vertex -13.0062 100.371 3
      vertex -13.45 100.4 3
    endloop
  endfacet
  facet normal -0.32135 -0.94696 0
    outer loop
      vertex -14.7511 93.8588 3
      vertex -14.33 93.7159 26.3
      vertex -14.7511 93.8588 26.3
    endloop
  endfacet
  facet normal -0.32135 -0.94696 -0
    outer loop
      vertex -14.33 93.7159 26.3
      vertex -14.7511 93.8588 3
      vertex -14.33 93.7159 3
    endloop
  endfacet
  facet normal -0.0652057 0.997872 0
    outer loop
      vertex -13.45 100.4 3
      vertex -13.8938 100.371 26.3
      vertex -13.45 100.4 26.3
    endloop
  endfacet
  facet normal -0.0652057 0.997872 0
    outer loop
      vertex -13.8938 100.371 26.3
      vertex -13.45 100.4 3
      vertex -13.8938 100.371 3
    endloop
  endfacet
  facet normal 0.32135 -0.94696 0
    outer loop
      vertex -12.57 93.7159 3
      vertex -12.1489 93.8588 26.3
      vertex -12.57 93.7159 26.3
    endloop
  endfacet
  facet normal 0.32135 -0.94696 0
    outer loop
      vertex -12.1489 93.8588 26.3
      vertex -12.57 93.7159 3
      vertex -12.1489 93.8588 3
    endloop
  endfacet
  facet normal -0.555582 -0.831462 0
    outer loop
      vertex -15.5198 94.3026 3
      vertex -15.15 94.0555 26.3
      vertex -15.5198 94.3026 26.3
    endloop
  endfacet
  facet normal -0.555582 -0.831462 -0
    outer loop
      vertex -15.15 94.0555 26.3
      vertex -15.5198 94.3026 3
      vertex -15.15 94.0555 3
    endloop
  endfacet
  facet normal -0.98077 -0.195165 0
    outer loop
      vertex -16.7341 96.12 3
      vertex -16.8209 96.5562 26.3
      vertex -16.8209 96.5562 3
    endloop
  endfacet
  facet normal -0.98077 -0.195165 0
    outer loop
      vertex -16.8209 96.5562 26.3
      vertex -16.7341 96.12 3
      vertex -16.7341 96.12 26.3
    endloop
  endfacet
  facet normal 0.0654296 -0.997857 0
    outer loop
      vertex -13.45 93.6 3
      vertex -13.0062 93.6291 26.3
      vertex -13.45 93.6 26.3
    endloop
  endfacet
  facet normal 0.0654296 -0.997857 0
    outer loop
      vertex -13.0062 93.6291 26.3
      vertex -13.45 93.6 3
      vertex -13.0062 93.6291 3
    endloop
  endfacet
  facet normal 0.555582 0.831462 -0
    outer loop
      vertex -11.3802 99.6974 3
      vertex -11.75 99.9445 26.3
      vertex -11.3802 99.6974 26.3
    endloop
  endfacet
  facet normal 0.555582 0.831462 0
    outer loop
      vertex -11.75 99.9445 26.3
      vertex -11.3802 99.6974 3
      vertex -11.75 99.9445 3
    endloop
  endfacet
  facet normal -0.321552 0.946892 0
    outer loop
      vertex -14.33 100.284 3
      vertex -14.7511 100.141 26.3
      vertex -14.33 100.284 26.3
    endloop
  endfacet
  facet normal -0.321552 0.946892 0
    outer loop
      vertex -14.7511 100.141 26.3
      vertex -14.33 100.284 3
      vertex -14.7511 100.141 3
    endloop
  endfacet
  facet normal 0.441898 0.897065 -0
    outer loop
      vertex -11.75 99.9445 3
      vertex -12.1489 100.141 26.3
      vertex -11.75 99.9445 26.3
    endloop
  endfacet
  facet normal 0.441898 0.897065 0
    outer loop
      vertex -12.1489 100.141 26.3
      vertex -11.75 99.9445 3
      vertex -12.1489 100.141 3
    endloop
  endfacet
  facet normal -0.659268 -0.751908 0
    outer loop
      vertex -15.8542 94.5958 3
      vertex -15.5198 94.3026 26.3
      vertex -15.8542 94.5958 26.3
    endloop
  endfacet
  facet normal -0.659268 -0.751908 -0
    outer loop
      vertex -15.5198 94.3026 26.3
      vertex -15.8542 94.5958 3
      vertex -15.5198 94.3026 3
    endloop
  endfacet
  facet normal -0.441898 0.897065 0
    outer loop
      vertex -14.7511 100.141 3
      vertex -15.15 99.9445 26.3
      vertex -14.7511 100.141 26.3
    endloop
  endfacet
  facet normal -0.441898 0.897065 0
    outer loop
      vertex -15.15 99.9445 26.3
      vertex -14.7511 100.141 3
      vertex -15.15 99.9445 3
    endloop
  endfacet
  facet normal 0.195597 0.980684 -0
    outer loop
      vertex -12.57 100.284 3
      vertex -13.0062 100.371 26.3
      vertex -12.57 100.284 26.3
    endloop
  endfacet
  facet normal 0.195597 0.980684 0
    outer loop
      vertex -13.0062 100.371 26.3
      vertex -12.57 100.284 3
      vertex -13.0062 100.371 3
    endloop
  endfacet
  facet normal -0.997857 0.0654296 0
    outer loop
      vertex -16.85 97 3
      vertex -16.8209 97.4438 26.3
      vertex -16.8209 97.4438 3
    endloop
  endfacet
  facet normal -0.997857 0.0654296 0
    outer loop
      vertex -16.8209 97.4438 26.3
      vertex -16.85 97 3
      vertex -16.85 97 26.3
    endloop
  endfacet
  facet normal -0.831462 -0.555582 0
    outer loop
      vertex -16.1474 94.9302 3
      vertex -16.3945 95.3 26.3
      vertex -16.3945 95.3 3
    endloop
  endfacet
  facet normal -0.831462 -0.555582 0
    outer loop
      vertex -16.3945 95.3 26.3
      vertex -16.1474 94.9302 3
      vertex -16.1474 94.9302 26.3
    endloop
  endfacet
  facet normal -0.751908 -0.659268 0
    outer loop
      vertex -15.8542 94.5958 3
      vertex -16.1474 94.9302 26.3
      vertex -16.1474 94.9302 3
    endloop
  endfacet
  facet normal -0.751908 -0.659268 0
    outer loop
      vertex -16.1474 94.9302 26.3
      vertex -15.8542 94.5958 3
      vertex -15.8542 94.5958 26.3
    endloop
  endfacet
  facet normal -0.195165 -0.98077 0
    outer loop
      vertex -14.33 93.7159 3
      vertex -13.8938 93.6291 26.3
      vertex -14.33 93.7159 26.3
    endloop
  endfacet
  facet normal -0.195165 -0.98077 -0
    outer loop
      vertex -13.8938 93.6291 26.3
      vertex -14.33 93.7159 3
      vertex -13.8938 93.6291 3
    endloop
  endfacet
  facet normal 0.44226 -0.896887 0
    outer loop
      vertex -12.1489 93.8588 3
      vertex -11.75 94.0555 26.3
      vertex -12.1489 93.8588 26.3
    endloop
  endfacet
  facet normal 0.44226 -0.896887 0
    outer loop
      vertex -11.75 94.0555 26.3
      vertex -12.1489 93.8588 3
      vertex -11.75 94.0555 3
    endloop
  endfacet
  facet normal -0.831462 0.555582 0
    outer loop
      vertex -16.3945 98.7 3
      vertex -16.1474 99.0698 26.3
      vertex -16.1474 99.0698 3
    endloop
  endfacet
  facet normal -0.831462 0.555582 0
    outer loop
      vertex -16.1474 99.0698 26.3
      vertex -16.3945 98.7 3
      vertex -16.3945 98.7 26.3
    endloop
  endfacet
  facet normal -0.98077 0.195165 0
    outer loop
      vertex -16.8209 97.4438 3
      vertex -16.7341 97.88 26.3
      vertex -16.7341 97.88 3
    endloop
  endfacet
  facet normal -0.98077 0.195165 0
    outer loop
      vertex -16.7341 97.88 26.3
      vertex -16.8209 97.4438 3
      vertex -16.8209 97.4438 26.3
    endloop
  endfacet
  facet normal -0.896887 0.44226 0
    outer loop
      vertex -16.5912 98.3011 3
      vertex -16.3945 98.7 26.3
      vertex -16.3945 98.7 3
    endloop
  endfacet
  facet normal -0.896887 0.44226 0
    outer loop
      vertex -16.3945 98.7 26.3
      vertex -16.5912 98.3011 3
      vertex -16.5912 98.3011 26.3
    endloop
  endfacet
  facet normal -0.0654296 -0.997857 0
    outer loop
      vertex -13.8938 93.6291 3
      vertex -13.45 93.6 26.3
      vertex -13.8938 93.6291 26.3
    endloop
  endfacet
  facet normal -0.0654296 -0.997857 -0
    outer loop
      vertex -13.45 93.6 26.3
      vertex -13.8938 93.6291 3
      vertex -13.45 93.6 3
    endloop
  endfacet
  facet normal 0.659375 0.751815 -0
    outer loop
      vertex -11.05 99.4078 3
      vertex -11.3802 99.6974 26.3
      vertex -11.05 99.4078 26.3
    endloop
  endfacet
  facet normal 0.659375 0.751815 0
    outer loop
      vertex -11.3802 99.6974 26.3
      vertex -11.05 99.4078 3
      vertex -11.3802 99.6974 3
    endloop
  endfacet
  facet normal 0 0 1
    outer loop
      vertex -12.3186 98.1314 26.3
      vertex -11.05 99.4078 26.3
      vertex -11.3802 99.6974 26.3
    endloop
  endfacet
  facet normal 0 0 1
    outer loop
      vertex -11.05 99.4078 26.3
      vertex -11.85 97 26.3
      vertex -11.05 94.5922 26.3
    endloop
  endfacet
  facet normal 0 0 1
    outer loop
      vertex -12.65 98.3856 26.3
      vertex -11.3802 99.6974 26.3
      vertex -11.75 99.9445 26.3
    endloop
  endfacet
  facet normal -0 0 1
    outer loop
      vertex -11.9045 96.5859 26.3
      vertex -11.05 94.5922 26.3
      vertex -11.85 97 26.3
    endloop
  endfacet
  facet normal -0 0 1
    outer loop
      vertex -12.0644 96.2 26.3
      vertex -11.05 94.5922 26.3
      vertex -11.9045 96.5859 26.3
    endloop
  endfacet
  facet normal 0 0 1
    outer loop
      vertex -11.05 99.4078 26.3
      vertex -11.9045 97.4141 26.3
      vertex -11.85 97 26.3
    endloop
  endfacet
  facet normal 0 0 1
    outer loop
      vertex -11.05 99.4078 26.3
      vertex -12.0644 97.8 26.3
      vertex -11.9045 97.4141 26.3
    endloop
  endfacet
  facet normal 0 0 1
    outer loop
      vertex -12.65 98.3856 26.3
      vertex -11.75 99.9445 26.3
      vertex -12.1489 100.141 26.3
    endloop
  endfacet
  facet normal 0 0 1
    outer loop
      vertex -11.05 99.4078 26.3
      vertex -12.3186 98.1314 26.3
      vertex -12.0644 97.8 26.3
    endloop
  endfacet
  facet normal 0 0 1
    outer loop
      vertex -13.0359 98.5455 26.3
      vertex -12.1489 100.141 26.3
      vertex -12.57 100.284 26.3
    endloop
  endfacet
  facet normal 0 0 1
    outer loop
      vertex -11.3802 99.6974 26.3
      vertex -12.65 98.3856 26.3
      vertex -12.3186 98.1314 26.3
    endloop
  endfacet
  facet normal 0 0 1
    outer loop
      vertex -13.0359 98.5455 26.3
      vertex -12.57 100.284 26.3
      vertex -13.0062 100.371 26.3
    endloop
  endfacet
  facet normal 0 0 1
    outer loop
      vertex -12.1489 100.141 26.3
      vertex -13.0359 98.5455 26.3
      vertex -12.65 98.3856 26.3
    endloop
  endfacet
  facet normal 0 0 1
    outer loop
      vertex -13.45 98.6 26.3
      vertex -13.0062 100.371 26.3
      vertex -13.45 100.4 26.3
    endloop
  endfacet
  facet normal 0 0 1
    outer loop
      vertex -13.0062 100.371 26.3
      vertex -13.45 98.6 26.3
      vertex -13.0359 98.5455 26.3
    endloop
  endfacet
  facet normal -0 0 1
    outer loop
      vertex -13.8938 100.371 26.3
      vertex -13.45 98.6 26.3
      vertex -13.45 100.4 26.3
    endloop
  endfacet
  facet normal 0 0 1
    outer loop
      vertex -13.45 98.6 26.3
      vertex -13.8938 100.371 26.3
      vertex -13.8641 98.5455 26.3
    endloop
  endfacet
  facet normal -0 0 1
    outer loop
      vertex -14.33 100.284 26.3
      vertex -13.8641 98.5455 26.3
      vertex -13.8938 100.371 26.3
    endloop
  endfacet
  facet normal -0 0 1
    outer loop
      vertex -14.7511 100.141 26.3
      vertex -13.8641 98.5455 26.3
      vertex -14.33 100.284 26.3
    endloop
  endfacet
  facet normal 0 0 1
    outer loop
      vertex -13.8641 98.5455 26.3
      vertex -14.7511 100.141 26.3
      vertex -14.25 98.3856 26.3
    endloop
  endfacet
  facet normal -0 0 1
    outer loop
      vertex -15.15 99.9445 26.3
      vertex -14.25 98.3856 26.3
      vertex -14.7511 100.141 26.3
    endloop
  endfacet
  facet normal -0 0 1
    outer loop
      vertex -15.5198 99.6974 26.3
      vertex -14.25 98.3856 26.3
      vertex -15.15 99.9445 26.3
    endloop
  endfacet
  facet normal 0 0 1
    outer loop
      vertex -14.25 98.3856 26.3
      vertex -15.5198 99.6974 26.3
      vertex -14.5814 98.1314 26.3
    endloop
  endfacet
  facet normal -0 0 1
    outer loop
      vertex -15.8542 99.4042 26.3
      vertex -14.5814 98.1314 26.3
      vertex -15.5198 99.6974 26.3
    endloop
  endfacet
  facet normal -0 0 1
    outer loop
      vertex -16.1474 99.0698 26.3
      vertex -14.5814 98.1314 26.3
      vertex -15.8542 99.4042 26.3
    endloop
  endfacet
  facet normal -0 0 1
    outer loop
      vertex -12.3186 95.8686 26.3
      vertex -11.05 94.5922 26.3
      vertex -12.0644 96.2 26.3
    endloop
  endfacet
  facet normal 0 0 1
    outer loop
      vertex -11.05 94.5922 26.3
      vertex -12.3186 95.8686 26.3
      vertex -11.3802 94.3026 26.3
    endloop
  endfacet
  facet normal -0 0 1
    outer loop
      vertex -12.65 95.6144 26.3
      vertex -11.3802 94.3026 26.3
      vertex -12.3186 95.8686 26.3
    endloop
  endfacet
  facet normal 0 0 1
    outer loop
      vertex -11.3802 94.3026 26.3
      vertex -12.65 95.6144 26.3
      vertex -11.75 94.0555 26.3
    endloop
  endfacet
  facet normal 0 0 1
    outer loop
      vertex -11.75 94.0555 26.3
      vertex -12.65 95.6144 26.3
      vertex -12.1489 93.8588 26.3
    endloop
  endfacet
  facet normal -0 0 1
    outer loop
      vertex -13.0359 95.4545 26.3
      vertex -12.1489 93.8588 26.3
      vertex -12.65 95.6144 26.3
    endloop
  endfacet
  facet normal 0 0 1
    outer loop
      vertex -12.1489 93.8588 26.3
      vertex -13.0359 95.4545 26.3
      vertex -12.57 93.7159 26.3
    endloop
  endfacet
  facet normal 0 0 1
    outer loop
      vertex -12.57 93.7159 26.3
      vertex -13.0359 95.4545 26.3
      vertex -13.0062 93.6291 26.3
    endloop
  endfacet
  facet normal -0 0 1
    outer loop
      vertex -13.45 95.4 26.3
      vertex -13.0062 93.6291 26.3
      vertex -13.0359 95.4545 26.3
    endloop
  endfacet
  facet normal 0 0 1
    outer loop
      vertex -13.45 95.4 26.3
      vertex -13.45 93.6 26.3
      vertex -13.0062 93.6291 26.3
    endloop
  endfacet
  facet normal 0 0 1
    outer loop
      vertex -13.8938 93.6291 26.3
      vertex -13.45 95.4 26.3
      vertex -13.8641 95.4545 26.3
    endloop
  endfacet
  facet normal 0 0 1
    outer loop
      vertex -13.45 95.4 26.3
      vertex -13.8938 93.6291 26.3
      vertex -13.45 93.6 26.3
    endloop
  endfacet
  facet normal 0 0 1
    outer loop
      vertex -14.7511 93.8588 26.3
      vertex -13.8641 95.4545 26.3
      vertex -14.25 95.6144 26.3
    endloop
  endfacet
  facet normal 0 0 1
    outer loop
      vertex -13.8641 95.4545 26.3
      vertex -14.33 93.7159 26.3
      vertex -13.8938 93.6291 26.3
    endloop
  endfacet
  facet normal 0 0 1
    outer loop
      vertex -15.5198 94.3026 26.3
      vertex -14.25 95.6144 26.3
      vertex -14.5814 95.8686 26.3
    endloop
  endfacet
  facet normal 0 0 1
    outer loop
      vertex -13.8641 95.4545 26.3
      vertex -14.7511 93.8588 26.3
      vertex -14.33 93.7159 26.3
    endloop
  endfacet
  facet normal 0 0 1
    outer loop
      vertex -16.1474 94.9302 26.3
      vertex -14.5814 95.8686 26.3
      vertex -14.8356 96.2 26.3
    endloop
  endfacet
  facet normal 0 0 1
    outer loop
      vertex -16.5912 95.6989 26.3
      vertex -14.8356 96.2 26.3
      vertex -14.9955 96.5859 26.3
    endloop
  endfacet
  facet normal 0 0 1
    outer loop
      vertex -16.8209 96.5562 26.3
      vertex -14.9955 96.5859 26.3
      vertex -15.05 97 26.3
    endloop
  endfacet
  facet normal 0 0 1
    outer loop
      vertex -14.25 95.6144 26.3
      vertex -15.15 94.0555 26.3
      vertex -14.7511 93.8588 26.3
    endloop
  endfacet
  facet normal 0 0 1
    outer loop
      vertex -14.5814 98.1314 26.3
      vertex -16.1474 99.0698 26.3
      vertex -14.8356 97.8 26.3
    endloop
  endfacet
  facet normal -0 0 1
    outer loop
      vertex -16.3945 98.7 26.3
      vertex -14.8356 97.8 26.3
      vertex -16.1474 99.0698 26.3
    endloop
  endfacet
  facet normal 0 0 1
    outer loop
      vertex -14.25 95.6144 26.3
      vertex -15.5198 94.3026 26.3
      vertex -15.15 94.0555 26.3
    endloop
  endfacet
  facet normal -0 0 1
    outer loop
      vertex -16.5912 98.3011 26.3
      vertex -14.8356 97.8 26.3
      vertex -16.3945 98.7 26.3
    endloop
  endfacet
  facet normal 0 0 1
    outer loop
      vertex -14.5814 95.8686 26.3
      vertex -15.8542 94.5958 26.3
      vertex -15.5198 94.3026 26.3
    endloop
  endfacet
  facet normal 0 0 1
    outer loop
      vertex -14.8356 97.8 26.3
      vertex -16.5912 98.3011 26.3
      vertex -14.9955 97.4141 26.3
    endloop
  endfacet
  facet normal 0 0 1
    outer loop
      vertex -14.5814 95.8686 26.3
      vertex -16.1474 94.9302 26.3
      vertex -15.8542 94.5958 26.3
    endloop
  endfacet
  facet normal -0 0 1
    outer loop
      vertex -16.7341 97.88 26.3
      vertex -14.9955 97.4141 26.3
      vertex -16.5912 98.3011 26.3
    endloop
  endfacet
  facet normal 0 0 1
    outer loop
      vertex -14.8356 96.2 26.3
      vertex -16.3945 95.3 26.3
      vertex -16.1474 94.9302 26.3
    endloop
  endfacet
  facet normal -0 0 1
    outer loop
      vertex -16.8209 97.4438 26.3
      vertex -14.9955 97.4141 26.3
      vertex -16.7341 97.88 26.3
    endloop
  endfacet
  facet normal 0 0 1
    outer loop
      vertex -14.8356 96.2 26.3
      vertex -16.5912 95.6989 26.3
      vertex -16.3945 95.3 26.3
    endloop
  endfacet
  facet normal 0 0 1
    outer loop
      vertex -14.9955 97.4141 26.3
      vertex -16.8209 97.4438 26.3
      vertex -15.05 97 26.3
    endloop
  endfacet
  facet normal 0 0 1
    outer loop
      vertex -14.9955 96.5859 26.3
      vertex -16.7341 96.12 26.3
      vertex -16.5912 95.6989 26.3
    endloop
  endfacet
  facet normal 0 0 1
    outer loop
      vertex -16.85 97 26.3
      vertex -15.05 97 26.3
      vertex -16.8209 97.4438 26.3
    endloop
  endfacet
  facet normal 0 0 1
    outer loop
      vertex -14.9955 96.5859 26.3
      vertex -16.8209 96.5562 26.3
      vertex -16.7341 96.12 26.3
    endloop
  endfacet
  facet normal 0 0 1
    outer loop
      vertex -15.05 97 26.3
      vertex -16.85 97 26.3
      vertex -16.8209 96.5562 26.3
    endloop
  endfacet
  facet normal -0 0 1
    outer loop
      vertex 9.05 103.8 26.3
      vertex 11.05 99.4078 26.3
      vertex 11.05 105.8 26.3
    endloop
  endfacet
  facet normal 0 0 1
    outer loop
      vertex 11.05 99.4078 26.3
      vertex 9.05 103.8 26.3
      vertex 11.05 94.5922 26.3
    endloop
  endfacet
  facet normal 0 0 1
    outer loop
      vertex 9.05 90.2 26.3
      vertex 11.05 94.5922 26.3
      vertex 9.05 103.8 26.3
    endloop
  endfacet
  facet normal 0 0 1
    outer loop
      vertex 11.05 105.8 26.3
      vertex -9.05 103.8 26.3
      vertex 9.05 103.8 26.3
    endloop
  endfacet
  facet normal 0 0 1
    outer loop
      vertex -11.05 99.4078 26.3
      vertex -9.05 103.8 26.3
      vertex -11.05 105.8 26.3
    endloop
  endfacet
  facet normal -0 0 1
    outer loop
      vertex -11.05 105.8 26.3
      vertex -9.05 103.8 26.3
      vertex 11.05 105.8 26.3
    endloop
  endfacet
  facet normal 0 0 1
    outer loop
      vertex 11.05 94.5922 26.3
      vertex 9.05 90.2 26.3
      vertex 11.05 88.2 26.3
    endloop
  endfacet
  facet normal -0 0 1
    outer loop
      vertex -9.05 90.2 26.3
      vertex 11.05 88.2 26.3
      vertex 9.05 90.2 26.3
    endloop
  endfacet
  facet normal 0 0 1
    outer loop
      vertex -9.05 103.8 26.3
      vertex -11.05 99.4078 26.3
      vertex -9.05 90.2 26.3
    endloop
  endfacet
  facet normal -0 0 1
    outer loop
      vertex -11.05 94.5922 26.3
      vertex -9.05 90.2 26.3
      vertex -11.05 99.4078 26.3
    endloop
  endfacet
  facet normal 0 0 1
    outer loop
      vertex -9.05 90.2 26.3
      vertex -11.05 88.2 26.3
      vertex 11.05 88.2 26.3
    endloop
  endfacet
  facet normal 0 0 1
    outer loop
      vertex -11.05 88.2 26.3
      vertex -9.05 90.2 26.3
      vertex -11.05 94.5922 26.3
    endloop
  endfacet
  facet normal 0 0 1
    outer loop
      vertex 15.05 97 26.3
      vertex 16.85 97 26.3
      vertex 16.8209 97.4438 26.3
    endloop
  endfacet
  facet normal 0 0 1
    outer loop
      vertex 14.9955 97.4141 26.3
      vertex 16.8209 97.4438 26.3
      vertex 16.7341 97.88 26.3
    endloop
  endfacet
  facet normal 0 0 1
    outer loop
      vertex 16.85 97 26.3
      vertex 15.05 97 26.3
      vertex 16.8209 96.5562 26.3
    endloop
  endfacet
  facet normal 0 0 1
    outer loop
      vertex 14.9955 97.4141 26.3
      vertex 16.7341 97.88 26.3
      vertex 16.5912 98.3011 26.3
    endloop
  endfacet
  facet normal -0 0 1
    outer loop
      vertex 14.9955 96.5859 26.3
      vertex 16.8209 96.5562 26.3
      vertex 15.05 97 26.3
    endloop
  endfacet
  facet normal 0 0 1
    outer loop
      vertex 14.8356 97.8 26.3
      vertex 16.5912 98.3011 26.3
      vertex 16.3945 98.7 26.3
    endloop
  endfacet
  facet normal 0 0 1
    outer loop
      vertex 16.8209 96.5562 26.3
      vertex 14.9955 96.5859 26.3
      vertex 16.7341 96.12 26.3
    endloop
  endfacet
  facet normal 0 0 1
    outer loop
      vertex 14.8356 97.8 26.3
      vertex 16.3945 98.7 26.3
      vertex 16.1474 99.0698 26.3
    endloop
  endfacet
  facet normal 0 0 1
    outer loop
      vertex 16.7341 96.12 26.3
      vertex 14.9955 96.5859 26.3
      vertex 16.5912 95.6989 26.3
    endloop
  endfacet
  facet normal 0 0 1
    outer loop
      vertex 14.5814 98.1314 26.3
      vertex 16.1474 99.0698 26.3
      vertex 15.8542 99.4042 26.3
    endloop
  endfacet
  facet normal -0 0 1
    outer loop
      vertex 14.8356 96.2 26.3
      vertex 16.5912 95.6989 26.3
      vertex 14.9955 96.5859 26.3
    endloop
  endfacet
  facet normal 0 0 1
    outer loop
      vertex 14.5814 98.1314 26.3
      vertex 15.8542 99.4042 26.3
      vertex 15.5198 99.6974 26.3
    endloop
  endfacet
  facet normal 0 0 1
    outer loop
      vertex 16.5912 95.6989 26.3
      vertex 14.8356 96.2 26.3
      vertex 16.3945 95.3 26.3
    endloop
  endfacet
  facet normal 0 0 1
    outer loop
      vertex 14.25 98.3856 26.3
      vertex 15.5198 99.6974 26.3
      vertex 15.15 99.9445 26.3
    endloop
  endfacet
  facet normal 0 0 1
    outer loop
      vertex 16.3945 95.3 26.3
      vertex 14.8356 96.2 26.3
      vertex 16.1474 94.9302 26.3
    endloop
  endfacet
  facet normal -0 0 1
    outer loop
      vertex 14.5814 95.8686 26.3
      vertex 16.1474 94.9302 26.3
      vertex 14.8356 96.2 26.3
    endloop
  endfacet
  facet normal 0 0 1
    outer loop
      vertex 16.8209 97.4438 26.3
      vertex 14.9955 97.4141 26.3
      vertex 15.05 97 26.3
    endloop
  endfacet
  facet normal 0 0 1
    outer loop
      vertex 16.5912 98.3011 26.3
      vertex 14.8356 97.8 26.3
      vertex 14.9955 97.4141 26.3
    endloop
  endfacet
  facet normal 0 0 1
    outer loop
      vertex 14.25 98.3856 26.3
      vertex 15.15 99.9445 26.3
      vertex 14.7511 100.141 26.3
    endloop
  endfacet
  facet normal 0 0 1
    outer loop
      vertex 16.1474 99.0698 26.3
      vertex 14.5814 98.1314 26.3
      vertex 14.8356 97.8 26.3
    endloop
  endfacet
  facet normal 0 0 1
    outer loop
      vertex 13.8641 98.5455 26.3
      vertex 14.7511 100.141 26.3
      vertex 14.33 100.284 26.3
    endloop
  endfacet
  facet normal 0 0 1
    outer loop
      vertex 15.5198 99.6974 26.3
      vertex 14.25 98.3856 26.3
      vertex 14.5814 98.1314 26.3
    endloop
  endfacet
  facet normal 0 0 1
    outer loop
      vertex 13.8641 98.5455 26.3
      vertex 14.33 100.284 26.3
      vertex 13.8938 100.371 26.3
    endloop
  endfacet
  facet normal 0 0 1
    outer loop
      vertex 14.7511 100.141 26.3
      vertex 13.8641 98.5455 26.3
      vertex 14.25 98.3856 26.3
    endloop
  endfacet
  facet normal 0 0 1
    outer loop
      vertex 13.45 98.6 26.3
      vertex 13.8938 100.371 26.3
      vertex 13.45 100.4 26.3
    endloop
  endfacet
  facet normal 0 0 1
    outer loop
      vertex 13.8938 100.371 26.3
      vertex 13.45 98.6 26.3
      vertex 13.8641 98.5455 26.3
    endloop
  endfacet
  facet normal -0 0 1
    outer loop
      vertex 13.0062 100.371 26.3
      vertex 13.45 98.6 26.3
      vertex 13.45 100.4 26.3
    endloop
  endfacet
  facet normal 0 0 1
    outer loop
      vertex 13.45 98.6 26.3
      vertex 13.0062 100.371 26.3
      vertex 13.0359 98.5455 26.3
    endloop
  endfacet
  facet normal -0 0 1
    outer loop
      vertex 12.57 100.284 26.3
      vertex 13.0359 98.5455 26.3
      vertex 13.0062 100.371 26.3
    endloop
  endfacet
  facet normal -0 0 1
    outer loop
      vertex 12.1489 100.141 26.3
      vertex 13.0359 98.5455 26.3
      vertex 12.57 100.284 26.3
    endloop
  endfacet
  facet normal 0 0 1
    outer loop
      vertex 13.0359 98.5455 26.3
      vertex 12.1489 100.141 26.3
      vertex 12.65 98.3856 26.3
    endloop
  endfacet
  facet normal -0 0 1
    outer loop
      vertex 11.75 99.9445 26.3
      vertex 12.65 98.3856 26.3
      vertex 12.1489 100.141 26.3
    endloop
  endfacet
  facet normal -0 0 1
    outer loop
      vertex 11.3802 99.6974 26.3
      vertex 12.65 98.3856 26.3
      vertex 11.75 99.9445 26.3
    endloop
  endfacet
  facet normal 0 0 1
    outer loop
      vertex 12.65 98.3856 26.3
      vertex 11.3802 99.6974 26.3
      vertex 12.3186 98.1314 26.3
    endloop
  endfacet
  facet normal -0 0 1
    outer loop
      vertex 11.05 99.4078 26.3
      vertex 12.3186 98.1314 26.3
      vertex 11.3802 99.6974 26.3
    endloop
  endfacet
  facet normal 0 0 1
    outer loop
      vertex 12.3186 98.1314 26.3
      vertex 11.05 99.4078 26.3
      vertex 12.0644 97.8 26.3
    endloop
  endfacet
  facet normal 0 0 1
    outer loop
      vertex 16.1474 94.9302 26.3
      vertex 14.5814 95.8686 26.3
      vertex 15.8542 94.5958 26.3
    endloop
  endfacet
  facet normal 0 0 1
    outer loop
      vertex 15.8542 94.5958 26.3
      vertex 14.5814 95.8686 26.3
      vertex 15.5198 94.3026 26.3
    endloop
  endfacet
  facet normal -0 0 1
    outer loop
      vertex 14.25 95.6144 26.3
      vertex 15.5198 94.3026 26.3
      vertex 14.5814 95.8686 26.3
    endloop
  endfacet
  facet normal 0 0 1
    outer loop
      vertex 15.5198 94.3026 26.3
      vertex 14.25 95.6144 26.3
      vertex 15.15 94.0555 26.3
    endloop
  endfacet
  facet normal 0 0 1
    outer loop
      vertex 15.15 94.0555 26.3
      vertex 14.25 95.6144 26.3
      vertex 14.7511 93.8588 26.3
    endloop
  endfacet
  facet normal -0 0 1
    outer loop
      vertex 13.8641 95.4545 26.3
      vertex 14.7511 93.8588 26.3
      vertex 14.25 95.6144 26.3
    endloop
  endfacet
  facet normal 0 0 1
    outer loop
      vertex 14.7511 93.8588 26.3
      vertex 13.8641 95.4545 26.3
      vertex 14.33 93.7159 26.3
    endloop
  endfacet
  facet normal 0 0 1
    outer loop
      vertex 14.33 93.7159 26.3
      vertex 13.8641 95.4545 26.3
      vertex 13.8938 93.6291 26.3
    endloop
  endfacet
  facet normal -0 0 1
    outer loop
      vertex 13.45 95.4 26.3
      vertex 13.8938 93.6291 26.3
      vertex 13.8641 95.4545 26.3
    endloop
  endfacet
  facet normal 0 0 1
    outer loop
      vertex 13.45 95.4 26.3
      vertex 13.45 93.6 26.3
      vertex 13.8938 93.6291 26.3
    endloop
  endfacet
  facet normal 0 0 1
    outer loop
      vertex 13.0062 93.6291 26.3
      vertex 13.45 95.4 26.3
      vertex 13.0359 95.4545 26.3
    endloop
  endfacet
  facet normal 0 0 1
    outer loop
      vertex 13.45 95.4 26.3
      vertex 13.0062 93.6291 26.3
      vertex 13.45 93.6 26.3
    endloop
  endfacet
  facet normal 0 0 1
    outer loop
      vertex 12.1489 93.8588 26.3
      vertex 13.0359 95.4545 26.3
      vertex 12.65 95.6144 26.3
    endloop
  endfacet
  facet normal 0 0 1
    outer loop
      vertex 13.0359 95.4545 26.3
      vertex 12.57 93.7159 26.3
      vertex 13.0062 93.6291 26.3
    endloop
  endfacet
  facet normal 0 0 1
    outer loop
      vertex 11.3802 94.3026 26.3
      vertex 12.65 95.6144 26.3
      vertex 12.3186 95.8686 26.3
    endloop
  endfacet
  facet normal 0 0 1
    outer loop
      vertex 13.0359 95.4545 26.3
      vertex 12.1489 93.8588 26.3
      vertex 12.57 93.7159 26.3
    endloop
  endfacet
  facet normal 0 0 1
    outer loop
      vertex 11.05 94.5922 26.3
      vertex 12.3186 95.8686 26.3
      vertex 12.0644 96.2 26.3
    endloop
  endfacet
  facet normal 0 0 1
    outer loop
      vertex 11.05 94.5922 26.3
      vertex 12.0644 96.2 26.3
      vertex 11.9045 96.5859 26.3
    endloop
  endfacet
  facet normal 0 0 1
    outer loop
      vertex 11.05 94.5922 26.3
      vertex 11.9045 96.5859 26.3
      vertex 11.85 97 26.3
    endloop
  endfacet
  facet normal 0 0 1
    outer loop
      vertex 12.65 95.6144 26.3
      vertex 11.75 94.0555 26.3
      vertex 12.1489 93.8588 26.3
    endloop
  endfacet
  facet normal 0 0 1
    outer loop
      vertex 12.0644 97.8 26.3
      vertex 11.05 99.4078 26.3
      vertex 11.9045 97.4141 26.3
    endloop
  endfacet
  facet normal 0 0 1
    outer loop
      vertex 11.9045 97.4141 26.3
      vertex 11.05 99.4078 26.3
      vertex 11.85 97 26.3
    endloop
  endfacet
  facet normal 0 0 1
    outer loop
      vertex 12.65 95.6144 26.3
      vertex 11.3802 94.3026 26.3
      vertex 11.75 94.0555 26.3
    endloop
  endfacet
  facet normal 0 0 1
    outer loop
      vertex 11.05 94.5922 26.3
      vertex 11.85 97 26.3
      vertex 11.05 99.4078 26.3
    endloop
  endfacet
  facet normal 0 0 1
    outer loop
      vertex 12.3186 95.8686 26.3
      vertex 11.05 94.5922 26.3
      vertex 11.3802 94.3026 26.3
    endloop
  endfacet
  facet normal 0.659375 -0.751815 0
    outer loop
      vertex -11.3802 94.3026 3
      vertex -11.05 94.5922 26.3
      vertex -11.3802 94.3026 26.3
    endloop
  endfacet
  facet normal 0.659375 -0.751815 0
    outer loop
      vertex -11.05 94.5922 26.3
      vertex -11.3802 94.3026 3
      vertex -11.05 94.5922 3
    endloop
  endfacet
  facet normal -0.44226 -0.896887 0
    outer loop
      vertex -15.15 94.0555 3
      vertex -14.7511 93.8588 26.3
      vertex -15.15 94.0555 26.3
    endloop
  endfacet
  facet normal -0.44226 -0.896887 -0
    outer loop
      vertex -14.7511 93.8588 26.3
      vertex -15.15 94.0555 3
      vertex -14.7511 93.8588 3
    endloop
  endfacet
  facet normal -0.896887 -0.44226 0
    outer loop
      vertex -16.3945 95.3 3
      vertex -16.5912 95.6989 26.3
      vertex -16.5912 95.6989 3
    endloop
  endfacet
  facet normal -0.896887 -0.44226 0
    outer loop
      vertex -16.5912 95.6989 26.3
      vertex -16.3945 95.3 3
      vertex -16.3945 95.3 26.3
    endloop
  endfacet
  facet normal -0.659268 0.751908 0
    outer loop
      vertex -15.5198 99.6974 3
      vertex -15.8542 99.4042 26.3
      vertex -15.5198 99.6974 26.3
    endloop
  endfacet
  facet normal -0.659268 0.751908 0
    outer loop
      vertex -15.8542 99.4042 26.3
      vertex -15.5198 99.6974 3
      vertex -15.8542 99.4042 3
    endloop
  endfacet
  facet normal -0.555582 0.831462 0
    outer loop
      vertex -15.15 99.9445 3
      vertex -15.5198 99.6974 26.3
      vertex -15.15 99.9445 26.3
    endloop
  endfacet
  facet normal -0.555582 0.831462 0
    outer loop
      vertex -15.5198 99.6974 26.3
      vertex -15.15 99.9445 3
      vertex -15.5198 99.6974 3
    endloop
  endfacet
  facet normal -0.195597 0.980684 0
    outer loop
      vertex -13.8938 100.371 3
      vertex -14.33 100.284 26.3
      vertex -13.8938 100.371 26.3
    endloop
  endfacet
  facet normal -0.195597 0.980684 0
    outer loop
      vertex -14.33 100.284 26.3
      vertex -13.8938 100.371 3
      vertex -14.33 100.284 3
    endloop
  endfacet
  facet normal -0.751908 0.659268 0
    outer loop
      vertex -16.1474 99.0698 3
      vertex -15.8542 99.4042 26.3
      vertex -15.8542 99.4042 3
    endloop
  endfacet
  facet normal -0.751908 0.659268 0
    outer loop
      vertex -15.8542 99.4042 26.3
      vertex -16.1474 99.0698 3
      vertex -16.1474 99.0698 26.3
    endloop
  endfacet
  facet normal -0.94696 0.32135 0
    outer loop
      vertex -16.7341 97.88 3
      vertex -16.5912 98.3011 26.3
      vertex -16.5912 98.3011 3
    endloop
  endfacet
  facet normal -0.94696 0.32135 0
    outer loop
      vertex -16.5912 98.3011 26.3
      vertex -16.7341 97.88 3
      vertex -16.7341 97.88 26.3
    endloop
  endfacet
  facet normal -0.997857 -0.0654296 0
    outer loop
      vertex -16.8209 96.5562 3
      vertex -16.85 97 26.3
      vertex -16.85 97 3
    endloop
  endfacet
  facet normal -0.997857 -0.0654296 0
    outer loop
      vertex -16.85 97 26.3
      vertex -16.8209 96.5562 3
      vertex -16.8209 96.5562 26.3
    endloop
  endfacet
  facet normal -0.94696 -0.32135 0
    outer loop
      vertex -16.5912 95.6989 3
      vertex -16.7341 96.12 26.3
      vertex -16.7341 96.12 3
    endloop
  endfacet
  facet normal -0.94696 -0.32135 0
    outer loop
      vertex -16.7341 96.12 26.3
      vertex -16.5912 95.6989 3
      vertex -16.5912 95.6989 26.3
    endloop
  endfacet
  facet normal 0 0 1
    outer loop
      vertex -8.3 58.2 3
      vertex -12.9579 53.32 3
      vertex -12.9 52.88 3
    endloop
  endfacet
  facet normal 0 0 1
    outer loop
      vertex -15.04 54.5221 3
      vertex -12.7698 68.3026 3
      vertex -13.1042 68.5958 3
    endloop
  endfacet
  facet normal 0 0 1
    outer loop
      vertex -12.4 68.0555 3
      vertex -13.1278 53.73 3
      vertex -12.9579 53.32 3
    endloop
  endfacet
  facet normal 0 0 1
    outer loop
      vertex -15.45 54.3522 3
      vertex -13.1042 68.5958 3
      vertex -13.3974 68.9302 3
    endloop
  endfacet
  facet normal 0 0 1
    outer loop
      vertex -12.4 68.0555 3
      vertex -13.3979 54.0821 3
      vertex -13.1278 53.73 3
    endloop
  endfacet
  facet normal 0 0 1
    outer loop
      vertex -15.8021 54.0821 3
      vertex -13.3974 68.9302 3
      vertex -13.6445 69.3 3
    endloop
  endfacet
  facet normal 0 0 1
    outer loop
      vertex -12.4 68.0555 3
      vertex -13.75 54.3522 3
      vertex -13.3979 54.0821 3
    endloop
  endfacet
  facet normal 0 0 1
    outer loop
      vertex -15.8021 54.0821 3
      vertex -13.6445 69.3 3
      vertex -13.8412 69.6989 3
    endloop
  endfacet
  facet normal 0 0 1
    outer loop
      vertex -16.0722 53.73 3
      vertex -13.8412 69.6989 3
      vertex -13.9841 70.12 3
    endloop
  endfacet
  facet normal 0 0 1
    outer loop
      vertex -24 47 3
      vertex -13.9841 70.12 3
      vertex -14.0709 70.5562 3
    endloop
  endfacet
  facet normal 0 0 1
    outer loop
      vertex -24 47 3
      vertex -14.0709 70.5562 3
      vertex -14.1 71 3
    endloop
  endfacet
  facet normal 0 0 1
    outer loop
      vertex -12.4 68.0555 3
      vertex -14.16 54.5221 3
      vertex -13.75 54.3522 3
    endloop
  endfacet
  facet normal -0 0 1
    outer loop
      vertex -11.3802 94.3026 3
      vertex -11.05 88.2 3
      vertex -11.05 94.5922 3
    endloop
  endfacet
  facet normal -0 0 1
    outer loop
      vertex -11.75 94.0555 3
      vertex -11.05 88.2 3
      vertex -11.3802 94.3026 3
    endloop
  endfacet
  facet normal -0 0 1
    outer loop
      vertex -12.1489 93.8588 3
      vertex -11.05 88.2 3
      vertex -11.75 94.0555 3
    endloop
  endfacet
  facet normal -0 0 1
    outer loop
      vertex -12.57 93.7159 3
      vertex -11.05 88.2 3
      vertex -12.1489 93.8588 3
    endloop
  endfacet
  facet normal -0 0 1
    outer loop
      vertex -13.0062 93.6291 3
      vertex -11.05 88.2 3
      vertex -12.57 93.7159 3
    endloop
  endfacet
  facet normal -0 0 1
    outer loop
      vertex -13.45 93.6 3
      vertex -11.05 88.2 3
      vertex -13.0062 93.6291 3
    endloop
  endfacet
  facet normal 0 0 1
    outer loop
      vertex -13.8938 93.6291 3
      vertex -11.05 88.2 3
      vertex -13.45 93.6 3
    endloop
  endfacet
  facet normal 0 0 1
    outer loop
      vertex -11.05 88.2 3
      vertex -11.58 74.2841 3
      vertex -11.1438 74.3709 3
    endloop
  endfacet
  facet normal 0 0 1
    outer loop
      vertex -14.33 93.7159 3
      vertex -11.05 88.2 3
      vertex -13.8938 93.6291 3
    endloop
  endfacet
  facet normal 0 0 1
    outer loop
      vertex -11.05 88.2 3
      vertex -12.0011 74.1412 3
      vertex -11.58 74.2841 3
    endloop
  endfacet
  facet normal 0 0 1
    outer loop
      vertex -14.7511 93.8588 3
      vertex -11.05 88.2 3
      vertex -14.33 93.7159 3
    endloop
  endfacet
  facet normal 0 0 1
    outer loop
      vertex -11.05 88.2 3
      vertex -12.4 73.9445 3
      vertex -12.0011 74.1412 3
    endloop
  endfacet
  facet normal 0 0 1
    outer loop
      vertex -15.15 94.0555 3
      vertex -11.05 88.2 3
      vertex -14.7511 93.8588 3
    endloop
  endfacet
  facet normal 0 0 1
    outer loop
      vertex -11.05 88.2 3
      vertex -12.7698 73.6974 3
      vertex -12.4 73.9445 3
    endloop
  endfacet
  facet normal 0 0 1
    outer loop
      vertex -15.5198 94.3026 3
      vertex -11.05 88.2 3
      vertex -15.15 94.0555 3
    endloop
  endfacet
  facet normal 0 0 1
    outer loop
      vertex -11.05 88.2 3
      vertex -13.1042 73.4042 3
      vertex -12.7698 73.6974 3
    endloop
  endfacet
  facet normal 0 -0 1
    outer loop
      vertex -13.3974 73.0698 3
      vertex -11.05 88.2 3
      vertex -15.5198 94.3026 3
    endloop
  endfacet
  facet normal 0 0 1
    outer loop
      vertex -11.05 88.2 3
      vertex -13.3974 73.0698 3
      vertex -13.1042 73.4042 3
    endloop
  endfacet
  facet normal 0 0 1
    outer loop
      vertex -15.8542 94.5958 3
      vertex -13.3974 73.0698 3
      vertex -15.5198 94.3026 3
    endloop
  endfacet
  facet normal 0 0 1
    outer loop
      vertex -13.3974 73.0698 3
      vertex -15.8542 94.5958 3
      vertex -13.6445 72.7 3
    endloop
  endfacet
  facet normal 0 0 1
    outer loop
      vertex -16.1474 94.9302 3
      vertex -13.6445 72.7 3
      vertex -15.8542 94.5958 3
    endloop
  endfacet
  facet normal 0 0 1
    outer loop
      vertex -12.4 68.0555 3
      vertex -14.6 54.58 3
      vertex -14.16 54.5221 3
    endloop
  endfacet
  facet normal 0 0 1
    outer loop
      vertex -13.6445 72.7 3
      vertex -16.1474 94.9302 3
      vertex -13.8412 72.3011 3
    endloop
  endfacet
  facet normal 0 0 1
    outer loop
      vertex -12.4 68.0555 3
      vertex -15.04 54.5221 3
      vertex -14.6 54.58 3
    endloop
  endfacet
  facet normal 0 0 1
    outer loop
      vertex -24 101 3
      vertex -13.8412 72.3011 3
      vertex -16.1474 94.9302 3
    endloop
  endfacet
  facet normal 0 0 1
    outer loop
      vertex -13.1042 68.5958 3
      vertex -15.45 54.3522 3
      vertex -15.04 54.5221 3
    endloop
  endfacet
  facet normal 0 0 1
    outer loop
      vertex -13.8412 72.3011 3
      vertex -24 101 3
      vertex -13.9841 71.88 3
    endloop
  endfacet
  facet normal 0 0 1
    outer loop
      vertex -13.3974 68.9302 3
      vertex -15.8021 54.0821 3
      vertex -15.45 54.3522 3
    endloop
  endfacet
  facet normal 0 0 1
    outer loop
      vertex -13.9841 71.88 3
      vertex -24 101 3
      vertex -14.0709 71.4438 3
    endloop
  endfacet
  facet normal 0 0 1
    outer loop
      vertex -24 47 3
      vertex -14.1 71 3
      vertex -24 101 3
    endloop
  endfacet
  facet normal 0 0 1
    outer loop
      vertex -14.0709 71.4438 3
      vertex -24 101 3
      vertex -14.1 71 3
    endloop
  endfacet
  facet normal 0 0 1
    outer loop
      vertex -13.9841 70.12 3
      vertex -24 47 3
      vertex -16.0722 53.73 3
    endloop
  endfacet
  facet normal 0 0 1
    outer loop
      vertex -13.8412 69.6989 3
      vertex -16.0722 53.73 3
      vertex -15.8021 54.0821 3
    endloop
  endfacet
  facet normal 0 0 1
    outer loop
      vertex -24 101 3
      vertex -16.1474 94.9302 3
      vertex -16.3945 95.3 3
    endloop
  endfacet
  facet normal 0 0 1
    outer loop
      vertex -8.3 68.5922 3
      vertex -8.63021 68.3026 3
      vertex -8.3 58.2 3
    endloop
  endfacet
  facet normal 0 0 1
    outer loop
      vertex 8.3 58.2 3
      vertex 1.75 55.7 3
      vertex 3.25 55.7 3
    endloop
  endfacet
  facet normal 0 0 1
    outer loop
      vertex 1.75 55.7 3
      vertex -1.75 55.7 3
      vertex 1.75 52.7 3
    endloop
  endfacet
  facet normal 0 0 1
    outer loop
      vertex 8.3 58.2 3
      vertex -1.75 55.7 3
      vertex 1.75 55.7 3
    endloop
  endfacet
  facet normal -0 0 1
    outer loop
      vertex -8.3 58.2 3
      vertex -1.75 55.7 3
      vertex 8.3 58.2 3
    endloop
  endfacet
  facet normal 0 0 1
    outer loop
      vertex -3.25 55.7 3
      vertex -8.3 58.2 3
      vertex -3.25 52.7 3
    endloop
  endfacet
  facet normal 0 0 1
    outer loop
      vertex -1.75 55.7 3
      vertex -8.3 58.2 3
      vertex -3.25 55.7 3
    endloop
  endfacet
  facet normal 0 0 1
    outer loop
      vertex 11.3802 99.6974 3
      vertex 11.05 105.8 3
      vertex 11.05 99.4078 3
    endloop
  endfacet
  facet normal 0 0 1
    outer loop
      vertex 8.63021 73.6974 3
      vertex 8.3 83.8 3
      vertex 8.3 73.4078 3
    endloop
  endfacet
  facet normal -0 0 1
    outer loop
      vertex 13.3974 68.9302 3
      vertex 15.8021 54.0821 3
      vertex 13.6445 69.3 3
    endloop
  endfacet
  facet normal 0 0 1
    outer loop
      vertex 15.8021 54.0821 3
      vertex 13.3974 68.9302 3
      vertex 15.45 54.3522 3
    endloop
  endfacet
  facet normal -0 0 1
    outer loop
      vertex 13.1042 68.5958 3
      vertex 15.45 54.3522 3
      vertex 13.3974 68.9302 3
    endloop
  endfacet
  facet normal 0 0 1
    outer loop
      vertex 15.45 54.3522 3
      vertex 13.1042 68.5958 3
      vertex 15.04 54.5221 3
    endloop
  endfacet
  facet normal -0 0 1
    outer loop
      vertex 12.7698 68.3026 3
      vertex 15.04 54.5221 3
      vertex 13.1042 68.5958 3
    endloop
  endfacet
  facet normal -0 0 1
    outer loop
      vertex 12.4 68.0555 3
      vertex 15.04 54.5221 3
      vertex 12.7698 68.3026 3
    endloop
  endfacet
  facet normal 0 0 1
    outer loop
      vertex 15.04 54.5221 3
      vertex 12.4 68.0555 3
      vertex 14.6 54.58 3
    endloop
  endfacet
  facet normal -0 0 1
    outer loop
      vertex 12.0011 67.8588 3
      vertex 14.6 54.58 3
      vertex 12.4 68.0555 3
    endloop
  endfacet
  facet normal -0 0 1
    outer loop
      vertex 8.3 58.2 3
      vertex 14.6 54.58 3
      vertex 12.0011 67.8588 3
    endloop
  endfacet
  facet normal 0 0 1
    outer loop
      vertex 14.6 54.58 3
      vertex 8.3 58.2 3
      vertex 14.16 54.5221 3
    endloop
  endfacet
  facet normal 0 0 1
    outer loop
      vertex 14.16 54.5221 3
      vertex 8.3 58.2 3
      vertex 13.75 54.3522 3
    endloop
  endfacet
  facet normal 0 0 1
    outer loop
      vertex 13.75 54.3522 3
      vertex 8.3 58.2 3
      vertex 13.3979 54.0821 3
    endloop
  endfacet
  facet normal 0 0 1
    outer loop
      vertex 24 47 3
      vertex 16.2421 53.32 3
      vertex 16.3 52.88 3
    endloop
  endfacet
  facet normal 0 0 1
    outer loop
      vertex 8.3 83.8 3
      vertex 16.565 86.8266 3
      vertex 16.1716 87.1716 3
    endloop
  endfacet
  facet normal 0 0 1
    outer loop
      vertex 17 86.5359 3
      vertex 14.1 71 3
      vertex 16.2421 53.32 3
    endloop
  endfacet
  facet normal 0 0 1
    outer loop
      vertex 11.05 88.2 3
      vertex 16.1716 87.1716 3
      vertex 15.8266 87.565 3
    endloop
  endfacet
  facet normal -0 0 1
    outer loop
      vertex 14.0709 70.5562 3
      vertex 16.2421 53.32 3
      vertex 14.1 71 3
    endloop
  endfacet
  facet normal 0 0 1
    outer loop
      vertex 11.05 88.2 3
      vertex 15.8266 87.565 3
      vertex 15.5359 88 3
    endloop
  endfacet
  facet normal 0 0 1
    outer loop
      vertex 16.2421 53.32 3
      vertex 14.0709 70.5562 3
      vertex 16.0722 53.73 3
    endloop
  endfacet
  facet normal -0 0 1
    outer loop
      vertex 11.05 88.2 3
      vertex 15.5359 88 3
      vertex 15.3045 88.4693 3
    endloop
  endfacet
  facet normal 0 0 1
    outer loop
      vertex 11.05 88.2 3
      vertex 15.3045 88.4693 3
      vertex 15.1363 88.9647 3
    endloop
  endfacet
  facet normal -0 0 1
    outer loop
      vertex 13.9841 70.12 3
      vertex 16.0722 53.73 3
      vertex 14.0709 70.5562 3
    endloop
  endfacet
  facet normal 0 0 1
    outer loop
      vertex 11.05 88.2 3
      vertex 15.1363 88.9647 3
      vertex 15.0342 89.4779 3
    endloop
  endfacet
  facet normal 0 0 1
    outer loop
      vertex 11.05 88.2 3
      vertex 15.0342 89.4779 3
      vertex 15 90 3
    endloop
  endfacet
  facet normal 0 0 1
    outer loop
      vertex 15.3045 91.5307 3
      vertex 13.45 93.6 3
      vertex 15.1363 91.0353 3
    endloop
  endfacet
  facet normal -0 0 1
    outer loop
      vertex 13.8412 69.6989 3
      vertex 16.0722 53.73 3
      vertex 13.9841 70.12 3
    endloop
  endfacet
  facet normal 0 0 1
    outer loop
      vertex 13.0062 93.6291 3
      vertex 15.1363 91.0353 3
      vertex 13.45 93.6 3
    endloop
  endfacet
  facet normal 0 0 1
    outer loop
      vertex 16.0722 53.73 3
      vertex 13.8412 69.6989 3
      vertex 15.8021 54.0821 3
    endloop
  endfacet
  facet normal -0 0 1
    outer loop
      vertex 13.6445 69.3 3
      vertex 15.8021 54.0821 3
      vertex 13.8412 69.6989 3
    endloop
  endfacet
  facet normal 0 0 1
    outer loop
      vertex 17 86.5359 3
      vertex 14.0709 71.4438 3
      vertex 14.1 71 3
    endloop
  endfacet
  facet normal 0 0 1
    outer loop
      vertex 17 86.5359 3
      vertex 13.9841 71.88 3
      vertex 14.0709 71.4438 3
    endloop
  endfacet
  facet normal 0 0 1
    outer loop
      vertex 15.1363 91.0353 3
      vertex 13.0062 93.6291 3
      vertex 15.0342 90.5221 3
    endloop
  endfacet
  facet normal 0 0 1
    outer loop
      vertex 17 86.5359 3
      vertex 13.8412 72.3011 3
      vertex 13.9841 71.88 3
    endloop
  endfacet
  facet normal 0 0 1
    outer loop
      vertex 17 86.5359 3
      vertex 13.6445 72.7 3
      vertex 13.8412 72.3011 3
    endloop
  endfacet
  facet normal 0 0 1
    outer loop
      vertex 12.57 93.7159 3
      vertex 15.0342 90.5221 3
      vertex 13.0062 93.6291 3
    endloop
  endfacet
  facet normal 0 0 1
    outer loop
      vertex 17 86.5359 3
      vertex 13.3974 73.0698 3
      vertex 13.6445 72.7 3
    endloop
  endfacet
  facet normal 0 0 1
    outer loop
      vertex 16.1716 87.1716 3
      vertex 11.05 88.2 3
      vertex 8.3 83.8 3
    endloop
  endfacet
  facet normal 0 0 1
    outer loop
      vertex 15.0342 90.5221 3
      vertex 11.05 88.2 3
      vertex 15 90 3
    endloop
  endfacet
  facet normal 0 0 1
    outer loop
      vertex 17 86.5359 3
      vertex 13.1042 73.4042 3
      vertex 13.3974 73.0698 3
    endloop
  endfacet
  facet normal 0 0 1
    outer loop
      vertex 15.0342 90.5221 3
      vertex 12.57 93.7159 3
      vertex 11.05 88.2 3
    endloop
  endfacet
  facet normal 0 0 1
    outer loop
      vertex 17 86.5359 3
      vertex 12.7698 73.6974 3
      vertex 13.1042 73.4042 3
    endloop
  endfacet
  facet normal 0 0 1
    outer loop
      vertex 11.05 88.2 3
      vertex 12.57 93.7159 3
      vertex 12.1489 93.8588 3
    endloop
  endfacet
  facet normal 0 0 1
    outer loop
      vertex 17 86.5359 3
      vertex 12.4 73.9445 3
      vertex 12.7698 73.6974 3
    endloop
  endfacet
  facet normal 0 0 1
    outer loop
      vertex 11.05 88.2 3
      vertex 12.1489 93.8588 3
      vertex 11.75 94.0555 3
    endloop
  endfacet
  facet normal 0 0 1
    outer loop
      vertex 17 86.5359 3
      vertex 8.3 83.8 3
      vertex 12.0011 74.1412 3
    endloop
  endfacet
  facet normal 0 0 1
    outer loop
      vertex 11.05 88.2 3
      vertex 11.75 94.0555 3
      vertex 11.3802 94.3026 3
    endloop
  endfacet
  facet normal 0 0 1
    outer loop
      vertex 17 86.5359 3
      vertex 12.0011 74.1412 3
      vertex 12.4 73.9445 3
    endloop
  endfacet
  facet normal 0 0 1
    outer loop
      vertex 11.05 88.2 3
      vertex 11.3802 94.3026 3
      vertex 11.05 94.5922 3
    endloop
  endfacet
  facet normal 0 0 1
    outer loop
      vertex 12.0011 74.1412 3
      vertex 8.3 83.8 3
      vertex 11.58 74.2841 3
    endloop
  endfacet
  facet normal 0 0 1
    outer loop
      vertex 11.58 74.2841 3
      vertex 8.3 83.8 3
      vertex 11.1438 74.3709 3
    endloop
  endfacet
  facet normal 0 0 1
    outer loop
      vertex 11.1438 74.3709 3
      vertex 8.3 83.8 3
      vertex 10.7 74.4 3
    endloop
  endfacet
  facet normal 0 0 1
    outer loop
      vertex 10.7 74.4 3
      vertex 8.3 83.8 3
      vertex 10.2562 74.3709 3
    endloop
  endfacet
  facet normal 0 0 1
    outer loop
      vertex 10.2562 74.3709 3
      vertex 8.3 83.8 3
      vertex 9.82001 74.2841 3
    endloop
  endfacet
  facet normal 0 0 1
    outer loop
      vertex 9.82001 74.2841 3
      vertex 8.3 83.8 3
      vertex 9.39888 74.1412 3
    endloop
  endfacet
  facet normal 0 0 1
    outer loop
      vertex 9.39888 74.1412 3
      vertex 8.3 83.8 3
      vertex 9 73.9445 3
    endloop
  endfacet
  facet normal 0 0 1
    outer loop
      vertex 9 73.9445 3
      vertex 8.3 83.8 3
      vertex 8.63021 73.6974 3
    endloop
  endfacet
  facet normal 0 0 1
    outer loop
      vertex 11.05 88.2 3
      vertex -8.3 83.8 3
      vertex 8.3 83.8 3
    endloop
  endfacet
  facet normal 0 0 1
    outer loop
      vertex -8.3 83.8 3
      vertex -8.63021 73.6974 3
      vertex -8.3 73.4078 3
    endloop
  endfacet
  facet normal 0 0 1
    outer loop
      vertex -8.3 83.8 3
      vertex -9 73.9445 3
      vertex -8.63021 73.6974 3
    endloop
  endfacet
  facet normal 0 0 1
    outer loop
      vertex -8.3 83.8 3
      vertex -9.39888 74.1412 3
      vertex -9 73.9445 3
    endloop
  endfacet
  facet normal 0 0 1
    outer loop
      vertex -8.3 83.8 3
      vertex -9.82001 74.2841 3
      vertex -9.39888 74.1412 3
    endloop
  endfacet
  facet normal 0 0 1
    outer loop
      vertex -8.3 83.8 3
      vertex -10.2562 74.3709 3
      vertex -9.82001 74.2841 3
    endloop
  endfacet
  facet normal 0 0 1
    outer loop
      vertex -8.3 83.8 3
      vertex -10.7 74.4 3
      vertex -10.2562 74.3709 3
    endloop
  endfacet
  facet normal -0 0 1
    outer loop
      vertex -11.05 88.2 3
      vertex -8.3 83.8 3
      vertex 11.05 88.2 3
    endloop
  endfacet
  facet normal 0 0 1
    outer loop
      vertex -11.1438 74.3709 3
      vertex -8.3 83.8 3
      vertex -11.05 88.2 3
    endloop
  endfacet
  facet normal 0 0 1
    outer loop
      vertex -8.3 83.8 3
      vertex -11.1438 74.3709 3
      vertex -10.7 74.4 3
    endloop
  endfacet
  facet normal 0 0 1
    outer loop
      vertex 24 106 3
      vertex 23 90 3
      vertex 24 47 3
    endloop
  endfacet
  facet normal 0 0 1
    outer loop
      vertex 24 106 3
      vertex 22.9658 90.5221 3
      vertex 23 90 3
    endloop
  endfacet
  facet normal 0 0 1
    outer loop
      vertex 24 106 3
      vertex 22.8637 91.0353 3
      vertex 22.9658 90.5221 3
    endloop
  endfacet
  facet normal 0 0 1
    outer loop
      vertex 24 106 3
      vertex 22.6955 91.5307 3
      vertex 22.8637 91.0353 3
    endloop
  endfacet
  facet normal 0 0 1
    outer loop
      vertex 24 106 3
      vertex 22.4641 92 3
      vertex 22.6955 91.5307 3
    endloop
  endfacet
  facet normal 0 0 1
    outer loop
      vertex 24 106 3
      vertex 22.1734 92.435 3
      vertex 22.4641 92 3
    endloop
  endfacet
  facet normal 0 0 1
    outer loop
      vertex 24 106 3
      vertex 21.8284 92.8284 3
      vertex 22.1734 92.435 3
    endloop
  endfacet
  facet normal 0 0 1
    outer loop
      vertex 24 106 3
      vertex 21.435 93.1734 3
      vertex 21.8284 92.8284 3
    endloop
  endfacet
  facet normal 0 0 1
    outer loop
      vertex 24 106 3
      vertex 21 93.4641 3
      vertex 21.435 93.1734 3
    endloop
  endfacet
  facet normal 0 0 1
    outer loop
      vertex 24 106 3
      vertex 20.5307 93.6955 3
      vertex 21 93.4641 3
    endloop
  endfacet
  facet normal -0 0 1
    outer loop
      vertex 16.7341 97.88 3
      vertex 20.5307 93.6955 3
      vertex 24 106 3
    endloop
  endfacet
  facet normal 0 0 1
    outer loop
      vertex 20.5307 93.6955 3
      vertex 16.7341 97.88 3
      vertex 20.0353 93.8637 3
    endloop
  endfacet
  facet normal -0 -0 1
    outer loop
      vertex 16.8209 97.4438 3
      vertex 20.0353 93.8637 3
      vertex 16.7341 97.88 3
    endloop
  endfacet
  facet normal 0 0 1
    outer loop
      vertex 20.0353 93.8637 3
      vertex 16.8209 97.4438 3
      vertex 19.5221 93.9658 3
    endloop
  endfacet
  facet normal -0 0 1
    outer loop
      vertex 16.8209 96.5562 3
      vertex 19.5221 93.9658 3
      vertex 16.85 97 3
    endloop
  endfacet
  facet normal 0 0 1
    outer loop
      vertex 19.5221 93.9658 3
      vertex 16.8209 96.5562 3
      vertex 19 94 3
    endloop
  endfacet
  facet normal 0 0 1
    outer loop
      vertex 19 94 3
      vertex 16.7341 96.12 3
      vertex 18.4779 93.9658 3
    endloop
  endfacet
  facet normal -0 0 1
    outer loop
      vertex 16.5912 95.6989 3
      vertex 18.4779 93.9658 3
      vertex 16.7341 96.12 3
    endloop
  endfacet
  facet normal -0 0 1
    outer loop
      vertex 16.7341 96.12 3
      vertex 19 94 3
      vertex 16.8209 96.5562 3
    endloop
  endfacet
  facet normal -0 -0 1
    outer loop
      vertex 16.85 97 3
      vertex 19.5221 93.9658 3
      vertex 16.8209 97.4438 3
    endloop
  endfacet
  facet normal 0 0 1
    outer loop
      vertex 24 106 3
      vertex 16.5912 98.3011 3
      vertex 16.7341 97.88 3
    endloop
  endfacet
  facet normal 0 0 1
    outer loop
      vertex 24 106 3
      vertex 16.3945 98.7 3
      vertex 16.5912 98.3011 3
    endloop
  endfacet
  facet normal 0 0 1
    outer loop
      vertex 24 106 3
      vertex 16.1474 99.0698 3
      vertex 16.3945 98.7 3
    endloop
  endfacet
  facet normal 0 0 1
    outer loop
      vertex 24 106 3
      vertex 15.8542 99.4042 3
      vertex 16.1474 99.0698 3
    endloop
  endfacet
  facet normal 0 0 1
    outer loop
      vertex 24 106 3
      vertex 15.5198 99.6974 3
      vertex 15.8542 99.4042 3
    endloop
  endfacet
  facet normal 0 0 1
    outer loop
      vertex 24 106 3
      vertex 15.15 99.9445 3
      vertex 15.5198 99.6974 3
    endloop
  endfacet
  facet normal 0 0 1
    outer loop
      vertex 24 106 3
      vertex 14.7511 100.141 3
      vertex 15.15 99.9445 3
    endloop
  endfacet
  facet normal -0 0 1
    outer loop
      vertex 11.05 105.8 3
      vertex 14.7511 100.141 3
      vertex 24 106 3
    endloop
  endfacet
  facet normal 0 0 1
    outer loop
      vertex 14.7511 100.141 3
      vertex 11.05 105.8 3
      vertex 14.33 100.284 3
    endloop
  endfacet
  facet normal 0 0 1
    outer loop
      vertex 14.33 100.284 3
      vertex 11.05 105.8 3
      vertex 13.8938 100.371 3
    endloop
  endfacet
  facet normal 0 0 1
    outer loop
      vertex 13.8938 100.371 3
      vertex 11.05 105.8 3
      vertex 13.45 100.4 3
    endloop
  endfacet
  facet normal 0 0 1
    outer loop
      vertex 13.45 100.4 3
      vertex 11.05 105.8 3
      vertex 13.0062 100.371 3
    endloop
  endfacet
  facet normal 0 0 1
    outer loop
      vertex 13.0062 100.371 3
      vertex 11.05 105.8 3
      vertex 12.57 100.284 3
    endloop
  endfacet
  facet normal 0 0 1
    outer loop
      vertex 12.57 100.284 3
      vertex 11.05 105.8 3
      vertex 12.1489 100.141 3
    endloop
  endfacet
  facet normal 0 0 1
    outer loop
      vertex 11.75 99.9445 3
      vertex 11.05 105.8 3
      vertex 11.3802 99.6974 3
    endloop
  endfacet
  facet normal 0 0 1
    outer loop
      vertex 12.1489 100.141 3
      vertex 11.05 105.8 3
      vertex 11.75 99.9445 3
    endloop
  endfacet
  facet normal -0 0 1
    outer loop
      vertex -14 106 3
      vertex 11.05 105.8 3
      vertex 24 106 3
    endloop
  endfacet
  facet normal 0 0 1
    outer loop
      vertex -11.05 105.8 3
      vertex -11.3802 99.6974 3
      vertex -11.05 99.4078 3
    endloop
  endfacet
  facet normal 0 0 1
    outer loop
      vertex -11.05 105.8 3
      vertex -11.75 99.9445 3
      vertex -11.3802 99.6974 3
    endloop
  endfacet
  facet normal 0 0 1
    outer loop
      vertex -11.05 105.8 3
      vertex -12.1489 100.141 3
      vertex -11.75 99.9445 3
    endloop
  endfacet
  facet normal 0 0 1
    outer loop
      vertex -11.05 105.8 3
      vertex -12.57 100.284 3
      vertex -12.1489 100.141 3
    endloop
  endfacet
  facet normal -0 0 1
    outer loop
      vertex -14 101 3
      vertex -12.57 100.284 3
      vertex -11.05 105.8 3
    endloop
  endfacet
  facet normal 0 0 1
    outer loop
      vertex -12.57 100.284 3
      vertex -14 101 3
      vertex -13.0062 100.371 3
    endloop
  endfacet
  facet normal 0 0 1
    outer loop
      vertex -13.0062 100.371 3
      vertex -14 101 3
      vertex -13.45 100.4 3
    endloop
  endfacet
  facet normal 0 0 1
    outer loop
      vertex 11.05 105.8 3
      vertex -14 106 3
      vertex -11.05 105.8 3
    endloop
  endfacet
  facet normal 0 0 1
    outer loop
      vertex -14 101 3
      vertex -11.05 105.8 3
      vertex -14 106 3
    endloop
  endfacet
  facet normal 0 0 1
    outer loop
      vertex -13.45 100.4 3
      vertex -14 101 3
      vertex -13.8938 100.371 3
    endloop
  endfacet
  facet normal 0 0 1
    outer loop
      vertex -14 101 3
      vertex -14.33 100.284 3
      vertex -13.8938 100.371 3
    endloop
  endfacet
  facet normal 0 0 1
    outer loop
      vertex -14 101 3
      vertex -14.7511 100.141 3
      vertex -14.33 100.284 3
    endloop
  endfacet
  facet normal 0 0 1
    outer loop
      vertex -14 101 3
      vertex -15.15 99.9445 3
      vertex -14.7511 100.141 3
    endloop
  endfacet
  facet normal 0 0 1
    outer loop
      vertex -14 101 3
      vertex -15.5198 99.6974 3
      vertex -15.15 99.9445 3
    endloop
  endfacet
  facet normal 0 0 1
    outer loop
      vertex -16.8209 97.4438 3
      vertex -24 101 3
      vertex -16.85 97 3
    endloop
  endfacet
  facet normal 0 0 1
    outer loop
      vertex -16.7341 97.88 3
      vertex -24 101 3
      vertex -16.8209 97.4438 3
    endloop
  endfacet
  facet normal 0 0 1
    outer loop
      vertex -16.5912 98.3011 3
      vertex -24 101 3
      vertex -16.7341 97.88 3
    endloop
  endfacet
  facet normal 0 0 1
    outer loop
      vertex -16.3945 98.7 3
      vertex -24 101 3
      vertex -16.5912 98.3011 3
    endloop
  endfacet
  facet normal 0 0 1
    outer loop
      vertex -16.1474 99.0698 3
      vertex -24 101 3
      vertex -16.3945 98.7 3
    endloop
  endfacet
  facet normal 0 0 1
    outer loop
      vertex -15.8542 99.4042 3
      vertex -24 101 3
      vertex -16.1474 99.0698 3
    endloop
  endfacet
  facet normal 0 0 1
    outer loop
      vertex -15.5198 99.6974 3
      vertex -24 101 3
      vertex -15.8542 99.4042 3
    endloop
  endfacet
  facet normal -0 0 1
    outer loop
      vertex -24 101 3
      vertex -15.5198 99.6974 3
      vertex -14 101 3
    endloop
  endfacet
  facet normal -0 0 1
    outer loop
      vertex 22.9658 89.4779 3
      vertex 24 47 3
      vertex 23 90 3
    endloop
  endfacet
  facet normal -0 0 1
    outer loop
      vertex 22.8637 88.9647 3
      vertex 24 47 3
      vertex 22.9658 89.4779 3
    endloop
  endfacet
  facet normal -0 0 1
    outer loop
      vertex 22.6955 88.4693 3
      vertex 24 47 3
      vertex 22.8637 88.9647 3
    endloop
  endfacet
  facet normal -0 0 1
    outer loop
      vertex 22.4641 88 3
      vertex 24 47 3
      vertex 22.6955 88.4693 3
    endloop
  endfacet
  facet normal -0 0 1
    outer loop
      vertex 22.1734 87.565 3
      vertex 24 47 3
      vertex 22.4641 88 3
    endloop
  endfacet
  facet normal -0 0 1
    outer loop
      vertex 21.8284 87.1716 3
      vertex 24 47 3
      vertex 22.1734 87.565 3
    endloop
  endfacet
  facet normal -0 0 1
    outer loop
      vertex 21.435 86.8266 3
      vertex 24 47 3
      vertex 21.8284 87.1716 3
    endloop
  endfacet
  facet normal 0 0 1
    outer loop
      vertex 16.2421 53.32 3
      vertex 21.435 86.8266 3
      vertex 21 86.5359 3
    endloop
  endfacet
  facet normal 0 0 1
    outer loop
      vertex 16.2421 53.32 3
      vertex 21 86.5359 3
      vertex 20.5307 86.3045 3
    endloop
  endfacet
  facet normal 0 0 1
    outer loop
      vertex 16.2421 53.32 3
      vertex 20.5307 86.3045 3
      vertex 20.0353 86.1363 3
    endloop
  endfacet
  facet normal 0 0 1
    outer loop
      vertex 16.2421 53.32 3
      vertex 20.0353 86.1363 3
      vertex 19.5221 86.0342 3
    endloop
  endfacet
  facet normal 0 0 1
    outer loop
      vertex 16.2421 53.32 3
      vertex 19.5221 86.0342 3
      vertex 19 86 3
    endloop
  endfacet
  facet normal 0 0 1
    outer loop
      vertex 16.2421 53.32 3
      vertex 19 86 3
      vertex 18.4779 86.0342 3
    endloop
  endfacet
  facet normal 0 0 1
    outer loop
      vertex 16.2421 53.32 3
      vertex 18.4779 86.0342 3
      vertex 17.9647 86.1363 3
    endloop
  endfacet
  facet normal 0 0 1
    outer loop
      vertex 16.2421 53.32 3
      vertex 17.9647 86.1363 3
      vertex 17.4693 86.3045 3
    endloop
  endfacet
  facet normal 0 0 1
    outer loop
      vertex 16.2421 53.32 3
      vertex 17.4693 86.3045 3
      vertex 17 86.5359 3
    endloop
  endfacet
  facet normal 0 0 1
    outer loop
      vertex 8.3 83.8 3
      vertex 17 86.5359 3
      vertex 16.565 86.8266 3
    endloop
  endfacet
  facet normal 0 0 1
    outer loop
      vertex 21.435 86.8266 3
      vertex 16.2421 53.32 3
      vertex 24 47 3
    endloop
  endfacet
  facet normal -0 0 1
    outer loop
      vertex 16.2421 52.44 3
      vertex 24 47 3
      vertex 16.3 52.88 3
    endloop
  endfacet
  facet normal -0 0 1
    outer loop
      vertex 16.0722 52.03 3
      vertex 24 47 3
      vertex 16.2421 52.44 3
    endloop
  endfacet
  facet normal -0 0 1
    outer loop
      vertex 15.8021 51.6779 3
      vertex 24 47 3
      vertex 16.0722 52.03 3
    endloop
  endfacet
  facet normal -0 0 1
    outer loop
      vertex 15.45 51.4078 3
      vertex 24 47 3
      vertex 15.8021 51.6779 3
    endloop
  endfacet
  facet normal -0 0 1
    outer loop
      vertex 15.04 51.2379 3
      vertex 24 47 3
      vertex 15.45 51.4078 3
    endloop
  endfacet
  facet normal -0 0 1
    outer loop
      vertex 14.6 51.18 3
      vertex 24 47 3
      vertex 15.04 51.2379 3
    endloop
  endfacet
  facet normal 0 0 1
    outer loop
      vertex 14.16 51.2379 3
      vertex 24 47 3
      vertex 14.6 51.18 3
    endloop
  endfacet
  facet normal 0 0 1
    outer loop
      vertex 3.25 52.7 3
      vertex 14.16 51.2379 3
      vertex 13.75 51.4078 3
    endloop
  endfacet
  facet normal 0 0 1
    outer loop
      vertex 13.1278 53.73 3
      vertex 8.3 58.2 3
      vertex 12.9579 53.32 3
    endloop
  endfacet
  facet normal 0 0 1
    outer loop
      vertex 13.3979 54.0821 3
      vertex 8.3 58.2 3
      vertex 13.1278 53.73 3
    endloop
  endfacet
  facet normal 0 0 1
    outer loop
      vertex 8.3 58.2 3
      vertex 12.0011 67.8588 3
      vertex 11.58 67.7159 3
    endloop
  endfacet
  facet normal 0 0 1
    outer loop
      vertex 8.3 58.2 3
      vertex 11.58 67.7159 3
      vertex 11.1438 67.6291 3
    endloop
  endfacet
  facet normal 0 0 1
    outer loop
      vertex 8.3 58.2 3
      vertex 11.1438 67.6291 3
      vertex 10.7 67.6 3
    endloop
  endfacet
  facet normal 0 0 1
    outer loop
      vertex 12.9579 53.32 3
      vertex 8.3 58.2 3
      vertex 12.9 52.88 3
    endloop
  endfacet
  facet normal 0 0 1
    outer loop
      vertex 8.3 58.2 3
      vertex 10.7 67.6 3
      vertex 10.2562 67.6291 3
    endloop
  endfacet
  facet normal 0 0 1
    outer loop
      vertex 8.3 58.2 3
      vertex 10.2562 67.6291 3
      vertex 9.82001 67.7159 3
    endloop
  endfacet
  facet normal 0 0 1
    outer loop
      vertex 8.3 58.2 3
      vertex 9.82001 67.7159 3
      vertex 9.39888 67.8588 3
    endloop
  endfacet
  facet normal 0 0 1
    outer loop
      vertex 8.3 58.2 3
      vertex 9.39888 67.8588 3
      vertex 9 68.0555 3
    endloop
  endfacet
  facet normal 0 0 1
    outer loop
      vertex 8.3 58.2 3
      vertex 9 68.0555 3
      vertex 8.63021 68.3026 3
    endloop
  endfacet
  facet normal 0 0 1
    outer loop
      vertex 8.3 58.2 3
      vertex 8.63021 68.3026 3
      vertex 8.3 68.5922 3
    endloop
  endfacet
  facet normal 0 0 1
    outer loop
      vertex 3.25 52.7 3
      vertex 12.9 52.88 3
      vertex 8.3 58.2 3
    endloop
  endfacet
  facet normal 0 0 1
    outer loop
      vertex 12.9 52.88 3
      vertex 3.25 52.7 3
      vertex 12.9579 52.44 3
    endloop
  endfacet
  facet normal 0 0 1
    outer loop
      vertex 12.9579 52.44 3
      vertex 3.25 52.7 3
      vertex 13.1278 52.03 3
    endloop
  endfacet
  facet normal 0 0 1
    outer loop
      vertex 3.25 52.7 3
      vertex 8.3 58.2 3
      vertex 3.25 55.7 3
    endloop
  endfacet
  facet normal 0 0 1
    outer loop
      vertex 13.1278 52.03 3
      vertex 3.25 52.7 3
      vertex 13.3979 51.6779 3
    endloop
  endfacet
  facet normal 0 0 1
    outer loop
      vertex 13.3979 51.6779 3
      vertex 3.25 52.7 3
      vertex 13.75 51.4078 3
    endloop
  endfacet
  facet normal 0 0 1
    outer loop
      vertex 14.16 51.2379 3
      vertex 3.25 52.7 3
      vertex 24 47 3
    endloop
  endfacet
  facet normal -0 0 1
    outer loop
      vertex 1.75 52.7 3
      vertex 24 47 3
      vertex 3.25 52.7 3
    endloop
  endfacet
  facet normal 0 0 1
    outer loop
      vertex -1.75 52.7 3
      vertex 1.75 52.7 3
      vertex -1.75 55.7 3
    endloop
  endfacet
  facet normal -0 0 1
    outer loop
      vertex -1.75 52.7 3
      vertex 24 47 3
      vertex 1.75 52.7 3
    endloop
  endfacet
  facet normal 0 0 1
    outer loop
      vertex -24 47 3
      vertex -1.75 52.7 3
      vertex -3.25 52.7 3
    endloop
  endfacet
  facet normal -0 0 1
    outer loop
      vertex -9 68.0555 3
      vertex -8.3 58.2 3
      vertex -8.63021 68.3026 3
    endloop
  endfacet
  facet normal -0 0 1
    outer loop
      vertex -9.39888 67.8588 3
      vertex -8.3 58.2 3
      vertex -9 68.0555 3
    endloop
  endfacet
  facet normal -0 0 1
    outer loop
      vertex -9.82001 67.7159 3
      vertex -8.3 58.2 3
      vertex -9.39888 67.8588 3
    endloop
  endfacet
  facet normal -0 0 1
    outer loop
      vertex -10.2562 67.6291 3
      vertex -8.3 58.2 3
      vertex -9.82001 67.7159 3
    endloop
  endfacet
  facet normal -0 0 1
    outer loop
      vertex -10.7 67.6 3
      vertex -8.3 58.2 3
      vertex -10.2562 67.6291 3
    endloop
  endfacet
  facet normal 0 0 1
    outer loop
      vertex -11.1438 67.6291 3
      vertex -8.3 58.2 3
      vertex -10.7 67.6 3
    endloop
  endfacet
  facet normal 0 0 1
    outer loop
      vertex -11.58 67.7159 3
      vertex -8.3 58.2 3
      vertex -11.1438 67.6291 3
    endloop
  endfacet
  facet normal 0 0 1
    outer loop
      vertex -12.0011 67.8588 3
      vertex -8.3 58.2 3
      vertex -11.58 67.7159 3
    endloop
  endfacet
  facet normal 0 0 1
    outer loop
      vertex -12.4 68.0555 3
      vertex -8.3 58.2 3
      vertex -12.0011 67.8588 3
    endloop
  endfacet
  facet normal 0 0 1
    outer loop
      vertex -15.04 54.5221 3
      vertex -12.4 68.0555 3
      vertex -12.7698 68.3026 3
    endloop
  endfacet
  facet normal 0 0 1
    outer loop
      vertex -12.9579 53.32 3
      vertex -8.3 58.2 3
      vertex -12.4 68.0555 3
    endloop
  endfacet
  facet normal -0 0 1
    outer loop
      vertex -12.9 52.88 3
      vertex -3.25 52.7 3
      vertex -8.3 58.2 3
    endloop
  endfacet
  facet normal 0 0 1
    outer loop
      vertex -12.9579 52.44 3
      vertex -3.25 52.7 3
      vertex -12.9 52.88 3
    endloop
  endfacet
  facet normal 0 0 1
    outer loop
      vertex -13.1278 52.03 3
      vertex -3.25 52.7 3
      vertex -12.9579 52.44 3
    endloop
  endfacet
  facet normal 0 0 1
    outer loop
      vertex -13.3979 51.6779 3
      vertex -3.25 52.7 3
      vertex -13.1278 52.03 3
    endloop
  endfacet
  facet normal 0 0 1
    outer loop
      vertex -13.75 51.4078 3
      vertex -3.25 52.7 3
      vertex -13.3979 51.6779 3
    endloop
  endfacet
  facet normal 0 0 1
    outer loop
      vertex -14.16 51.2379 3
      vertex -3.25 52.7 3
      vertex -13.75 51.4078 3
    endloop
  endfacet
  facet normal 0 0 1
    outer loop
      vertex -24 47 3
      vertex -3.25 52.7 3
      vertex -14.16 51.2379 3
    endloop
  endfacet
  facet normal 0 0 1
    outer loop
      vertex -24 47 3
      vertex -14.16 51.2379 3
      vertex -14.6 51.18 3
    endloop
  endfacet
  facet normal 0 0 1
    outer loop
      vertex -24 101 3
      vertex -16.3945 95.3 3
      vertex -16.5912 95.6989 3
    endloop
  endfacet
  facet normal 0 0 1
    outer loop
      vertex -24 101 3
      vertex -16.5912 95.6989 3
      vertex -16.7341 96.12 3
    endloop
  endfacet
  facet normal 0 0 1
    outer loop
      vertex -24 101 3
      vertex -16.7341 96.12 3
      vertex -16.8209 96.5562 3
    endloop
  endfacet
  facet normal 0 0 1
    outer loop
      vertex -24 101 3
      vertex -16.8209 96.5562 3
      vertex -16.85 97 3
    endloop
  endfacet
  facet normal 0 0 1
    outer loop
      vertex -16.0722 53.73 3
      vertex -24 47 3
      vertex -16.2421 53.32 3
    endloop
  endfacet
  facet normal 0 0 1
    outer loop
      vertex -16.2421 53.32 3
      vertex -24 47 3
      vertex -16.3 52.88 3
    endloop
  endfacet
  facet normal 0 0 1
    outer loop
      vertex -1.75 52.7 3
      vertex -24 47 3
      vertex 24 47 3
    endloop
  endfacet
  facet normal 0 0 1
    outer loop
      vertex -15.04 51.2379 3
      vertex -24 47 3
      vertex -14.6 51.18 3
    endloop
  endfacet
  facet normal 0 0 1
    outer loop
      vertex -15.45 51.4078 3
      vertex -24 47 3
      vertex -15.04 51.2379 3
    endloop
  endfacet
  facet normal 0 0 1
    outer loop
      vertex -15.8021 51.6779 3
      vertex -24 47 3
      vertex -15.45 51.4078 3
    endloop
  endfacet
  facet normal 0 0 1
    outer loop
      vertex -16.0722 52.03 3
      vertex -24 47 3
      vertex -15.8021 51.6779 3
    endloop
  endfacet
  facet normal 0 0 1
    outer loop
      vertex -16.2421 52.44 3
      vertex -24 47 3
      vertex -16.0722 52.03 3
    endloop
  endfacet
  facet normal 0 0 1
    outer loop
      vertex -16.3 52.88 3
      vertex -24 47 3
      vertex -16.2421 52.44 3
    endloop
  endfacet
  facet normal 0 0 1
    outer loop
      vertex 18.4779 93.9658 3
      vertex 16.5912 95.6989 3
      vertex 17.9647 93.8637 3
    endloop
  endfacet
  facet normal -0 0 1
    outer loop
      vertex 16.3945 95.3 3
      vertex 17.9647 93.8637 3
      vertex 16.5912 95.6989 3
    endloop
  endfacet
  facet normal 0 0 1
    outer loop
      vertex 17.9647 93.8637 3
      vertex 16.3945 95.3 3
      vertex 17.4693 93.6955 3
    endloop
  endfacet
  facet normal -0 0 1
    outer loop
      vertex 16.1474 94.9302 3
      vertex 17.4693 93.6955 3
      vertex 16.3945 95.3 3
    endloop
  endfacet
  facet normal 0 0 1
    outer loop
      vertex 17.4693 93.6955 3
      vertex 16.1474 94.9302 3
      vertex 17 93.4641 3
    endloop
  endfacet
  facet normal -0 0 1
    outer loop
      vertex 15.8542 94.5958 3
      vertex 17 93.4641 3
      vertex 16.1474 94.9302 3
    endloop
  endfacet
  facet normal 0 0 1
    outer loop
      vertex 17 93.4641 3
      vertex 15.8542 94.5958 3
      vertex 16.565 93.1734 3
    endloop
  endfacet
  facet normal -0 0 1
    outer loop
      vertex 15.5198 94.3026 3
      vertex 16.565 93.1734 3
      vertex 15.8542 94.5958 3
    endloop
  endfacet
  facet normal 0 0 1
    outer loop
      vertex 16.565 93.1734 3
      vertex 15.5198 94.3026 3
      vertex 16.1716 92.8284 3
    endloop
  endfacet
  facet normal -0 0 1
    outer loop
      vertex 15.15 94.0555 3
      vertex 16.1716 92.8284 3
      vertex 15.5198 94.3026 3
    endloop
  endfacet
  facet normal 0 0 1
    outer loop
      vertex 16.1716 92.8284 3
      vertex 15.15 94.0555 3
      vertex 15.8266 92.435 3
    endloop
  endfacet
  facet normal -0 0 1
    outer loop
      vertex 14.7511 93.8588 3
      vertex 15.8266 92.435 3
      vertex 15.15 94.0555 3
    endloop
  endfacet
  facet normal -0 0 1
    outer loop
      vertex 14.33 93.7159 3
      vertex 15.8266 92.435 3
      vertex 14.7511 93.8588 3
    endloop
  endfacet
  facet normal 0 0 1
    outer loop
      vertex 15.8266 92.435 3
      vertex 14.33 93.7159 3
      vertex 15.5359 92 3
    endloop
  endfacet
  facet normal -0 0 1
    outer loop
      vertex 13.8938 93.6291 3
      vertex 15.5359 92 3
      vertex 14.33 93.7159 3
    endloop
  endfacet
  facet normal 0 0 1
    outer loop
      vertex 15.5359 92 3
      vertex 13.8938 93.6291 3
      vertex 15.3045 91.5307 3
    endloop
  endfacet
  facet normal -0 0 1
    outer loop
      vertex 13.45 93.6 3
      vertex 15.3045 91.5307 3
      vertex 13.8938 93.6291 3
    endloop
  endfacet
  facet normal 0.659268 -0.751908 0
    outer loop
      vertex 15.5198 94.3026 3
      vertex 15.8542 94.5958 26.3
      vertex 15.5198 94.3026 26.3
    endloop
  endfacet
  facet normal 0.659268 -0.751908 0
    outer loop
      vertex 15.8542 94.5958 26.3
      vertex 15.5198 94.3026 3
      vertex 15.8542 94.5958 3
    endloop
  endfacet
  facet normal 0.98077 -0.195165 0
    outer loop
      vertex 16.7341 96.12 26.3
      vertex 16.8209 96.5562 3
      vertex 16.8209 96.5562 26.3
    endloop
  endfacet
  facet normal 0.98077 -0.195165 0
    outer loop
      vertex 16.8209 96.5562 3
      vertex 16.7341 96.12 26.3
      vertex 16.7341 96.12 3
    endloop
  endfacet
  facet normal 0.997857 -0.0654296 0
    outer loop
      vertex 16.8209 96.5562 26.3
      vertex 16.85 97 3
      vertex 16.85 97 26.3
    endloop
  endfacet
  facet normal 0.997857 -0.0654296 0
    outer loop
      vertex 16.85 97 3
      vertex 16.8209 96.5562 26.3
      vertex 16.8209 96.5562 3
    endloop
  endfacet
  facet normal 0.94696 -0.32135 0
    outer loop
      vertex 16.5912 95.6989 26.3
      vertex 16.7341 96.12 3
      vertex 16.7341 96.12 26.3
    endloop
  endfacet
  facet normal 0.94696 -0.32135 0
    outer loop
      vertex 16.7341 96.12 3
      vertex 16.5912 95.6989 26.3
      vertex 16.5912 95.6989 3
    endloop
  endfacet
  facet normal 0.831462 0.555582 0
    outer loop
      vertex 16.3945 98.7 26.3
      vertex 16.1474 99.0698 3
      vertex 16.1474 99.0698 26.3
    endloop
  endfacet
  facet normal 0.831462 0.555582 0
    outer loop
      vertex 16.1474 99.0698 3
      vertex 16.3945 98.7 26.3
      vertex 16.3945 98.7 3
    endloop
  endfacet
  facet normal 0.831462 -0.555582 0
    outer loop
      vertex 16.1474 94.9302 26.3
      vertex 16.3945 95.3 3
      vertex 16.3945 95.3 26.3
    endloop
  endfacet
  facet normal 0.831462 -0.555582 0
    outer loop
      vertex 16.3945 95.3 3
      vertex 16.1474 94.9302 26.3
      vertex 16.1474 94.9302 3
    endloop
  endfacet
  facet normal 0.896887 -0.44226 0
    outer loop
      vertex 16.3945 95.3 26.3
      vertex 16.5912 95.6989 3
      vertex 16.5912 95.6989 26.3
    endloop
  endfacet
  facet normal 0.896887 -0.44226 0
    outer loop
      vertex 16.5912 95.6989 3
      vertex 16.3945 95.3 26.3
      vertex 16.3945 95.3 3
    endloop
  endfacet
  facet normal 0.751908 -0.659268 0
    outer loop
      vertex 15.8542 94.5958 26.3
      vertex 16.1474 94.9302 3
      vertex 16.1474 94.9302 26.3
    endloop
  endfacet
  facet normal 0.751908 -0.659268 0
    outer loop
      vertex 16.1474 94.9302 3
      vertex 15.8542 94.5958 26.3
      vertex 15.8542 94.5958 3
    endloop
  endfacet
  facet normal 0.32135 -0.94696 0
    outer loop
      vertex 14.33 93.7159 3
      vertex 14.7511 93.8588 26.3
      vertex 14.33 93.7159 26.3
    endloop
  endfacet
  facet normal 0.32135 -0.94696 0
    outer loop
      vertex 14.7511 93.8588 26.3
      vertex 14.33 93.7159 3
      vertex 14.7511 93.8588 3
    endloop
  endfacet
  facet normal 0.0654296 -0.997857 0
    outer loop
      vertex 13.45 93.6 3
      vertex 13.8938 93.6291 26.3
      vertex 13.45 93.6 26.3
    endloop
  endfacet
  facet normal 0.0654296 -0.997857 0
    outer loop
      vertex 13.8938 93.6291 26.3
      vertex 13.45 93.6 3
      vertex 13.8938 93.6291 3
    endloop
  endfacet
  facet normal -0.195597 0.980684 0
    outer loop
      vertex 13.0062 100.371 3
      vertex 12.57 100.284 26.3
      vertex 13.0062 100.371 26.3
    endloop
  endfacet
  facet normal -0.195597 0.980684 0
    outer loop
      vertex 12.57 100.284 26.3
      vertex 13.0062 100.371 3
      vertex 12.57 100.284 3
    endloop
  endfacet
  facet normal 0.555582 -0.831462 0
    outer loop
      vertex 15.15 94.0555 3
      vertex 15.5198 94.3026 26.3
      vertex 15.15 94.0555 26.3
    endloop
  endfacet
  facet normal 0.555582 -0.831462 0
    outer loop
      vertex 15.5198 94.3026 26.3
      vertex 15.15 94.0555 3
      vertex 15.5198 94.3026 3
    endloop
  endfacet
  facet normal 0.195165 -0.98077 0
    outer loop
      vertex 13.8938 93.6291 3
      vertex 14.33 93.7159 26.3
      vertex 13.8938 93.6291 26.3
    endloop
  endfacet
  facet normal 0.195165 -0.98077 0
    outer loop
      vertex 14.33 93.7159 26.3
      vertex 13.8938 93.6291 3
      vertex 14.33 93.7159 3
    endloop
  endfacet
  facet normal 0.555582 0.831462 -0
    outer loop
      vertex 15.5198 99.6974 3
      vertex 15.15 99.9445 26.3
      vertex 15.5198 99.6974 26.3
    endloop
  endfacet
  facet normal 0.555582 0.831462 0
    outer loop
      vertex 15.15 99.9445 26.3
      vertex 15.5198 99.6974 3
      vertex 15.15 99.9445 3
    endloop
  endfacet
  facet normal -0.659375 -0.751815 0
    outer loop
      vertex 11.05 94.5922 3
      vertex 11.3802 94.3026 26.3
      vertex 11.05 94.5922 26.3
    endloop
  endfacet
  facet normal -0.659375 -0.751815 -0
    outer loop
      vertex 11.3802 94.3026 26.3
      vertex 11.05 94.5922 3
      vertex 11.3802 94.3026 3
    endloop
  endfacet
  facet normal -0.32135 -0.94696 0
    outer loop
      vertex 12.1489 93.8588 3
      vertex 12.57 93.7159 26.3
      vertex 12.1489 93.8588 26.3
    endloop
  endfacet
  facet normal -0.32135 -0.94696 -0
    outer loop
      vertex 12.57 93.7159 26.3
      vertex 12.1489 93.8588 3
      vertex 12.57 93.7159 3
    endloop
  endfacet
  facet normal -0.321552 0.946892 0
    outer loop
      vertex 12.57 100.284 3
      vertex 12.1489 100.141 26.3
      vertex 12.57 100.284 26.3
    endloop
  endfacet
  facet normal -0.321552 0.946892 0
    outer loop
      vertex 12.1489 100.141 26.3
      vertex 12.57 100.284 3
      vertex 12.1489 100.141 3
    endloop
  endfacet
  facet normal 0.441898 0.897065 -0
    outer loop
      vertex 15.15 99.9445 3
      vertex 14.7511 100.141 26.3
      vertex 15.15 99.9445 26.3
    endloop
  endfacet
  facet normal 0.441898 0.897065 0
    outer loop
      vertex 14.7511 100.141 26.3
      vertex 15.15 99.9445 3
      vertex 14.7511 100.141 3
    endloop
  endfacet
  facet normal 0.997857 0.0654296 0
    outer loop
      vertex 16.85 97 26.3
      vertex 16.8209 97.4438 3
      vertex 16.8209 97.4438 26.3
    endloop
  endfacet
  facet normal 0.997857 0.0654296 0
    outer loop
      vertex 16.8209 97.4438 3
      vertex 16.85 97 26.3
      vertex 16.85 97 3
    endloop
  endfacet
  facet normal 0.321552 0.946892 -0
    outer loop
      vertex 14.7511 100.141 3
      vertex 14.33 100.284 26.3
      vertex 14.7511 100.141 26.3
    endloop
  endfacet
  facet normal 0.321552 0.946892 0
    outer loop
      vertex 14.33 100.284 26.3
      vertex 14.7511 100.141 3
      vertex 14.33 100.284 3
    endloop
  endfacet
  facet normal 0.44226 -0.896887 0
    outer loop
      vertex 14.7511 93.8588 3
      vertex 15.15 94.0555 26.3
      vertex 14.7511 93.8588 26.3
    endloop
  endfacet
  facet normal 0.44226 -0.896887 0
    outer loop
      vertex 15.15 94.0555 26.3
      vertex 14.7511 93.8588 3
      vertex 15.15 94.0555 3
    endloop
  endfacet
  facet normal -0.0652057 0.997872 0
    outer loop
      vertex 13.45 100.4 3
      vertex 13.0062 100.371 26.3
      vertex 13.45 100.4 26.3
    endloop
  endfacet
  facet normal -0.0652057 0.997872 0
    outer loop
      vertex 13.0062 100.371 26.3
      vertex 13.45 100.4 3
      vertex 13.0062 100.371 3
    endloop
  endfacet
  facet normal -0.0654296 -0.997857 0
    outer loop
      vertex 13.0062 93.6291 3
      vertex 13.45 93.6 26.3
      vertex 13.0062 93.6291 26.3
    endloop
  endfacet
  facet normal -0.0654296 -0.997857 -0
    outer loop
      vertex 13.45 93.6 26.3
      vertex 13.0062 93.6291 3
      vertex 13.45 93.6 3
    endloop
  endfacet
  facet normal -0.441898 0.897065 0
    outer loop
      vertex 12.1489 100.141 3
      vertex 11.75 99.9445 26.3
      vertex 12.1489 100.141 26.3
    endloop
  endfacet
  facet normal -0.441898 0.897065 0
    outer loop
      vertex 11.75 99.9445 26.3
      vertex 12.1489 100.141 3
      vertex 11.75 99.9445 3
    endloop
  endfacet
  facet normal -0.195165 -0.98077 0
    outer loop
      vertex 12.57 93.7159 3
      vertex 13.0062 93.6291 26.3
      vertex 12.57 93.7159 26.3
    endloop
  endfacet
  facet normal -0.195165 -0.98077 -0
    outer loop
      vertex 13.0062 93.6291 26.3
      vertex 12.57 93.7159 3
      vertex 13.0062 93.6291 3
    endloop
  endfacet
  facet normal -0.44226 -0.896887 0
    outer loop
      vertex 11.75 94.0555 3
      vertex 12.1489 93.8588 26.3
      vertex 11.75 94.0555 26.3
    endloop
  endfacet
  facet normal -0.44226 -0.896887 -0
    outer loop
      vertex 12.1489 93.8588 26.3
      vertex 11.75 94.0555 3
      vertex 12.1489 93.8588 3
    endloop
  endfacet
  facet normal 0.751908 0.659268 0
    outer loop
      vertex 16.1474 99.0698 26.3
      vertex 15.8542 99.4042 3
      vertex 15.8542 99.4042 26.3
    endloop
  endfacet
  facet normal 0.751908 0.659268 0
    outer loop
      vertex 15.8542 99.4042 3
      vertex 16.1474 99.0698 26.3
      vertex 16.1474 99.0698 3
    endloop
  endfacet
  facet normal 0.659268 0.751908 -0
    outer loop
      vertex 15.8542 99.4042 3
      vertex 15.5198 99.6974 26.3
      vertex 15.8542 99.4042 26.3
    endloop
  endfacet
  facet normal 0.659268 0.751908 0
    outer loop
      vertex 15.5198 99.6974 26.3
      vertex 15.8542 99.4042 3
      vertex 15.5198 99.6974 3
    endloop
  endfacet
  facet normal -0.659375 0.751815 0
    outer loop
      vertex 11.3802 99.6974 3
      vertex 11.05 99.4078 26.3
      vertex 11.3802 99.6974 26.3
    endloop
  endfacet
  facet normal -0.659375 0.751815 0
    outer loop
      vertex 11.05 99.4078 26.3
      vertex 11.3802 99.6974 3
      vertex 11.05 99.4078 3
    endloop
  endfacet
  facet normal 0.0652057 0.997872 -0
    outer loop
      vertex 13.8938 100.371 3
      vertex 13.45 100.4 26.3
      vertex 13.8938 100.371 26.3
    endloop
  endfacet
  facet normal 0.0652057 0.997872 0
    outer loop
      vertex 13.45 100.4 26.3
      vertex 13.8938 100.371 3
      vertex 13.45 100.4 3
    endloop
  endfacet
  facet normal 0.195597 0.980684 -0
    outer loop
      vertex 14.33 100.284 3
      vertex 13.8938 100.371 26.3
      vertex 14.33 100.284 26.3
    endloop
  endfacet
  facet normal 0.195597 0.980684 0
    outer loop
      vertex 13.8938 100.371 26.3
      vertex 14.33 100.284 3
      vertex 13.8938 100.371 3
    endloop
  endfacet
  facet normal 0.896887 0.44226 0
    outer loop
      vertex 16.5912 98.3011 26.3
      vertex 16.3945 98.7 3
      vertex 16.3945 98.7 26.3
    endloop
  endfacet
  facet normal 0.896887 0.44226 0
    outer loop
      vertex 16.3945 98.7 3
      vertex 16.5912 98.3011 26.3
      vertex 16.5912 98.3011 3
    endloop
  endfacet
  facet normal 0.94696 0.32135 0
    outer loop
      vertex 16.7341 97.88 26.3
      vertex 16.5912 98.3011 3
      vertex 16.5912 98.3011 26.3
    endloop
  endfacet
  facet normal 0.94696 0.32135 0
    outer loop
      vertex 16.5912 98.3011 3
      vertex 16.7341 97.88 26.3
      vertex 16.7341 97.88 3
    endloop
  endfacet
  facet normal 0.98077 0.195165 0
    outer loop
      vertex 16.8209 97.4438 26.3
      vertex 16.7341 97.88 3
      vertex 16.7341 97.88 26.3
    endloop
  endfacet
  facet normal 0.98077 0.195165 0
    outer loop
      vertex 16.7341 97.88 3
      vertex 16.8209 97.4438 26.3
      vertex 16.8209 97.4438 3
    endloop
  endfacet
  facet normal -0.555582 -0.831462 0
    outer loop
      vertex 11.3802 94.3026 3
      vertex 11.75 94.0555 26.3
      vertex 11.3802 94.3026 26.3
    endloop
  endfacet
  facet normal -0.555582 -0.831462 -0
    outer loop
      vertex 11.75 94.0555 26.3
      vertex 11.3802 94.3026 3
      vertex 11.75 94.0555 3
    endloop
  endfacet
  facet normal -0.555582 0.831462 0
    outer loop
      vertex 11.75 99.9445 3
      vertex 11.3802 99.6974 26.3
      vertex 11.75 99.9445 26.3
    endloop
  endfacet
  facet normal -0.555582 0.831462 0
    outer loop
      vertex 11.3802 99.6974 26.3
      vertex 11.75 99.9445 3
      vertex 11.3802 99.6974 3
    endloop
  endfacet
  facet normal 0.32133 0.946967 -0
    outer loop
      vertex -9.39888 74.1412 3
      vertex -9.82001 74.2841 7.4
      vertex -9.39888 74.1412 7.4
    endloop
  endfacet
  facet normal 0.32133 0.946967 0
    outer loop
      vertex -9.82001 74.2841 7.4
      vertex -9.39888 74.1412 3
      vertex -9.82001 74.2841 3
    endloop
  endfacet
  facet normal 0.195169 -0.98077 0
    outer loop
      vertex -10.2562 67.6291 3
      vertex -9.82001 67.7159 7.4
      vertex -10.2562 67.6291 7.4
    endloop
  endfacet
  facet normal 0.195169 -0.98077 0
    outer loop
      vertex -9.82001 67.7159 7.4
      vertex -10.2562 67.6291 3
      vertex -9.82001 67.7159 3
    endloop
  endfacet
  facet normal 0.555592 -0.831455 0
    outer loop
      vertex -9 68.0555 3
      vertex -8.63021 68.3026 7.4
      vertex -9 68.0555 7.4
    endloop
  endfacet
  facet normal 0.555592 -0.831455 0
    outer loop
      vertex -8.63021 68.3026 7.4
      vertex -9 68.0555 3
      vertex -8.63021 68.3026 3
    endloop
  endfacet
  facet normal 0.0654296 0.997857 -0
    outer loop
      vertex -10.2562 74.3709 3
      vertex -10.7 74.4 7.4
      vertex -10.2562 74.3709 7.4
    endloop
  endfacet
  facet normal 0.0654296 0.997857 0
    outer loop
      vertex -10.7 74.4 7.4
      vertex -10.2562 74.3709 3
      vertex -10.7 74.4 3
    endloop
  endfacet
  facet normal -0.32135 -0.94696 0
    outer loop
      vertex -12.0011 67.8588 3
      vertex -11.58 67.7159 7.4
      vertex -12.0011 67.8588 7.4
    endloop
  endfacet
  facet normal -0.32135 -0.94696 -0
    outer loop
      vertex -11.58 67.7159 7.4
      vertex -12.0011 67.8588 3
      vertex -11.58 67.7159 3
    endloop
  endfacet
  facet normal -0.0654296 0.997857 0
    outer loop
      vertex -10.7 74.4 3
      vertex -11.1438 74.3709 7.4
      vertex -10.7 74.4 7.4
    endloop
  endfacet
  facet normal -0.0654296 0.997857 0
    outer loop
      vertex -11.1438 74.3709 7.4
      vertex -10.7 74.4 3
      vertex -11.1438 74.3709 3
    endloop
  endfacet
  facet normal 0.32133 -0.946967 0
    outer loop
      vertex -9.82001 67.7159 3
      vertex -9.39888 67.8588 7.4
      vertex -9.82001 67.7159 7.4
    endloop
  endfacet
  facet normal 0.32133 -0.946967 0
    outer loop
      vertex -9.39888 67.8588 7.4
      vertex -9.82001 67.7159 3
      vertex -9.39888 67.8588 3
    endloop
  endfacet
  facet normal -0.555582 -0.831462 0
    outer loop
      vertex -12.7698 68.3026 3
      vertex -12.4 68.0555 7.4
      vertex -12.7698 68.3026 7.4
    endloop
  endfacet
  facet normal -0.555582 -0.831462 -0
    outer loop
      vertex -12.4 68.0555 7.4
      vertex -12.7698 68.3026 3
      vertex -12.4 68.0555 3
    endloop
  endfacet
  facet normal -0.98077 -0.195165 0
    outer loop
      vertex -13.9841 70.12 3
      vertex -14.0709 70.5562 7.4
      vertex -14.0709 70.5562 3
    endloop
  endfacet
  facet normal -0.98077 -0.195165 0
    outer loop
      vertex -14.0709 70.5562 7.4
      vertex -13.9841 70.12 3
      vertex -13.9841 70.12 7.4
    endloop
  endfacet
  facet normal 0.0654296 -0.997857 0
    outer loop
      vertex -10.7 67.6 3
      vertex -10.2562 67.6291 7.4
      vertex -10.7 67.6 7.4
    endloop
  endfacet
  facet normal 0.0654296 -0.997857 0
    outer loop
      vertex -10.2562 67.6291 7.4
      vertex -10.7 67.6 3
      vertex -10.2562 67.6291 3
    endloop
  endfacet
  facet normal 0.555592 0.831455 -0
    outer loop
      vertex -8.63021 73.6974 3
      vertex -9 73.9445 7.4
      vertex -8.63021 73.6974 7.4
    endloop
  endfacet
  facet normal 0.555592 0.831455 0
    outer loop
      vertex -9 73.9445 7.4
      vertex -8.63021 73.6974 3
      vertex -9 73.9445 3
    endloop
  endfacet
  facet normal -0.32135 0.94696 0
    outer loop
      vertex -11.58 74.2841 3
      vertex -12.0011 74.1412 7.4
      vertex -11.58 74.2841 7.4
    endloop
  endfacet
  facet normal -0.32135 0.94696 0
    outer loop
      vertex -12.0011 74.1412 7.4
      vertex -11.58 74.2841 3
      vertex -12.0011 74.1412 3
    endloop
  endfacet
  facet normal 0.442278 0.896878 -0
    outer loop
      vertex -9 73.9445 3
      vertex -9.39888 74.1412 7.4
      vertex -9 73.9445 7.4
    endloop
  endfacet
  facet normal 0.442278 0.896878 0
    outer loop
      vertex -9.39888 74.1412 7.4
      vertex -9 73.9445 3
      vertex -9.39888 74.1412 3
    endloop
  endfacet
  facet normal -0.44226 0.896887 0
    outer loop
      vertex -12.0011 74.1412 3
      vertex -12.4 73.9445 7.4
      vertex -12.0011 74.1412 7.4
    endloop
  endfacet
  facet normal -0.44226 0.896887 0
    outer loop
      vertex -12.4 73.9445 7.4
      vertex -12.0011 74.1412 3
      vertex -12.4 73.9445 3
    endloop
  endfacet
  facet normal 0.195169 0.98077 -0
    outer loop
      vertex -9.82001 74.2841 3
      vertex -10.2562 74.3709 7.4
      vertex -9.82001 74.2841 7.4
    endloop
  endfacet
  facet normal 0.195169 0.98077 0
    outer loop
      vertex -10.2562 74.3709 7.4
      vertex -9.82001 74.2841 3
      vertex -10.2562 74.3709 3
    endloop
  endfacet
  facet normal -0.997857 0.0654296 0
    outer loop
      vertex -14.1 71 3
      vertex -14.0709 71.4438 7.4
      vertex -14.0709 71.4438 3
    endloop
  endfacet
  facet normal -0.997857 0.0654296 0
    outer loop
      vertex -14.0709 71.4438 7.4
      vertex -14.1 71 3
      vertex -14.1 71 7.4
    endloop
  endfacet
  facet normal -0.831462 -0.555582 0
    outer loop
      vertex -13.3974 68.9302 3
      vertex -13.6445 69.3 7.4
      vertex -13.6445 69.3 3
    endloop
  endfacet
  facet normal -0.831462 -0.555582 0
    outer loop
      vertex -13.6445 69.3 7.4
      vertex -13.3974 68.9302 3
      vertex -13.3974 68.9302 7.4
    endloop
  endfacet
  facet normal -0.751908 -0.659268 0
    outer loop
      vertex -13.1042 68.5958 3
      vertex -13.3974 68.9302 7.4
      vertex -13.3974 68.9302 3
    endloop
  endfacet
  facet normal -0.751908 -0.659268 0
    outer loop
      vertex -13.3974 68.9302 7.4
      vertex -13.1042 68.5958 3
      vertex -13.1042 68.5958 7.4
    endloop
  endfacet
  facet normal -0.659268 -0.751908 0
    outer loop
      vertex -13.1042 68.5958 3
      vertex -12.7698 68.3026 7.4
      vertex -13.1042 68.5958 7.4
    endloop
  endfacet
  facet normal -0.659268 -0.751908 -0
    outer loop
      vertex -12.7698 68.3026 7.4
      vertex -13.1042 68.5958 3
      vertex -12.7698 68.3026 3
    endloop
  endfacet
  facet normal -0.195165 -0.98077 0
    outer loop
      vertex -11.58 67.7159 3
      vertex -11.1438 67.6291 7.4
      vertex -11.58 67.7159 7.4
    endloop
  endfacet
  facet normal -0.195165 -0.98077 -0
    outer loop
      vertex -11.1438 67.6291 7.4
      vertex -11.58 67.7159 3
      vertex -11.1438 67.6291 3
    endloop
  endfacet
  facet normal 0.442278 -0.896878 0
    outer loop
      vertex -9.39888 67.8588 3
      vertex -9 68.0555 7.4
      vertex -9.39888 67.8588 7.4
    endloop
  endfacet
  facet normal 0.442278 -0.896878 0
    outer loop
      vertex -9 68.0555 7.4
      vertex -9.39888 67.8588 3
      vertex -9 68.0555 3
    endloop
  endfacet
  facet normal -0.831462 0.555582 0
    outer loop
      vertex -13.6445 72.7 3
      vertex -13.3974 73.0698 7.4
      vertex -13.3974 73.0698 3
    endloop
  endfacet
  facet normal -0.831462 0.555582 0
    outer loop
      vertex -13.3974 73.0698 7.4
      vertex -13.6445 72.7 3
      vertex -13.6445 72.7 7.4
    endloop
  endfacet
  facet normal -0.98077 0.195165 0
    outer loop
      vertex -14.0709 71.4438 3
      vertex -13.9841 71.88 7.4
      vertex -13.9841 71.88 3
    endloop
  endfacet
  facet normal -0.98077 0.195165 0
    outer loop
      vertex -13.9841 71.88 7.4
      vertex -14.0709 71.4438 3
      vertex -14.0709 71.4438 7.4
    endloop
  endfacet
  facet normal -0.896887 0.44226 0
    outer loop
      vertex -13.8412 72.3011 3
      vertex -13.6445 72.7 7.4
      vertex -13.6445 72.7 3
    endloop
  endfacet
  facet normal -0.896887 0.44226 0
    outer loop
      vertex -13.6445 72.7 7.4
      vertex -13.8412 72.3011 3
      vertex -13.8412 72.3011 7.4
    endloop
  endfacet
  facet normal -0.0654296 -0.997857 0
    outer loop
      vertex -11.1438 67.6291 3
      vertex -10.7 67.6 7.4
      vertex -11.1438 67.6291 7.4
    endloop
  endfacet
  facet normal -0.0654296 -0.997857 -0
    outer loop
      vertex -10.7 67.6 7.4
      vertex -11.1438 67.6291 3
      vertex -10.7 67.6 3
    endloop
  endfacet
  facet normal 0.659363 0.751824 -0
    outer loop
      vertex -8.3 73.4078 3
      vertex -8.63021 73.6974 7.4
      vertex -8.3 73.4078 7.4
    endloop
  endfacet
  facet normal 0.659363 0.751824 0
    outer loop
      vertex -8.63021 73.6974 7.4
      vertex -8.3 73.4078 3
      vertex -8.63021 73.6974 3
    endloop
  endfacet
  facet normal 0 0 1
    outer loop
      vertex -9.56863 72.1314 7.4
      vertex -8.3 73.4078 7.4
      vertex -8.63021 73.6974 7.4
    endloop
  endfacet
  facet normal 0 0 1
    outer loop
      vertex -8.3 73.4078 7.4
      vertex -9.1 71 7.4
      vertex -8.3 68.5922 7.4
    endloop
  endfacet
  facet normal 0 0 1
    outer loop
      vertex -9.9 72.3856 7.4
      vertex -8.63021 73.6974 7.4
      vertex -9 73.9445 7.4
    endloop
  endfacet
  facet normal -0 0 1
    outer loop
      vertex -9.15452 70.5859 7.4
      vertex -8.3 68.5922 7.4
      vertex -9.1 71 7.4
    endloop
  endfacet
  facet normal -0 0 1
    outer loop
      vertex -9.31436 70.2 7.4
      vertex -8.3 68.5922 7.4
      vertex -9.15452 70.5859 7.4
    endloop
  endfacet
  facet normal 0 0 1
    outer loop
      vertex -8.3 73.4078 7.4
      vertex -9.15452 71.4141 7.4
      vertex -9.1 71 7.4
    endloop
  endfacet
  facet normal 0 0 1
    outer loop
      vertex -8.3 73.4078 7.4
      vertex -9.31436 71.8 7.4
      vertex -9.15452 71.4141 7.4
    endloop
  endfacet
  facet normal 0 0 1
    outer loop
      vertex -9.9 72.3856 7.4
      vertex -9 73.9445 7.4
      vertex -9.39888 74.1412 7.4
    endloop
  endfacet
  facet normal 0 0 1
    outer loop
      vertex -8.3 73.4078 7.4
      vertex -9.56863 72.1314 7.4
      vertex -9.31436 71.8 7.4
    endloop
  endfacet
  facet normal 0 0 1
    outer loop
      vertex -10.2859 72.5455 7.4
      vertex -9.39888 74.1412 7.4
      vertex -9.82001 74.2841 7.4
    endloop
  endfacet
  facet normal 0 0 1
    outer loop
      vertex -8.63021 73.6974 7.4
      vertex -9.9 72.3856 7.4
      vertex -9.56863 72.1314 7.4
    endloop
  endfacet
  facet normal 0 0 1
    outer loop
      vertex -10.2859 72.5455 7.4
      vertex -9.82001 74.2841 7.4
      vertex -10.2562 74.3709 7.4
    endloop
  endfacet
  facet normal 0 0 1
    outer loop
      vertex -9.39888 74.1412 7.4
      vertex -10.2859 72.5455 7.4
      vertex -9.9 72.3856 7.4
    endloop
  endfacet
  facet normal 0 0 1
    outer loop
      vertex -10.7 72.6 7.4
      vertex -10.2562 74.3709 7.4
      vertex -10.7 74.4 7.4
    endloop
  endfacet
  facet normal 0 0 1
    outer loop
      vertex -10.2562 74.3709 7.4
      vertex -10.7 72.6 7.4
      vertex -10.2859 72.5455 7.4
    endloop
  endfacet
  facet normal -0 0 1
    outer loop
      vertex -11.1438 74.3709 7.4
      vertex -10.7 72.6 7.4
      vertex -10.7 74.4 7.4
    endloop
  endfacet
  facet normal 0 0 1
    outer loop
      vertex -10.7 72.6 7.4
      vertex -11.1438 74.3709 7.4
      vertex -11.1141 72.5455 7.4
    endloop
  endfacet
  facet normal -0 0 1
    outer loop
      vertex -11.58 74.2841 7.4
      vertex -11.1141 72.5455 7.4
      vertex -11.1438 74.3709 7.4
    endloop
  endfacet
  facet normal -0 0 1
    outer loop
      vertex -12.0011 74.1412 7.4
      vertex -11.1141 72.5455 7.4
      vertex -11.58 74.2841 7.4
    endloop
  endfacet
  facet normal 0 0 1
    outer loop
      vertex -11.1141 72.5455 7.4
      vertex -12.0011 74.1412 7.4
      vertex -11.5 72.3856 7.4
    endloop
  endfacet
  facet normal -0 0 1
    outer loop
      vertex -12.4 73.9445 7.4
      vertex -11.5 72.3856 7.4
      vertex -12.0011 74.1412 7.4
    endloop
  endfacet
  facet normal -0 0 1
    outer loop
      vertex -12.7698 73.6974 7.4
      vertex -11.5 72.3856 7.4
      vertex -12.4 73.9445 7.4
    endloop
  endfacet
  facet normal 0 0 1
    outer loop
      vertex -11.5 72.3856 7.4
      vertex -12.7698 73.6974 7.4
      vertex -11.8314 72.1314 7.4
    endloop
  endfacet
  facet normal -0 0 1
    outer loop
      vertex -13.1042 73.4042 7.4
      vertex -11.8314 72.1314 7.4
      vertex -12.7698 73.6974 7.4
    endloop
  endfacet
  facet normal -0 0 1
    outer loop
      vertex -13.3974 73.0698 7.4
      vertex -11.8314 72.1314 7.4
      vertex -13.1042 73.4042 7.4
    endloop
  endfacet
  facet normal -0 0 1
    outer loop
      vertex -9.56863 69.8686 7.4
      vertex -8.3 68.5922 7.4
      vertex -9.31436 70.2 7.4
    endloop
  endfacet
  facet normal 0 0 1
    outer loop
      vertex -8.3 68.5922 7.4
      vertex -9.56863 69.8686 7.4
      vertex -8.63021 68.3026 7.4
    endloop
  endfacet
  facet normal -0 0 1
    outer loop
      vertex -9.9 69.6144 7.4
      vertex -8.63021 68.3026 7.4
      vertex -9.56863 69.8686 7.4
    endloop
  endfacet
  facet normal 0 0 1
    outer loop
      vertex -8.63021 68.3026 7.4
      vertex -9.9 69.6144 7.4
      vertex -9 68.0555 7.4
    endloop
  endfacet
  facet normal 0 0 1
    outer loop
      vertex -9 68.0555 7.4
      vertex -9.9 69.6144 7.4
      vertex -9.39888 67.8588 7.4
    endloop
  endfacet
  facet normal -0 0 1
    outer loop
      vertex -10.2859 69.4545 7.4
      vertex -9.39888 67.8588 7.4
      vertex -9.9 69.6144 7.4
    endloop
  endfacet
  facet normal 0 0 1
    outer loop
      vertex -9.39888 67.8588 7.4
      vertex -10.2859 69.4545 7.4
      vertex -9.82001 67.7159 7.4
    endloop
  endfacet
  facet normal 0 0 1
    outer loop
      vertex -9.82001 67.7159 7.4
      vertex -10.2859 69.4545 7.4
      vertex -10.2562 67.6291 7.4
    endloop
  endfacet
  facet normal -0 0 1
    outer loop
      vertex -10.7 69.4 7.4
      vertex -10.2562 67.6291 7.4
      vertex -10.2859 69.4545 7.4
    endloop
  endfacet
  facet normal 0 0 1
    outer loop
      vertex -10.7 69.4 7.4
      vertex -10.7 67.6 7.4
      vertex -10.2562 67.6291 7.4
    endloop
  endfacet
  facet normal 0 0 1
    outer loop
      vertex -11.1438 67.6291 7.4
      vertex -10.7 69.4 7.4
      vertex -11.1141 69.4545 7.4
    endloop
  endfacet
  facet normal 0 0 1
    outer loop
      vertex -10.7 69.4 7.4
      vertex -11.1438 67.6291 7.4
      vertex -10.7 67.6 7.4
    endloop
  endfacet
  facet normal 0 0 1
    outer loop
      vertex -12.0011 67.8588 7.4
      vertex -11.1141 69.4545 7.4
      vertex -11.5 69.6144 7.4
    endloop
  endfacet
  facet normal 0 0 1
    outer loop
      vertex -11.1141 69.4545 7.4
      vertex -11.58 67.7159 7.4
      vertex -11.1438 67.6291 7.4
    endloop
  endfacet
  facet normal 0 0 1
    outer loop
      vertex -12.7698 68.3026 7.4
      vertex -11.5 69.6144 7.4
      vertex -11.8314 69.8686 7.4
    endloop
  endfacet
  facet normal 0 0 1
    outer loop
      vertex -11.1141 69.4545 7.4
      vertex -12.0011 67.8588 7.4
      vertex -11.58 67.7159 7.4
    endloop
  endfacet
  facet normal 0 0 1
    outer loop
      vertex -13.3974 68.9302 7.4
      vertex -11.8314 69.8686 7.4
      vertex -12.0856 70.2 7.4
    endloop
  endfacet
  facet normal 0 0 1
    outer loop
      vertex -13.8412 69.6989 7.4
      vertex -12.0856 70.2 7.4
      vertex -12.2455 70.5859 7.4
    endloop
  endfacet
  facet normal 0 0 1
    outer loop
      vertex -14.0709 70.5562 7.4
      vertex -12.2455 70.5859 7.4
      vertex -12.3 71 7.4
    endloop
  endfacet
  facet normal 0 0 1
    outer loop
      vertex -11.5 69.6144 7.4
      vertex -12.4 68.0555 7.4
      vertex -12.0011 67.8588 7.4
    endloop
  endfacet
  facet normal 0 0 1
    outer loop
      vertex -11.8314 72.1314 7.4
      vertex -13.3974 73.0698 7.4
      vertex -12.0856 71.8 7.4
    endloop
  endfacet
  facet normal -0 0 1
    outer loop
      vertex -13.6445 72.7 7.4
      vertex -12.0856 71.8 7.4
      vertex -13.3974 73.0698 7.4
    endloop
  endfacet
  facet normal 0 0 1
    outer loop
      vertex -11.5 69.6144 7.4
      vertex -12.7698 68.3026 7.4
      vertex -12.4 68.0555 7.4
    endloop
  endfacet
  facet normal -0 0 1
    outer loop
      vertex -13.8412 72.3011 7.4
      vertex -12.0856 71.8 7.4
      vertex -13.6445 72.7 7.4
    endloop
  endfacet
  facet normal 0 0 1
    outer loop
      vertex -11.8314 69.8686 7.4
      vertex -13.1042 68.5958 7.4
      vertex -12.7698 68.3026 7.4
    endloop
  endfacet
  facet normal 0 0 1
    outer loop
      vertex -12.0856 71.8 7.4
      vertex -13.8412 72.3011 7.4
      vertex -12.2455 71.4141 7.4
    endloop
  endfacet
  facet normal 0 0 1
    outer loop
      vertex -11.8314 69.8686 7.4
      vertex -13.3974 68.9302 7.4
      vertex -13.1042 68.5958 7.4
    endloop
  endfacet
  facet normal -0 0 1
    outer loop
      vertex -13.9841 71.88 7.4
      vertex -12.2455 71.4141 7.4
      vertex -13.8412 72.3011 7.4
    endloop
  endfacet
  facet normal 0 0 1
    outer loop
      vertex -12.0856 70.2 7.4
      vertex -13.6445 69.3 7.4
      vertex -13.3974 68.9302 7.4
    endloop
  endfacet
  facet normal -0 0 1
    outer loop
      vertex -14.0709 71.4438 7.4
      vertex -12.2455 71.4141 7.4
      vertex -13.9841 71.88 7.4
    endloop
  endfacet
  facet normal 0 0 1
    outer loop
      vertex -12.0856 70.2 7.4
      vertex -13.8412 69.6989 7.4
      vertex -13.6445 69.3 7.4
    endloop
  endfacet
  facet normal 0 0 1
    outer loop
      vertex -12.2455 71.4141 7.4
      vertex -14.0709 71.4438 7.4
      vertex -12.3 71 7.4
    endloop
  endfacet
  facet normal 0 0 1
    outer loop
      vertex -12.2455 70.5859 7.4
      vertex -13.9841 70.12 7.4
      vertex -13.8412 69.6989 7.4
    endloop
  endfacet
  facet normal 0 0 1
    outer loop
      vertex -14.1 71 7.4
      vertex -12.3 71 7.4
      vertex -14.0709 71.4438 7.4
    endloop
  endfacet
  facet normal 0 0 1
    outer loop
      vertex -12.2455 70.5859 7.4
      vertex -14.0709 70.5562 7.4
      vertex -13.9841 70.12 7.4
    endloop
  endfacet
  facet normal 0 0 1
    outer loop
      vertex -12.3 71 7.4
      vertex -14.1 71 7.4
      vertex -14.0709 70.5562 7.4
    endloop
  endfacet
  facet normal -0 0 1
    outer loop
      vertex 6.7 82.2 7.4
      vertex 8.3 73.4078 7.4
      vertex 8.3 83.8 7.4
    endloop
  endfacet
  facet normal 0 0 1
    outer loop
      vertex 8.3 73.4078 7.4
      vertex 6.7 82.2 7.4
      vertex 8.3 68.5922 7.4
    endloop
  endfacet
  facet normal 0 0 1
    outer loop
      vertex 6.7 59.8 7.4
      vertex 8.3 68.5922 7.4
      vertex 6.7 82.2 7.4
    endloop
  endfacet
  facet normal 0 0 1
    outer loop
      vertex 8.3 83.8 7.4
      vertex -6.7 82.2 7.4
      vertex 6.7 82.2 7.4
    endloop
  endfacet
  facet normal 0 0 1
    outer loop
      vertex -8.3 73.4078 7.4
      vertex -6.7 82.2 7.4
      vertex -8.3 83.8 7.4
    endloop
  endfacet
  facet normal -0 0 1
    outer loop
      vertex -8.3 83.8 7.4
      vertex -6.7 82.2 7.4
      vertex 8.3 83.8 7.4
    endloop
  endfacet
  facet normal 0 0 1
    outer loop
      vertex 8.3 68.5922 7.4
      vertex 6.7 59.8 7.4
      vertex 8.3 58.2 7.4
    endloop
  endfacet
  facet normal -0 0 1
    outer loop
      vertex -6.7 59.8 7.4
      vertex 8.3 58.2 7.4
      vertex 6.7 59.8 7.4
    endloop
  endfacet
  facet normal 0 0 1
    outer loop
      vertex -6.7 82.2 7.4
      vertex -8.3 73.4078 7.4
      vertex -6.7 59.8 7.4
    endloop
  endfacet
  facet normal -0 0 1
    outer loop
      vertex -8.3 68.5922 7.4
      vertex -6.7 59.8 7.4
      vertex -8.3 73.4078 7.4
    endloop
  endfacet
  facet normal 0 0 1
    outer loop
      vertex -6.7 59.8 7.4
      vertex -8.3 58.2 7.4
      vertex 8.3 58.2 7.4
    endloop
  endfacet
  facet normal 0 0 1
    outer loop
      vertex -8.3 58.2 7.4
      vertex -6.7 59.8 7.4
      vertex -8.3 68.5922 7.4
    endloop
  endfacet
  facet normal 0 0 1
    outer loop
      vertex 12.3 71 7.4
      vertex 14.1 71 7.4
      vertex 14.0709 71.4438 7.4
    endloop
  endfacet
  facet normal 0 0 1
    outer loop
      vertex 12.2455 71.4141 7.4
      vertex 14.0709 71.4438 7.4
      vertex 13.9841 71.88 7.4
    endloop
  endfacet
  facet normal 0 0 1
    outer loop
      vertex 14.1 71 7.4
      vertex 12.3 71 7.4
      vertex 14.0709 70.5562 7.4
    endloop
  endfacet
  facet normal 0 0 1
    outer loop
      vertex 12.2455 71.4141 7.4
      vertex 13.9841 71.88 7.4
      vertex 13.8412 72.3011 7.4
    endloop
  endfacet
  facet normal -0 0 1
    outer loop
      vertex 12.2455 70.5859 7.4
      vertex 14.0709 70.5562 7.4
      vertex 12.3 71 7.4
    endloop
  endfacet
  facet normal 0 0 1
    outer loop
      vertex 12.0856 71.8 7.4
      vertex 13.8412 72.3011 7.4
      vertex 13.6445 72.7 7.4
    endloop
  endfacet
  facet normal 0 0 1
    outer loop
      vertex 14.0709 70.5562 7.4
      vertex 12.2455 70.5859 7.4
      vertex 13.9841 70.12 7.4
    endloop
  endfacet
  facet normal 0 0 1
    outer loop
      vertex 12.0856 71.8 7.4
      vertex 13.6445 72.7 7.4
      vertex 13.3974 73.0698 7.4
    endloop
  endfacet
  facet normal 0 0 1
    outer loop
      vertex 13.9841 70.12 7.4
      vertex 12.2455 70.5859 7.4
      vertex 13.8412 69.6989 7.4
    endloop
  endfacet
  facet normal 0 0 1
    outer loop
      vertex 11.8314 72.1314 7.4
      vertex 13.3974 73.0698 7.4
      vertex 13.1042 73.4042 7.4
    endloop
  endfacet
  facet normal -0 0 1
    outer loop
      vertex 12.0856 70.2 7.4
      vertex 13.8412 69.6989 7.4
      vertex 12.2455 70.5859 7.4
    endloop
  endfacet
  facet normal 0 0 1
    outer loop
      vertex 11.8314 72.1314 7.4
      vertex 13.1042 73.4042 7.4
      vertex 12.7698 73.6974 7.4
    endloop
  endfacet
  facet normal 0 0 1
    outer loop
      vertex 13.8412 69.6989 7.4
      vertex 12.0856 70.2 7.4
      vertex 13.6445 69.3 7.4
    endloop
  endfacet
  facet normal 0 0 1
    outer loop
      vertex 11.5 72.3856 7.4
      vertex 12.7698 73.6974 7.4
      vertex 12.4 73.9445 7.4
    endloop
  endfacet
  facet normal 0 0 1
    outer loop
      vertex 13.6445 69.3 7.4
      vertex 12.0856 70.2 7.4
      vertex 13.3974 68.9302 7.4
    endloop
  endfacet
  facet normal -0 0 1
    outer loop
      vertex 11.8314 69.8686 7.4
      vertex 13.3974 68.9302 7.4
      vertex 12.0856 70.2 7.4
    endloop
  endfacet
  facet normal 0 0 1
    outer loop
      vertex 14.0709 71.4438 7.4
      vertex 12.2455 71.4141 7.4
      vertex 12.3 71 7.4
    endloop
  endfacet
  facet normal 0 0 1
    outer loop
      vertex 13.8412 72.3011 7.4
      vertex 12.0856 71.8 7.4
      vertex 12.2455 71.4141 7.4
    endloop
  endfacet
  facet normal 0 0 1
    outer loop
      vertex 11.5 72.3856 7.4
      vertex 12.4 73.9445 7.4
      vertex 12.0011 74.1412 7.4
    endloop
  endfacet
  facet normal 0 0 1
    outer loop
      vertex 13.3974 73.0698 7.4
      vertex 11.8314 72.1314 7.4
      vertex 12.0856 71.8 7.4
    endloop
  endfacet
  facet normal 0 0 1
    outer loop
      vertex 11.1141 72.5455 7.4
      vertex 12.0011 74.1412 7.4
      vertex 11.58 74.2841 7.4
    endloop
  endfacet
  facet normal 0 0 1
    outer loop
      vertex 12.7698 73.6974 7.4
      vertex 11.5 72.3856 7.4
      vertex 11.8314 72.1314 7.4
    endloop
  endfacet
  facet normal 0 0 1
    outer loop
      vertex 11.1141 72.5455 7.4
      vertex 11.58 74.2841 7.4
      vertex 11.1438 74.3709 7.4
    endloop
  endfacet
  facet normal 0 0 1
    outer loop
      vertex 12.0011 74.1412 7.4
      vertex 11.1141 72.5455 7.4
      vertex 11.5 72.3856 7.4
    endloop
  endfacet
  facet normal 0 0 1
    outer loop
      vertex 10.7 72.6 7.4
      vertex 11.1438 74.3709 7.4
      vertex 10.7 74.4 7.4
    endloop
  endfacet
  facet normal 0 0 1
    outer loop
      vertex 11.1438 74.3709 7.4
      vertex 10.7 72.6 7.4
      vertex 11.1141 72.5455 7.4
    endloop
  endfacet
  facet normal -0 0 1
    outer loop
      vertex 10.2562 74.3709 7.4
      vertex 10.7 72.6 7.4
      vertex 10.7 74.4 7.4
    endloop
  endfacet
  facet normal 0 0 1
    outer loop
      vertex 10.7 72.6 7.4
      vertex 10.2562 74.3709 7.4
      vertex 10.2859 72.5455 7.4
    endloop
  endfacet
  facet normal -0 0 1
    outer loop
      vertex 9.82001 74.2841 7.4
      vertex 10.2859 72.5455 7.4
      vertex 10.2562 74.3709 7.4
    endloop
  endfacet
  facet normal -0 0 1
    outer loop
      vertex 9.39888 74.1412 7.4
      vertex 10.2859 72.5455 7.4
      vertex 9.82001 74.2841 7.4
    endloop
  endfacet
  facet normal 0 0 1
    outer loop
      vertex 10.2859 72.5455 7.4
      vertex 9.39888 74.1412 7.4
      vertex 9.9 72.3856 7.4
    endloop
  endfacet
  facet normal -0 0 1
    outer loop
      vertex 9 73.9445 7.4
      vertex 9.9 72.3856 7.4
      vertex 9.39888 74.1412 7.4
    endloop
  endfacet
  facet normal -0 0 1
    outer loop
      vertex 8.63021 73.6974 7.4
      vertex 9.9 72.3856 7.4
      vertex 9 73.9445 7.4
    endloop
  endfacet
  facet normal 0 0 1
    outer loop
      vertex 9.9 72.3856 7.4
      vertex 8.63021 73.6974 7.4
      vertex 9.56863 72.1314 7.4
    endloop
  endfacet
  facet normal -0 0 1
    outer loop
      vertex 8.3 73.4078 7.4
      vertex 9.56863 72.1314 7.4
      vertex 8.63021 73.6974 7.4
    endloop
  endfacet
  facet normal 0 0 1
    outer loop
      vertex 9.56863 72.1314 7.4
      vertex 8.3 73.4078 7.4
      vertex 9.31436 71.8 7.4
    endloop
  endfacet
  facet normal 0 0 1
    outer loop
      vertex 13.3974 68.9302 7.4
      vertex 11.8314 69.8686 7.4
      vertex 13.1042 68.5958 7.4
    endloop
  endfacet
  facet normal 0 0 1
    outer loop
      vertex 13.1042 68.5958 7.4
      vertex 11.8314 69.8686 7.4
      vertex 12.7698 68.3026 7.4
    endloop
  endfacet
  facet normal -0 0 1
    outer loop
      vertex 11.5 69.6144 7.4
      vertex 12.7698 68.3026 7.4
      vertex 11.8314 69.8686 7.4
    endloop
  endfacet
  facet normal 0 0 1
    outer loop
      vertex 12.7698 68.3026 7.4
      vertex 11.5 69.6144 7.4
      vertex 12.4 68.0555 7.4
    endloop
  endfacet
  facet normal 0 0 1
    outer loop
      vertex 12.4 68.0555 7.4
      vertex 11.5 69.6144 7.4
      vertex 12.0011 67.8588 7.4
    endloop
  endfacet
  facet normal -0 0 1
    outer loop
      vertex 11.1141 69.4545 7.4
      vertex 12.0011 67.8588 7.4
      vertex 11.5 69.6144 7.4
    endloop
  endfacet
  facet normal 0 0 1
    outer loop
      vertex 12.0011 67.8588 7.4
      vertex 11.1141 69.4545 7.4
      vertex 11.58 67.7159 7.4
    endloop
  endfacet
  facet normal 0 0 1
    outer loop
      vertex 11.58 67.7159 7.4
      vertex 11.1141 69.4545 7.4
      vertex 11.1438 67.6291 7.4
    endloop
  endfacet
  facet normal -0 0 1
    outer loop
      vertex 10.7 69.4 7.4
      vertex 11.1438 67.6291 7.4
      vertex 11.1141 69.4545 7.4
    endloop
  endfacet
  facet normal 0 0 1
    outer loop
      vertex 10.7 69.4 7.4
      vertex 10.7 67.6 7.4
      vertex 11.1438 67.6291 7.4
    endloop
  endfacet
  facet normal 0 0 1
    outer loop
      vertex 10.2562 67.6291 7.4
      vertex 10.7 69.4 7.4
      vertex 10.2859 69.4545 7.4
    endloop
  endfacet
  facet normal 0 0 1
    outer loop
      vertex 10.7 69.4 7.4
      vertex 10.2562 67.6291 7.4
      vertex 10.7 67.6 7.4
    endloop
  endfacet
  facet normal 0 0 1
    outer loop
      vertex 9.39888 67.8588 7.4
      vertex 10.2859 69.4545 7.4
      vertex 9.9 69.6144 7.4
    endloop
  endfacet
  facet normal 0 0 1
    outer loop
      vertex 10.2859 69.4545 7.4
      vertex 9.82001 67.7159 7.4
      vertex 10.2562 67.6291 7.4
    endloop
  endfacet
  facet normal 0 0 1
    outer loop
      vertex 8.63021 68.3026 7.4
      vertex 9.9 69.6144 7.4
      vertex 9.56863 69.8686 7.4
    endloop
  endfacet
  facet normal 0 0 1
    outer loop
      vertex 10.2859 69.4545 7.4
      vertex 9.39888 67.8588 7.4
      vertex 9.82001 67.7159 7.4
    endloop
  endfacet
  facet normal 0 0 1
    outer loop
      vertex 8.3 68.5922 7.4
      vertex 9.56863 69.8686 7.4
      vertex 9.31436 70.2 7.4
    endloop
  endfacet
  facet normal 0 0 1
    outer loop
      vertex 8.3 68.5922 7.4
      vertex 9.31436 70.2 7.4
      vertex 9.15452 70.5859 7.4
    endloop
  endfacet
  facet normal 0 0 1
    outer loop
      vertex 8.3 68.5922 7.4
      vertex 9.15452 70.5859 7.4
      vertex 9.1 71 7.4
    endloop
  endfacet
  facet normal 0 0 1
    outer loop
      vertex 9.9 69.6144 7.4
      vertex 9 68.0555 7.4
      vertex 9.39888 67.8588 7.4
    endloop
  endfacet
  facet normal 0 0 1
    outer loop
      vertex 9.31436 71.8 7.4
      vertex 8.3 73.4078 7.4
      vertex 9.15452 71.4141 7.4
    endloop
  endfacet
  facet normal 0 0 1
    outer loop
      vertex 9.15452 71.4141 7.4
      vertex 8.3 73.4078 7.4
      vertex 9.1 71 7.4
    endloop
  endfacet
  facet normal 0 0 1
    outer loop
      vertex 9.9 69.6144 7.4
      vertex 8.63021 68.3026 7.4
      vertex 9 68.0555 7.4
    endloop
  endfacet
  facet normal 0 0 1
    outer loop
      vertex 8.3 68.5922 7.4
      vertex 9.1 71 7.4
      vertex 8.3 73.4078 7.4
    endloop
  endfacet
  facet normal 0 0 1
    outer loop
      vertex 9.56863 69.8686 7.4
      vertex 8.3 68.5922 7.4
      vertex 8.63021 68.3026 7.4
    endloop
  endfacet
  facet normal 0.659363 -0.751824 0
    outer loop
      vertex -8.63021 68.3026 3
      vertex -8.3 68.5922 7.4
      vertex -8.63021 68.3026 7.4
    endloop
  endfacet
  facet normal 0.659363 -0.751824 0
    outer loop
      vertex -8.3 68.5922 7.4
      vertex -8.63021 68.3026 3
      vertex -8.3 68.5922 3
    endloop
  endfacet
  facet normal -0.44226 -0.896887 0
    outer loop
      vertex -12.4 68.0555 3
      vertex -12.0011 67.8588 7.4
      vertex -12.4 68.0555 7.4
    endloop
  endfacet
  facet normal -0.44226 -0.896887 -0
    outer loop
      vertex -12.0011 67.8588 7.4
      vertex -12.4 68.0555 3
      vertex -12.0011 67.8588 3
    endloop
  endfacet
  facet normal -0.94696 0.32135 0
    outer loop
      vertex -13.9841 71.88 3
      vertex -13.8412 72.3011 7.4
      vertex -13.8412 72.3011 3
    endloop
  endfacet
  facet normal -0.94696 0.32135 0
    outer loop
      vertex -13.8412 72.3011 7.4
      vertex -13.9841 71.88 3
      vertex -13.9841 71.88 7.4
    endloop
  endfacet
  facet normal -0.896887 -0.44226 0
    outer loop
      vertex -13.6445 69.3 3
      vertex -13.8412 69.6989 7.4
      vertex -13.8412 69.6989 3
    endloop
  endfacet
  facet normal -0.896887 -0.44226 0
    outer loop
      vertex -13.8412 69.6989 7.4
      vertex -13.6445 69.3 3
      vertex -13.6445 69.3 7.4
    endloop
  endfacet
  facet normal -0.659268 0.751908 0
    outer loop
      vertex -12.7698 73.6974 3
      vertex -13.1042 73.4042 7.4
      vertex -12.7698 73.6974 7.4
    endloop
  endfacet
  facet normal -0.659268 0.751908 0
    outer loop
      vertex -13.1042 73.4042 7.4
      vertex -12.7698 73.6974 3
      vertex -13.1042 73.4042 3
    endloop
  endfacet
  facet normal -0.555582 0.831462 0
    outer loop
      vertex -12.4 73.9445 3
      vertex -12.7698 73.6974 7.4
      vertex -12.4 73.9445 7.4
    endloop
  endfacet
  facet normal -0.555582 0.831462 0
    outer loop
      vertex -12.7698 73.6974 7.4
      vertex -12.4 73.9445 3
      vertex -12.7698 73.6974 3
    endloop
  endfacet
  facet normal -0.195165 0.98077 0
    outer loop
      vertex -11.1438 74.3709 3
      vertex -11.58 74.2841 7.4
      vertex -11.1438 74.3709 7.4
    endloop
  endfacet
  facet normal -0.195165 0.98077 0
    outer loop
      vertex -11.58 74.2841 7.4
      vertex -11.1438 74.3709 3
      vertex -11.58 74.2841 3
    endloop
  endfacet
  facet normal -0.751908 0.659268 0
    outer loop
      vertex -13.3974 73.0698 3
      vertex -13.1042 73.4042 7.4
      vertex -13.1042 73.4042 3
    endloop
  endfacet
  facet normal -0.751908 0.659268 0
    outer loop
      vertex -13.1042 73.4042 7.4
      vertex -13.3974 73.0698 3
      vertex -13.3974 73.0698 7.4
    endloop
  endfacet
  facet normal -0.997857 -0.0654296 0
    outer loop
      vertex -14.0709 70.5562 3
      vertex -14.1 71 7.4
      vertex -14.1 71 3
    endloop
  endfacet
  facet normal -0.997857 -0.0654296 0
    outer loop
      vertex -14.1 71 7.4
      vertex -14.0709 70.5562 3
      vertex -14.0709 70.5562 7.4
    endloop
  endfacet
  facet normal -0.94696 -0.32135 0
    outer loop
      vertex -13.8412 69.6989 3
      vertex -13.9841 70.12 7.4
      vertex -13.9841 70.12 3
    endloop
  endfacet
  facet normal -0.94696 -0.32135 0
    outer loop
      vertex -13.9841 70.12 7.4
      vertex -13.8412 69.6989 3
      vertex -13.8412 69.6989 7.4
    endloop
  endfacet
  facet normal 0.659268 -0.751908 0
    outer loop
      vertex 12.7698 68.3026 3
      vertex 13.1042 68.5958 7.4
      vertex 12.7698 68.3026 7.4
    endloop
  endfacet
  facet normal 0.659268 -0.751908 0
    outer loop
      vertex 13.1042 68.5958 7.4
      vertex 12.7698 68.3026 3
      vertex 13.1042 68.5958 3
    endloop
  endfacet
  facet normal 0.98077 -0.195165 0
    outer loop
      vertex 13.9841 70.12 7.4
      vertex 14.0709 70.5562 3
      vertex 14.0709 70.5562 7.4
    endloop
  endfacet
  facet normal 0.98077 -0.195165 0
    outer loop
      vertex 14.0709 70.5562 3
      vertex 13.9841 70.12 7.4
      vertex 13.9841 70.12 3
    endloop
  endfacet
  facet normal 0.997857 -0.0654296 0
    outer loop
      vertex 14.0709 70.5562 7.4
      vertex 14.1 71 3
      vertex 14.1 71 7.4
    endloop
  endfacet
  facet normal 0.997857 -0.0654296 0
    outer loop
      vertex 14.1 71 3
      vertex 14.0709 70.5562 7.4
      vertex 14.0709 70.5562 3
    endloop
  endfacet
  facet normal 0.94696 -0.32135 0
    outer loop
      vertex 13.8412 69.6989 7.4
      vertex 13.9841 70.12 3
      vertex 13.9841 70.12 7.4
    endloop
  endfacet
  facet normal 0.94696 -0.32135 0
    outer loop
      vertex 13.9841 70.12 3
      vertex 13.8412 69.6989 7.4
      vertex 13.8412 69.6989 3
    endloop
  endfacet
  facet normal 0.831462 0.555582 0
    outer loop
      vertex 13.6445 72.7 7.4
      vertex 13.3974 73.0698 3
      vertex 13.3974 73.0698 7.4
    endloop
  endfacet
  facet normal 0.831462 0.555582 0
    outer loop
      vertex 13.3974 73.0698 3
      vertex 13.6445 72.7 7.4
      vertex 13.6445 72.7 3
    endloop
  endfacet
  facet normal 0.831462 -0.555582 0
    outer loop
      vertex 13.3974 68.9302 7.4
      vertex 13.6445 69.3 3
      vertex 13.6445 69.3 7.4
    endloop
  endfacet
  facet normal 0.831462 -0.555582 0
    outer loop
      vertex 13.6445 69.3 3
      vertex 13.3974 68.9302 7.4
      vertex 13.3974 68.9302 3
    endloop
  endfacet
  facet normal 0.896887 -0.44226 0
    outer loop
      vertex 13.6445 69.3 7.4
      vertex 13.8412 69.6989 3
      vertex 13.8412 69.6989 7.4
    endloop
  endfacet
  facet normal 0.896887 -0.44226 0
    outer loop
      vertex 13.8412 69.6989 3
      vertex 13.6445 69.3 7.4
      vertex 13.6445 69.3 3
    endloop
  endfacet
  facet normal 0.751908 -0.659268 0
    outer loop
      vertex 13.1042 68.5958 7.4
      vertex 13.3974 68.9302 3
      vertex 13.3974 68.9302 7.4
    endloop
  endfacet
  facet normal 0.751908 -0.659268 0
    outer loop
      vertex 13.3974 68.9302 3
      vertex 13.1042 68.5958 7.4
      vertex 13.1042 68.5958 3
    endloop
  endfacet
  facet normal 0.32135 -0.94696 0
    outer loop
      vertex 11.58 67.7159 3
      vertex 12.0011 67.8588 7.4
      vertex 11.58 67.7159 7.4
    endloop
  endfacet
  facet normal 0.32135 -0.94696 0
    outer loop
      vertex 12.0011 67.8588 7.4
      vertex 11.58 67.7159 3
      vertex 12.0011 67.8588 3
    endloop
  endfacet
  facet normal 0.0654296 -0.997857 0
    outer loop
      vertex 10.7 67.6 3
      vertex 11.1438 67.6291 7.4
      vertex 10.7 67.6 7.4
    endloop
  endfacet
  facet normal 0.0654296 -0.997857 0
    outer loop
      vertex 11.1438 67.6291 7.4
      vertex 10.7 67.6 3
      vertex 11.1438 67.6291 3
    endloop
  endfacet
  facet normal -0.195169 0.98077 0
    outer loop
      vertex 10.2562 74.3709 3
      vertex 9.82001 74.2841 7.4
      vertex 10.2562 74.3709 7.4
    endloop
  endfacet
  facet normal -0.195169 0.98077 0
    outer loop
      vertex 9.82001 74.2841 7.4
      vertex 10.2562 74.3709 3
      vertex 9.82001 74.2841 3
    endloop
  endfacet
  facet normal 0.555582 -0.831462 0
    outer loop
      vertex 12.4 68.0555 3
      vertex 12.7698 68.3026 7.4
      vertex 12.4 68.0555 7.4
    endloop
  endfacet
  facet normal 0.555582 -0.831462 0
    outer loop
      vertex 12.7698 68.3026 7.4
      vertex 12.4 68.0555 3
      vertex 12.7698 68.3026 3
    endloop
  endfacet
  facet normal 0.195165 -0.98077 0
    outer loop
      vertex 11.1438 67.6291 3
      vertex 11.58 67.7159 7.4
      vertex 11.1438 67.6291 7.4
    endloop
  endfacet
  facet normal 0.195165 -0.98077 0
    outer loop
      vertex 11.58 67.7159 7.4
      vertex 11.1438 67.6291 3
      vertex 11.58 67.7159 3
    endloop
  endfacet
  facet normal 0.555582 0.831462 -0
    outer loop
      vertex 12.7698 73.6974 3
      vertex 12.4 73.9445 7.4
      vertex 12.7698 73.6974 7.4
    endloop
  endfacet
  facet normal 0.555582 0.831462 0
    outer loop
      vertex 12.4 73.9445 7.4
      vertex 12.7698 73.6974 3
      vertex 12.4 73.9445 3
    endloop
  endfacet
  facet normal -0.659363 -0.751824 0
    outer loop
      vertex 8.3 68.5922 3
      vertex 8.63021 68.3026 7.4
      vertex 8.3 68.5922 7.4
    endloop
  endfacet
  facet normal -0.659363 -0.751824 -0
    outer loop
      vertex 8.63021 68.3026 7.4
      vertex 8.3 68.5922 3
      vertex 8.63021 68.3026 3
    endloop
  endfacet
  facet normal -0.32133 -0.946967 0
    outer loop
      vertex 9.39888 67.8588 3
      vertex 9.82001 67.7159 7.4
      vertex 9.39888 67.8588 7.4
    endloop
  endfacet
  facet normal -0.32133 -0.946967 -0
    outer loop
      vertex 9.82001 67.7159 7.4
      vertex 9.39888 67.8588 3
      vertex 9.82001 67.7159 3
    endloop
  endfacet
  facet normal -0.32133 0.946967 0
    outer loop
      vertex 9.82001 74.2841 3
      vertex 9.39888 74.1412 7.4
      vertex 9.82001 74.2841 7.4
    endloop
  endfacet
  facet normal -0.32133 0.946967 0
    outer loop
      vertex 9.39888 74.1412 7.4
      vertex 9.82001 74.2841 3
      vertex 9.39888 74.1412 3
    endloop
  endfacet
  facet normal 0.44226 0.896887 -0
    outer loop
      vertex 12.4 73.9445 3
      vertex 12.0011 74.1412 7.4
      vertex 12.4 73.9445 7.4
    endloop
  endfacet
  facet normal 0.44226 0.896887 0
    outer loop
      vertex 12.0011 74.1412 7.4
      vertex 12.4 73.9445 3
      vertex 12.0011 74.1412 3
    endloop
  endfacet
  facet normal 0.997857 0.0654296 0
    outer loop
      vertex 14.1 71 7.4
      vertex 14.0709 71.4438 3
      vertex 14.0709 71.4438 7.4
    endloop
  endfacet
  facet normal 0.997857 0.0654296 0
    outer loop
      vertex 14.0709 71.4438 3
      vertex 14.1 71 7.4
      vertex 14.1 71 3
    endloop
  endfacet
  facet normal 0.32135 0.94696 -0
    outer loop
      vertex 12.0011 74.1412 3
      vertex 11.58 74.2841 7.4
      vertex 12.0011 74.1412 7.4
    endloop
  endfacet
  facet normal 0.32135 0.94696 0
    outer loop
      vertex 11.58 74.2841 7.4
      vertex 12.0011 74.1412 3
      vertex 11.58 74.2841 3
    endloop
  endfacet
  facet normal 0.44226 -0.896887 0
    outer loop
      vertex 12.0011 67.8588 3
      vertex 12.4 68.0555 7.4
      vertex 12.0011 67.8588 7.4
    endloop
  endfacet
  facet normal 0.44226 -0.896887 0
    outer loop
      vertex 12.4 68.0555 7.4
      vertex 12.0011 67.8588 3
      vertex 12.4 68.0555 3
    endloop
  endfacet
  facet normal -0.0654296 0.997857 0
    outer loop
      vertex 10.7 74.4 3
      vertex 10.2562 74.3709 7.4
      vertex 10.7 74.4 7.4
    endloop
  endfacet
  facet normal -0.0654296 0.997857 0
    outer loop
      vertex 10.2562 74.3709 7.4
      vertex 10.7 74.4 3
      vertex 10.2562 74.3709 3
    endloop
  endfacet
  facet normal -0.0654296 -0.997857 0
    outer loop
      vertex 10.2562 67.6291 3
      vertex 10.7 67.6 7.4
      vertex 10.2562 67.6291 7.4
    endloop
  endfacet
  facet normal -0.0654296 -0.997857 -0
    outer loop
      vertex 10.7 67.6 7.4
      vertex 10.2562 67.6291 3
      vertex 10.7 67.6 3
    endloop
  endfacet
  facet normal -0.442278 0.896878 0
    outer loop
      vertex 9.39888 74.1412 3
      vertex 9 73.9445 7.4
      vertex 9.39888 74.1412 7.4
    endloop
  endfacet
  facet normal -0.442278 0.896878 0
    outer loop
      vertex 9 73.9445 7.4
      vertex 9.39888 74.1412 3
      vertex 9 73.9445 3
    endloop
  endfacet
  facet normal -0.195169 -0.98077 0
    outer loop
      vertex 9.82001 67.7159 3
      vertex 10.2562 67.6291 7.4
      vertex 9.82001 67.7159 7.4
    endloop
  endfacet
  facet normal -0.195169 -0.98077 -0
    outer loop
      vertex 10.2562 67.6291 7.4
      vertex 9.82001 67.7159 3
      vertex 10.2562 67.6291 3
    endloop
  endfacet
  facet normal -0.442278 -0.896878 0
    outer loop
      vertex 9 68.0555 3
      vertex 9.39888 67.8588 7.4
      vertex 9 68.0555 7.4
    endloop
  endfacet
  facet normal -0.442278 -0.896878 -0
    outer loop
      vertex 9.39888 67.8588 7.4
      vertex 9 68.0555 3
      vertex 9.39888 67.8588 3
    endloop
  endfacet
  facet normal 0.751908 0.659268 0
    outer loop
      vertex 13.3974 73.0698 7.4
      vertex 13.1042 73.4042 3
      vertex 13.1042 73.4042 7.4
    endloop
  endfacet
  facet normal 0.751908 0.659268 0
    outer loop
      vertex 13.1042 73.4042 3
      vertex 13.3974 73.0698 7.4
      vertex 13.3974 73.0698 3
    endloop
  endfacet
  facet normal 0.659268 0.751908 -0
    outer loop
      vertex 13.1042 73.4042 3
      vertex 12.7698 73.6974 7.4
      vertex 13.1042 73.4042 7.4
    endloop
  endfacet
  facet normal 0.659268 0.751908 0
    outer loop
      vertex 12.7698 73.6974 7.4
      vertex 13.1042 73.4042 3
      vertex 12.7698 73.6974 3
    endloop
  endfacet
  facet normal -0.659363 0.751824 0
    outer loop
      vertex 8.63021 73.6974 3
      vertex 8.3 73.4078 7.4
      vertex 8.63021 73.6974 7.4
    endloop
  endfacet
  facet normal -0.659363 0.751824 0
    outer loop
      vertex 8.3 73.4078 7.4
      vertex 8.63021 73.6974 3
      vertex 8.3 73.4078 3
    endloop
  endfacet
  facet normal 0.0654296 0.997857 -0
    outer loop
      vertex 11.1438 74.3709 3
      vertex 10.7 74.4 7.4
      vertex 11.1438 74.3709 7.4
    endloop
  endfacet
  facet normal 0.0654296 0.997857 0
    outer loop
      vertex 10.7 74.4 7.4
      vertex 11.1438 74.3709 3
      vertex 10.7 74.4 3
    endloop
  endfacet
  facet normal 0.195165 0.98077 -0
    outer loop
      vertex 11.58 74.2841 3
      vertex 11.1438 74.3709 7.4
      vertex 11.58 74.2841 7.4
    endloop
  endfacet
  facet normal 0.195165 0.98077 0
    outer loop
      vertex 11.1438 74.3709 7.4
      vertex 11.58 74.2841 3
      vertex 11.1438 74.3709 3
    endloop
  endfacet
  facet normal 0.896887 0.44226 0
    outer loop
      vertex 13.8412 72.3011 7.4
      vertex 13.6445 72.7 3
      vertex 13.6445 72.7 7.4
    endloop
  endfacet
  facet normal 0.896887 0.44226 0
    outer loop
      vertex 13.6445 72.7 3
      vertex 13.8412 72.3011 7.4
      vertex 13.8412 72.3011 3
    endloop
  endfacet
  facet normal 0.94696 0.32135 0
    outer loop
      vertex 13.9841 71.88 7.4
      vertex 13.8412 72.3011 3
      vertex 13.8412 72.3011 7.4
    endloop
  endfacet
  facet normal 0.94696 0.32135 0
    outer loop
      vertex 13.8412 72.3011 3
      vertex 13.9841 71.88 7.4
      vertex 13.9841 71.88 3
    endloop
  endfacet
  facet normal 0.98077 0.195165 0
    outer loop
      vertex 14.0709 71.4438 7.4
      vertex 13.9841 71.88 3
      vertex 13.9841 71.88 7.4
    endloop
  endfacet
  facet normal 0.98077 0.195165 0
    outer loop
      vertex 13.9841 71.88 3
      vertex 14.0709 71.4438 7.4
      vertex 14.0709 71.4438 3
    endloop
  endfacet
  facet normal -0.555592 -0.831455 0
    outer loop
      vertex 8.63021 68.3026 3
      vertex 9 68.0555 7.4
      vertex 8.63021 68.3026 7.4
    endloop
  endfacet
  facet normal -0.555592 -0.831455 -0
    outer loop
      vertex 9 68.0555 7.4
      vertex 8.63021 68.3026 3
      vertex 9 68.0555 3
    endloop
  endfacet
  facet normal -0.555592 0.831455 0
    outer loop
      vertex 9 73.9445 3
      vertex 8.63021 73.6974 7.4
      vertex 9 73.9445 7.4
    endloop
  endfacet
  facet normal -0.555592 0.831455 0
    outer loop
      vertex 8.63021 73.6974 7.4
      vertex 9 73.9445 3
      vertex 8.63021 73.6974 3
    endloop
  endfacet
  facet normal 1 -0 0
    outer loop
      vertex 24 47 3
      vertex 24 106 0
      vertex 24 106 3
    endloop
  endfacet
  facet normal 1 0 0
    outer loop
      vertex 24 106 0
      vertex 24 47 3
      vertex 24 47 0
    endloop
  endfacet
  facet normal 0 0 -1
    outer loop
      vertex 24 47 0
      vertex 20.7 90 0
      vertex 24 106 0
    endloop
  endfacet
  facet normal 0 0 -1
    outer loop
      vertex 24 47 0
      vertex 20.6421 89.56 0
      vertex 20.7 90 0
    endloop
  endfacet
  facet normal 0 0 -1
    outer loop
      vertex 24 47 0
      vertex 20.4722 89.15 0
      vertex 20.6421 89.56 0
    endloop
  endfacet
  facet normal 0 0 -1
    outer loop
      vertex 24 47 0
      vertex 20.2021 88.7979 0
      vertex 20.4722 89.15 0
    endloop
  endfacet
  facet normal 0 0 -1
    outer loop
      vertex 15.8021 54.0821 0
      vertex 20.2021 88.7979 0
      vertex 24 47 0
    endloop
  endfacet
  facet normal 0 0 -1
    outer loop
      vertex 20.2021 88.7979 0
      vertex 15.8021 54.0821 0
      vertex 19.85 88.5278 0
    endloop
  endfacet
  facet normal 0 0 -1
    outer loop
      vertex 15.45 54.3522 0
      vertex 19.85 88.5278 0
      vertex 15.8021 54.0821 0
    endloop
  endfacet
  facet normal 0 0 -1
    outer loop
      vertex 19.85 88.5278 0
      vertex 15.45 54.3522 0
      vertex 19.44 88.3579 0
    endloop
  endfacet
  facet normal 0 0 -1
    outer loop
      vertex 15.04 54.5221 0
      vertex 19.44 88.3579 0
      vertex 15.45 54.3522 0
    endloop
  endfacet
  facet normal 0 0 -1
    outer loop
      vertex 19.44 88.3579 0
      vertex 15.04 54.5221 0
      vertex 19 88.3 0
    endloop
  endfacet
  facet normal 0 0 -1
    outer loop
      vertex 14.6 54.58 0
      vertex 19 88.3 0
      vertex 15.04 54.5221 0
    endloop
  endfacet
  facet normal -0 0 -1
    outer loop
      vertex 19 88.3 0
      vertex 14.6 54.58 0
      vertex 18.56 88.3579 0
    endloop
  endfacet
  facet normal 0 0 -1
    outer loop
      vertex 16.0722 53.73 0
      vertex 24 47 0
      vertex 16.2421 53.32 0
    endloop
  endfacet
  facet normal 0 0 -1
    outer loop
      vertex 16.2421 53.32 0
      vertex 24 47 0
      vertex 16.3 52.88 0
    endloop
  endfacet
  facet normal 0 0 -1
    outer loop
      vertex 24 47 0
      vertex 16.2421 52.44 0
      vertex 16.3 52.88 0
    endloop
  endfacet
  facet normal 0 0 -1
    outer loop
      vertex 24 47 0
      vertex 16.0722 52.03 0
      vertex 16.2421 52.44 0
    endloop
  endfacet
  facet normal 0 0 -1
    outer loop
      vertex 24 47 0
      vertex 15.8021 51.6779 0
      vertex 16.0722 52.03 0
    endloop
  endfacet
  facet normal 0 0 -1
    outer loop
      vertex 24 47 0
      vertex 15.45 51.4078 0
      vertex 15.8021 51.6779 0
    endloop
  endfacet
  facet normal 0 0 -1
    outer loop
      vertex 24 47 0
      vertex 15.04 51.2379 0
      vertex 15.45 51.4078 0
    endloop
  endfacet
  facet normal 0 0 -1
    outer loop
      vertex 24 47 0
      vertex 14.6 51.18 0
      vertex 15.04 51.2379 0
    endloop
  endfacet
  facet normal 0 0 -1
    outer loop
      vertex 24 47 0
      vertex 14.16 51.2379 0
      vertex 14.6 51.18 0
    endloop
  endfacet
  facet normal 0 0 -1
    outer loop
      vertex 3.25 52.7 0
      vertex 14.16 51.2379 0
      vertex 24 47 0
    endloop
  endfacet
  facet normal 0 0 -1
    outer loop
      vertex 12.9579 52.44 0
      vertex 3.25 52.7 0
      vertex 12.9 52.88 0
    endloop
  endfacet
  facet normal 0 0 -1
    outer loop
      vertex 13.1278 52.03 0
      vertex 3.25 52.7 0
      vertex 12.9579 52.44 0
    endloop
  endfacet
  facet normal 0 0 -1
    outer loop
      vertex 13.3979 51.6779 0
      vertex 3.25 52.7 0
      vertex 13.1278 52.03 0
    endloop
  endfacet
  facet normal 0 0 -1
    outer loop
      vertex 13.75 51.4078 0
      vertex 3.25 52.7 0
      vertex 13.3979 51.6779 0
    endloop
  endfacet
  facet normal 0 0 -1
    outer loop
      vertex 14.16 51.2379 0
      vertex 3.25 52.7 0
      vertex 13.75 51.4078 0
    endloop
  endfacet
  facet normal 0 0 -1
    outer loop
      vertex 24 47 0
      vertex 1.75 52.7 0
      vertex 3.25 52.7 0
    endloop
  endfacet
  facet normal 0 0 -1
    outer loop
      vertex 1.75 52.7 0
      vertex -1.75 52.7 0
      vertex 1.75 55.7 0
    endloop
  endfacet
  facet normal 0 0 -1
    outer loop
      vertex 24 47 0
      vertex -1.75 52.7 0
      vertex 1.75 52.7 0
    endloop
  endfacet
  facet normal 0 0 -1
    outer loop
      vertex -24 47 0
      vertex -1.75 52.7 0
      vertex 24 47 0
    endloop
  endfacet
  facet normal 0 0 -1
    outer loop
      vertex -12.9579 53.32 0
      vertex -3.25 52.7 0
      vertex -12.9 52.88 0
    endloop
  endfacet
  facet normal -0 0 -1
    outer loop
      vertex -1.75 52.7 0
      vertex -24 47 0
      vertex -3.25 52.7 0
    endloop
  endfacet
  facet normal -0 0 -1
    outer loop
      vertex -3.25 52.7 0
      vertex -12.9579 52.44 0
      vertex -12.9 52.88 0
    endloop
  endfacet
  facet normal 0 0 -1
    outer loop
      vertex -3.25 52.7 0
      vertex -13.1278 52.03 0
      vertex -12.9579 52.44 0
    endloop
  endfacet
  facet normal 0 0 -1
    outer loop
      vertex -3.25 52.7 0
      vertex -13.3979 51.6779 0
      vertex -13.1278 52.03 0
    endloop
  endfacet
  facet normal 0 0 -1
    outer loop
      vertex -3.25 52.7 0
      vertex -13.75 51.4078 0
      vertex -13.3979 51.6779 0
    endloop
  endfacet
  facet normal 0 0 -1
    outer loop
      vertex -3.25 52.7 0
      vertex -14.16 51.2379 0
      vertex -13.75 51.4078 0
    endloop
  endfacet
  facet normal 0 0 -1
    outer loop
      vertex -3.25 52.7 0
      vertex -24 47 0
      vertex -14.16 51.2379 0
    endloop
  endfacet
  facet normal -0 0 -1
    outer loop
      vertex -16.2421 52.44 0
      vertex -24 47 0
      vertex -16.3 52.88 0
    endloop
  endfacet
  facet normal -0 0 -1
    outer loop
      vertex -16.0722 52.03 0
      vertex -24 47 0
      vertex -16.2421 52.44 0
    endloop
  endfacet
  facet normal -0 0 -1
    outer loop
      vertex -15.8021 51.6779 0
      vertex -24 47 0
      vertex -16.0722 52.03 0
    endloop
  endfacet
  facet normal -0 0 -1
    outer loop
      vertex -15.45 51.4078 0
      vertex -24 47 0
      vertex -15.8021 51.6779 0
    endloop
  endfacet
  facet normal -0 0 -1
    outer loop
      vertex -15.04 51.2379 0
      vertex -24 47 0
      vertex -15.45 51.4078 0
    endloop
  endfacet
  facet normal -0 0 -1
    outer loop
      vertex -14.6 51.18 0
      vertex -24 47 0
      vertex -15.04 51.2379 0
    endloop
  endfacet
  facet normal 0 0 -1
    outer loop
      vertex -14.16 51.2379 0
      vertex -24 47 0
      vertex -14.6 51.18 0
    endloop
  endfacet
  facet normal 0 0 -1
    outer loop
      vertex 20.6421 90.44 0
      vertex 24 106 0
      vertex 20.7 90 0
    endloop
  endfacet
  facet normal 0 0 -1
    outer loop
      vertex 20.4722 90.85 0
      vertex 24 106 0
      vertex 20.6421 90.44 0
    endloop
  endfacet
  facet normal 0 0 -1
    outer loop
      vertex 20.2021 91.2021 0
      vertex 24 106 0
      vertex 20.4722 90.85 0
    endloop
  endfacet
  facet normal 0 0 -1
    outer loop
      vertex 19.85 91.4722 0
      vertex 24 106 0
      vertex 20.2021 91.2021 0
    endloop
  endfacet
  facet normal 0 0 -1
    outer loop
      vertex 19.44 91.6421 0
      vertex 24 106 0
      vertex 19.85 91.4722 0
    endloop
  endfacet
  facet normal 0 0 -1
    outer loop
      vertex 19 91.7 0
      vertex 24 106 0
      vertex 19.44 91.6421 0
    endloop
  endfacet
  facet normal 0 0 -1
    outer loop
      vertex 18.56 91.6421 0
      vertex 24 106 0
      vertex 19 91.7 0
    endloop
  endfacet
  facet normal 0 0 -1
    outer loop
      vertex 18.15 91.4722 0
      vertex 24 106 0
      vertex 18.56 91.6421 0
    endloop
  endfacet
  facet normal 0 0 -1
    outer loop
      vertex 17.7979 91.2021 0
      vertex 24 106 0
      vertex 18.15 91.4722 0
    endloop
  endfacet
  facet normal 0 0 -1
    outer loop
      vertex -24 106 0
      vertex 17.7979 91.2021 0
      vertex 17.5278 90.85 0
    endloop
  endfacet
  facet normal 0 0 -1
    outer loop
      vertex 15.8021 54.0821 0
      vertex 24 47 0
      vertex 16.0722 53.73 0
    endloop
  endfacet
  facet normal 0 0 -1
    outer loop
      vertex 14.16 54.5221 0
      vertex 18.56 88.3579 0
      vertex 14.6 54.58 0
    endloop
  endfacet
  facet normal -0 0 -1
    outer loop
      vertex 18.56 88.3579 0
      vertex 14.16 54.5221 0
      vertex 18.15 88.5278 0
    endloop
  endfacet
  facet normal 0 0 -1
    outer loop
      vertex 3.25 55.7 0
      vertex 18.15 88.5278 0
      vertex 14.16 54.5221 0
    endloop
  endfacet
  facet normal -0 0 -1
    outer loop
      vertex 18.15 88.5278 0
      vertex 3.25 55.7 0
      vertex 17.7979 88.7979 0
    endloop
  endfacet
  facet normal 0 0 -1
    outer loop
      vertex 1.75 55.7 0
      vertex 17.7979 88.7979 0
      vertex 3.25 55.7 0
    endloop
  endfacet
  facet normal -0 0 -1
    outer loop
      vertex 17.7979 88.7979 0
      vertex 1.75 55.7 0
      vertex 17.5278 89.15 0
    endloop
  endfacet
  facet normal 0 0 -1
    outer loop
      vertex 3.25 55.7 0
      vertex 14.16 54.5221 0
      vertex 13.75 54.3522 0
    endloop
  endfacet
  facet normal 0 0 -1
    outer loop
      vertex 3.25 55.7 0
      vertex 13.75 54.3522 0
      vertex 13.3979 54.0821 0
    endloop
  endfacet
  facet normal 0 0 -1
    outer loop
      vertex 3.25 55.7 0
      vertex 13.3979 54.0821 0
      vertex 13.1278 53.73 0
    endloop
  endfacet
  facet normal 0 0 -1
    outer loop
      vertex 3.25 55.7 0
      vertex 13.1278 53.73 0
      vertex 12.9579 53.32 0
    endloop
  endfacet
  facet normal 0 0 -1
    outer loop
      vertex 3.25 52.7 0
      vertex 12.9579 53.32 0
      vertex 12.9 52.88 0
    endloop
  endfacet
  facet normal -0 0 -1
    outer loop
      vertex 12.9579 53.32 0
      vertex 3.25 52.7 0
      vertex 3.25 55.7 0
    endloop
  endfacet
  facet normal 0 0 -1
    outer loop
      vertex -1.75 55.7 0
      vertex 17.5278 89.15 0
      vertex 1.75 55.7 0
    endloop
  endfacet
  facet normal 0 0 -1
    outer loop
      vertex -3.25 55.7 0
      vertex 17.5278 89.15 0
      vertex -1.75 55.7 0
    endloop
  endfacet
  facet normal -0 0 -1
    outer loop
      vertex 17.5278 89.15 0
      vertex -3.25 55.7 0
      vertex 17.3579 89.56 0
    endloop
  endfacet
  facet normal 0 0 -1
    outer loop
      vertex -24 106 0
      vertex 17.3579 89.56 0
      vertex -3.25 55.7 0
    endloop
  endfacet
  facet normal 0 0 -1
    outer loop
      vertex 17.3579 89.56 0
      vertex -24 106 0
      vertex 17.3 90 0
    endloop
  endfacet
  facet normal 0 0 -1
    outer loop
      vertex -1.75 55.7 0
      vertex 1.75 55.7 0
      vertex -1.75 52.7 0
    endloop
  endfacet
  facet normal 0 0 -1
    outer loop
      vertex 17.3 90 0
      vertex -24 106 0
      vertex 17.3579 90.44 0
    endloop
  endfacet
  facet normal 0 0 -1
    outer loop
      vertex 17.3579 90.44 0
      vertex -24 106 0
      vertex 17.5278 90.85 0
    endloop
  endfacet
  facet normal 0 0 -1
    outer loop
      vertex -3.25 52.7 0
      vertex -12.9579 53.32 0
      vertex -3.25 55.7 0
    endloop
  endfacet
  facet normal 0 0 -1
    outer loop
      vertex -13.1278 53.73 0
      vertex -3.25 55.7 0
      vertex -12.9579 53.32 0
    endloop
  endfacet
  facet normal 0 0 -1
    outer loop
      vertex -13.3979 54.0821 0
      vertex -3.25 55.7 0
      vertex -13.1278 53.73 0
    endloop
  endfacet
  facet normal 0 0 -1
    outer loop
      vertex -13.75 54.3522 0
      vertex -3.25 55.7 0
      vertex -13.3979 54.0821 0
    endloop
  endfacet
  facet normal 0 0 -1
    outer loop
      vertex -14.16 54.5221 0
      vertex -3.25 55.7 0
      vertex -13.75 54.3522 0
    endloop
  endfacet
  facet normal 0 0 -1
    outer loop
      vertex -14.6 54.58 0
      vertex -3.25 55.7 0
      vertex -14.16 54.5221 0
    endloop
  endfacet
  facet normal -0 0 -1
    outer loop
      vertex -3.25 55.7 0
      vertex -14.6 54.58 0
      vertex -24 106 0
    endloop
  endfacet
  facet normal 0 0 -1
    outer loop
      vertex -24 106 0
      vertex -14.6 54.58 0
      vertex -15.04 54.5221 0
    endloop
  endfacet
  facet normal 0 0 -1
    outer loop
      vertex -24 106 0
      vertex -15.04 54.5221 0
      vertex -15.45 54.3522 0
    endloop
  endfacet
  facet normal 0 0 -1
    outer loop
      vertex -24 106 0
      vertex -15.45 54.3522 0
      vertex -15.8021 54.0821 0
    endloop
  endfacet
  facet normal 0 0 -1
    outer loop
      vertex -24 47 0
      vertex -15.8021 54.0821 0
      vertex -16.0722 53.73 0
    endloop
  endfacet
  facet normal 0 0 -1
    outer loop
      vertex -24 47 0
      vertex -16.2421 53.32 0
      vertex -16.3 52.88 0
    endloop
  endfacet
  facet normal 0 0 -1
    outer loop
      vertex -24 47 0
      vertex -16.0722 53.73 0
      vertex -16.2421 53.32 0
    endloop
  endfacet
  facet normal -0 0 -1
    outer loop
      vertex -15.8021 54.0821 0
      vertex -24 47 0
      vertex -24 106 0
    endloop
  endfacet
  facet normal 0 0 -1
    outer loop
      vertex 17.7979 91.2021 0
      vertex -24 106 0
      vertex 24 106 0
    endloop
  endfacet
  facet normal -1 0 0
    outer loop
      vertex -24 106 0
      vertex -24 101 3
      vertex -24 106 12.5
    endloop
  endfacet
  facet normal -1 0 0
    outer loop
      vertex -24 47 0
      vertex -24 101 3
      vertex -24 106 0
    endloop
  endfacet
  facet normal -1 -0 0
    outer loop
      vertex -24 101 3
      vertex -24 47 0
      vertex -24 47 3
    endloop
  endfacet
  facet normal -1 -0 0
    outer loop
      vertex -24 106 12.5
      vertex -24 101 3
      vertex -24 101 12.5
    endloop
  endfacet
  facet normal 0 -1 0
    outer loop
      vertex -24 47 0
      vertex 24 47 3
      vertex -24 47 3
    endloop
  endfacet
  facet normal 0 -1 -0
    outer loop
      vertex 24 47 3
      vertex -24 47 0
      vertex 24 47 0
    endloop
  endfacet
  facet normal 0 1 0
    outer loop
      vertex 24 106 3
      vertex 24 106 0
      vertex -14 106 3
    endloop
  endfacet
  facet normal 0 1 0
    outer loop
      vertex -14 106 12.5
      vertex -19 106 10.2
      vertex -24 106 12.5
    endloop
  endfacet
  facet normal 0 1 0
    outer loop
      vertex -14 106 12.5
      vertex -18.56 106 10.1421
      vertex -19 106 10.2
    endloop
  endfacet
  facet normal 0 1 0
    outer loop
      vertex -14 106 12.5
      vertex -18.15 106 9.97224
      vertex -18.56 106 10.1421
    endloop
  endfacet
  facet normal 0 1 0
    outer loop
      vertex -14 106 12.5
      vertex -17.7979 106 9.70208
      vertex -18.15 106 9.97224
    endloop
  endfacet
  facet normal 0 1 0
    outer loop
      vertex -14 106 12.5
      vertex -17.5278 106 9.35
      vertex -17.7979 106 9.70208
    endloop
  endfacet
  facet normal 0 1 0
    outer loop
      vertex -14 106 12.5
      vertex -17.3579 106 8.93999
      vertex -17.5278 106 9.35
    endloop
  endfacet
  facet normal 0 1 0
    outer loop
      vertex -14 106 12.5
      vertex -17.3 106 8.5
      vertex -17.3579 106 8.93999
    endloop
  endfacet
  facet normal 0 1 -0
    outer loop
      vertex -14 106 3
      vertex -17.3 106 8.5
      vertex -14 106 12.5
    endloop
  endfacet
  facet normal 0 1 0
    outer loop
      vertex -17.3 106 8.5
      vertex -14 106 3
      vertex -17.3579 106 8.06001
    endloop
  endfacet
  facet normal 0 1 0
    outer loop
      vertex -18.56 106 6.85793
      vertex -14 106 3
      vertex -19 106 6.8
    endloop
  endfacet
  facet normal 0 1 0
    outer loop
      vertex -18.15 106 7.02776
      vertex -14 106 3
      vertex -18.56 106 6.85793
    endloop
  endfacet
  facet normal 0 1 0
    outer loop
      vertex -17.7979 106 7.29792
      vertex -14 106 3
      vertex -18.15 106 7.02776
    endloop
  endfacet
  facet normal 0 1 0
    outer loop
      vertex -17.5278 106 7.65
      vertex -14 106 3
      vertex -17.7979 106 7.29792
    endloop
  endfacet
  facet normal 0 1 0
    outer loop
      vertex -17.3579 106 8.06001
      vertex -14 106 3
      vertex -17.5278 106 7.65
    endloop
  endfacet
  facet normal 0 1 -0
    outer loop
      vertex -19.44 106 10.1421
      vertex -24 106 12.5
      vertex -19 106 10.2
    endloop
  endfacet
  facet normal 0 1 -0
    outer loop
      vertex -19.85 106 9.97224
      vertex -24 106 12.5
      vertex -19.44 106 10.1421
    endloop
  endfacet
  facet normal 0 1 -0
    outer loop
      vertex -20.2021 106 9.70208
      vertex -24 106 12.5
      vertex -19.85 106 9.97224
    endloop
  endfacet
  facet normal 0 1 -0
    outer loop
      vertex -20.4722 106 9.35
      vertex -24 106 12.5
      vertex -20.2021 106 9.70208
    endloop
  endfacet
  facet normal 0 1 -0
    outer loop
      vertex -20.6421 106 8.93999
      vertex -24 106 12.5
      vertex -20.4722 106 9.35
    endloop
  endfacet
  facet normal 0 1 -0
    outer loop
      vertex -20.7 106 8.5
      vertex -24 106 12.5
      vertex -20.6421 106 8.93999
    endloop
  endfacet
  facet normal 0 1 0
    outer loop
      vertex -20.6421 106 8.06001
      vertex -24 106 12.5
      vertex -20.7 106 8.5
    endloop
  endfacet
  facet normal 0 1 0
    outer loop
      vertex -24 106 0
      vertex -20.6421 106 8.06001
      vertex -20.4722 106 7.65
    endloop
  endfacet
  facet normal 0 1 0
    outer loop
      vertex -24 106 0
      vertex -19 106 6.8
      vertex -14 106 3
    endloop
  endfacet
  facet normal 0 1 0
    outer loop
      vertex -19 106 6.8
      vertex -24 106 0
      vertex -19.44 106 6.85793
    endloop
  endfacet
  facet normal 0 1 0
    outer loop
      vertex -20.6421 106 8.06001
      vertex -24 106 0
      vertex -24 106 12.5
    endloop
  endfacet
  facet normal 0 1 0
    outer loop
      vertex -20.2021 106 7.29792
      vertex -24 106 0
      vertex -20.4722 106 7.65
    endloop
  endfacet
  facet normal 0 1 0
    outer loop
      vertex -19.85 106 7.02776
      vertex -24 106 0
      vertex -20.2021 106 7.29792
    endloop
  endfacet
  facet normal 0 1 0
    outer loop
      vertex -19.44 106 6.85793
      vertex -24 106 0
      vertex -19.85 106 7.02776
    endloop
  endfacet
  facet normal 0 1 0
    outer loop
      vertex -24 106 0
      vertex -14 106 3
      vertex 24 106 0
    endloop
  endfacet
  facet normal 1 -0 0
    outer loop
      vertex 11.05 88.2 26.3
      vertex 11.05 94.5922 3
      vertex 11.05 94.5922 26.3
    endloop
  endfacet
  facet normal 1 0 0
    outer loop
      vertex 11.05 94.5922 3
      vertex 11.05 88.2 26.3
      vertex 11.05 88.2 3
    endloop
  endfacet
  facet normal 1 -0 0
    outer loop
      vertex 11.05 99.4078 26.3
      vertex 11.05 105.8 3
      vertex 11.05 105.8 26.3
    endloop
  endfacet
  facet normal 1 0 0
    outer loop
      vertex 11.05 105.8 3
      vertex 11.05 99.4078 26.3
      vertex 11.05 99.4078 3
    endloop
  endfacet
  facet normal -1 0 0
    outer loop
      vertex -11.05 88.2 3
      vertex -11.05 94.5922 26.3
      vertex -11.05 94.5922 3
    endloop
  endfacet
  facet normal -1 -0 0
    outer loop
      vertex -11.05 94.5922 26.3
      vertex -11.05 88.2 3
      vertex -11.05 88.2 26.3
    endloop
  endfacet
  facet normal -1 0 0
    outer loop
      vertex -11.05 99.4078 3
      vertex -11.05 105.8 26.3
      vertex -11.05 105.8 3
    endloop
  endfacet
  facet normal -1 -0 0
    outer loop
      vertex -11.05 105.8 26.3
      vertex -11.05 99.4078 3
      vertex -11.05 99.4078 26.3
    endloop
  endfacet
  facet normal 0 -1 0
    outer loop
      vertex -11.05 88.2 26.3
      vertex -3 88.2 24.3
      vertex 11.05 88.2 26.3
    endloop
  endfacet
  facet normal 0 -1 0
    outer loop
      vertex -11.05 88.2 26.3
      vertex -3 88.2 19.3
      vertex -3 88.2 24.3
    endloop
  endfacet
  facet normal 0 -1 -0
    outer loop
      vertex -3 88.2 19.3
      vertex -11.05 88.2 3
      vertex 3 88.2 19.3
    endloop
  endfacet
  facet normal 0 -1 0
    outer loop
      vertex -11.05 88.2 3
      vertex -3 88.2 19.3
      vertex -11.05 88.2 26.3
    endloop
  endfacet
  facet normal 0 -1 0
    outer loop
      vertex 3 88.2 24.3
      vertex 11.05 88.2 26.3
      vertex -3 88.2 24.3
    endloop
  endfacet
  facet normal 0 -1 0
    outer loop
      vertex 3 88.2 19.3
      vertex 11.05 88.2 26.3
      vertex 3 88.2 24.3
    endloop
  endfacet
  facet normal 0 -1 0
    outer loop
      vertex 11.05 88.2 3
      vertex 3 88.2 19.3
      vertex -11.05 88.2 3
    endloop
  endfacet
  facet normal 0 -1 0
    outer loop
      vertex 3 88.2 19.3
      vertex 11.05 88.2 3
      vertex 11.05 88.2 26.3
    endloop
  endfacet
  facet normal 0 1 0
    outer loop
      vertex 11.05 105.8 26.3
      vertex 0 105.8 15.3
      vertex -11.05 105.8 26.3
    endloop
  endfacet
  facet normal 0 1 0
    outer loop
      vertex 11.05 105.8 26.3
      vertex 0.652631 105.8 15.2572
      vertex 0 105.8 15.3
    endloop
  endfacet
  facet normal 0 1 0
    outer loop
      vertex 11.05 105.8 26.3
      vertex 1.2941 105.8 15.1296
      vertex 0.652631 105.8 15.2572
    endloop
  endfacet
  facet normal 0 1 0
    outer loop
      vertex 11.05 105.8 26.3
      vertex 1.91342 105.8 14.9194
      vertex 1.2941 105.8 15.1296
    endloop
  endfacet
  facet normal 0 1 0
    outer loop
      vertex 11.05 105.8 26.3
      vertex 2.5 105.8 14.6301
      vertex 1.91342 105.8 14.9194
    endloop
  endfacet
  facet normal 0 1 0
    outer loop
      vertex 11.05 105.8 26.3
      vertex 3.04381 105.8 14.2668
      vertex 2.5 105.8 14.6301
    endloop
  endfacet
  facet normal 0 1 0
    outer loop
      vertex 11.05 105.8 26.3
      vertex 3.53553 105.8 13.8355
      vertex 3.04381 105.8 14.2668
    endloop
  endfacet
  facet normal 0 1 0
    outer loop
      vertex 11.05 105.8 26.3
      vertex 3.96677 105.8 13.3438
      vertex 3.53553 105.8 13.8355
    endloop
  endfacet
  facet normal 0 1 0
    outer loop
      vertex 11.05 105.8 26.3
      vertex 4.33013 105.8 12.8
      vertex 3.96677 105.8 13.3438
    endloop
  endfacet
  facet normal 0 1 0
    outer loop
      vertex 11.05 105.8 26.3
      vertex 4.6194 105.8 12.2134
      vertex 4.33013 105.8 12.8
    endloop
  endfacet
  facet normal 0 1 0
    outer loop
      vertex 11.05 105.8 26.3
      vertex 4.82963 105.8 11.5941
      vertex 4.6194 105.8 12.2134
    endloop
  endfacet
  facet normal 0 1 -0
    outer loop
      vertex 11.05 105.8 3
      vertex 4.82963 105.8 11.5941
      vertex 11.05 105.8 26.3
    endloop
  endfacet
  facet normal 0 1 0
    outer loop
      vertex 4.82963 105.8 11.5941
      vertex 11.05 105.8 3
      vertex 4.95722 105.8 10.9526
    endloop
  endfacet
  facet normal 0 1 0
    outer loop
      vertex 4.95722 105.8 10.9526
      vertex 11.05 105.8 3
      vertex 5 105.8 10.3
    endloop
  endfacet
  facet normal 0 1 0
    outer loop
      vertex 5 105.8 10.3
      vertex 11.05 105.8 3
      vertex 4.95722 105.8 9.64737
    endloop
  endfacet
  facet normal 0 1 0
    outer loop
      vertex 4.95722 105.8 9.64737
      vertex 11.05 105.8 3
      vertex 4.82963 105.8 9.0059
    endloop
  endfacet
  facet normal 0 1 0
    outer loop
      vertex 0.652631 105.8 5.34278
      vertex 11.05 105.8 3
      vertex 0 105.8 5.3
    endloop
  endfacet
  facet normal 0 1 0
    outer loop
      vertex 1.2941 105.8 5.47037
      vertex 11.05 105.8 3
      vertex 0.652631 105.8 5.34278
    endloop
  endfacet
  facet normal 0 1 0
    outer loop
      vertex 1.91342 105.8 5.6806
      vertex 11.05 105.8 3
      vertex 1.2941 105.8 5.47037
    endloop
  endfacet
  facet normal 0 1 0
    outer loop
      vertex 2.5 105.8 5.96987
      vertex 11.05 105.8 3
      vertex 1.91342 105.8 5.6806
    endloop
  endfacet
  facet normal 0 1 0
    outer loop
      vertex 3.04381 105.8 6.33323
      vertex 11.05 105.8 3
      vertex 2.5 105.8 5.96987
    endloop
  endfacet
  facet normal 0 1 0
    outer loop
      vertex 3.53553 105.8 6.76447
      vertex 11.05 105.8 3
      vertex 3.04381 105.8 6.33323
    endloop
  endfacet
  facet normal 0 1 0
    outer loop
      vertex 3.96677 105.8 7.25619
      vertex 11.05 105.8 3
      vertex 3.53553 105.8 6.76447
    endloop
  endfacet
  facet normal 0 1 0
    outer loop
      vertex 4.33013 105.8 7.8
      vertex 11.05 105.8 3
      vertex 3.96677 105.8 7.25619
    endloop
  endfacet
  facet normal 0 1 0
    outer loop
      vertex 4.6194 105.8 8.38658
      vertex 11.05 105.8 3
      vertex 4.33013 105.8 7.8
    endloop
  endfacet
  facet normal 0 1 0
    outer loop
      vertex 4.82963 105.8 9.0059
      vertex 11.05 105.8 3
      vertex 4.6194 105.8 8.38658
    endloop
  endfacet
  facet normal 0 1 -0
    outer loop
      vertex -0.652631 105.8 15.2572
      vertex -11.05 105.8 26.3
      vertex 0 105.8 15.3
    endloop
  endfacet
  facet normal 0 1 -0
    outer loop
      vertex -1.2941 105.8 15.1296
      vertex -11.05 105.8 26.3
      vertex -0.652631 105.8 15.2572
    endloop
  endfacet
  facet normal 0 1 -0
    outer loop
      vertex -1.91342 105.8 14.9194
      vertex -11.05 105.8 26.3
      vertex -1.2941 105.8 15.1296
    endloop
  endfacet
  facet normal 0 1 -0
    outer loop
      vertex -2.5 105.8 14.6301
      vertex -11.05 105.8 26.3
      vertex -1.91342 105.8 14.9194
    endloop
  endfacet
  facet normal 0 1 -0
    outer loop
      vertex -3.04381 105.8 14.2668
      vertex -11.05 105.8 26.3
      vertex -2.5 105.8 14.6301
    endloop
  endfacet
  facet normal 0 1 -0
    outer loop
      vertex -3.53553 105.8 13.8355
      vertex -11.05 105.8 26.3
      vertex -3.04381 105.8 14.2668
    endloop
  endfacet
  facet normal 0 1 -0
    outer loop
      vertex -3.96677 105.8 13.3438
      vertex -11.05 105.8 26.3
      vertex -3.53553 105.8 13.8355
    endloop
  endfacet
  facet normal 0 1 -0
    outer loop
      vertex -4.33013 105.8 12.8
      vertex -11.05 105.8 26.3
      vertex -3.96677 105.8 13.3438
    endloop
  endfacet
  facet normal 0 1 -0
    outer loop
      vertex -4.6194 105.8 12.2134
      vertex -11.05 105.8 26.3
      vertex -4.33013 105.8 12.8
    endloop
  endfacet
  facet normal 0 1 -0
    outer loop
      vertex -4.82963 105.8 11.5941
      vertex -11.05 105.8 26.3
      vertex -4.6194 105.8 12.2134
    endloop
  endfacet
  facet normal 0 1 0
    outer loop
      vertex -11.05 105.8 3
      vertex -4.82963 105.8 11.5941
      vertex -4.95722 105.8 10.9526
    endloop
  endfacet
  facet normal 0 1 0
    outer loop
      vertex -11.05 105.8 3
      vertex -4.95722 105.8 10.9526
      vertex -5 105.8 10.3
    endloop
  endfacet
  facet normal 0 1 0
    outer loop
      vertex -11.05 105.8 3
      vertex -5 105.8 10.3
      vertex -4.95722 105.8 9.64737
    endloop
  endfacet
  facet normal 0 1 0
    outer loop
      vertex -11.05 105.8 3
      vertex -4.95722 105.8 9.64737
      vertex -4.82963 105.8 9.0059
    endloop
  endfacet
  facet normal 0 1 0
    outer loop
      vertex -11.05 105.8 3
      vertex -4.82963 105.8 9.0059
      vertex -4.6194 105.8 8.38658
    endloop
  endfacet
  facet normal 0 1 0
    outer loop
      vertex -11.05 105.8 3
      vertex 0 105.8 5.3
      vertex 11.05 105.8 3
    endloop
  endfacet
  facet normal 0 1 0
    outer loop
      vertex 0 105.8 5.3
      vertex -11.05 105.8 3
      vertex -0.652631 105.8 5.34278
    endloop
  endfacet
  facet normal 0 1 0
    outer loop
      vertex -4.82963 105.8 11.5941
      vertex -11.05 105.8 3
      vertex -11.05 105.8 26.3
    endloop
  endfacet
  facet normal 0 1 0
    outer loop
      vertex -4.33013 105.8 7.8
      vertex -11.05 105.8 3
      vertex -4.6194 105.8 8.38658
    endloop
  endfacet
  facet normal 0 1 0
    outer loop
      vertex -3.96677 105.8 7.25619
      vertex -11.05 105.8 3
      vertex -4.33013 105.8 7.8
    endloop
  endfacet
  facet normal 0 1 0
    outer loop
      vertex -3.53553 105.8 6.76447
      vertex -11.05 105.8 3
      vertex -3.96677 105.8 7.25619
    endloop
  endfacet
  facet normal 0 1 0
    outer loop
      vertex -3.04381 105.8 6.33323
      vertex -11.05 105.8 3
      vertex -3.53553 105.8 6.76447
    endloop
  endfacet
  facet normal 0 1 0
    outer loop
      vertex -2.5 105.8 5.96987
      vertex -11.05 105.8 3
      vertex -3.04381 105.8 6.33323
    endloop
  endfacet
  facet normal 0 1 0
    outer loop
      vertex -1.91342 105.8 5.6806
      vertex -11.05 105.8 3
      vertex -2.5 105.8 5.96987
    endloop
  endfacet
  facet normal 0 1 0
    outer loop
      vertex -1.2941 105.8 5.47037
      vertex -11.05 105.8 3
      vertex -1.91342 105.8 5.6806
    endloop
  endfacet
  facet normal 0 1 0
    outer loop
      vertex -0.652631 105.8 5.34278
      vertex -11.05 105.8 3
      vertex -1.2941 105.8 5.47037
    endloop
  endfacet
  facet normal 1 -0 0
    outer loop
      vertex 8.3 58.2 7.4
      vertex 8.3 68.5922 3
      vertex 8.3 68.5922 7.4
    endloop
  endfacet
  facet normal 1 0 0
    outer loop
      vertex 8.3 68.5922 3
      vertex 8.3 58.2 7.4
      vertex 8.3 58.2 3
    endloop
  endfacet
  facet normal 1 -0 0
    outer loop
      vertex 8.3 73.4078 7.4
      vertex 8.3 83.8 3
      vertex 8.3 83.8 7.4
    endloop
  endfacet
  facet normal 1 0 0
    outer loop
      vertex 8.3 83.8 3
      vertex 8.3 73.4078 7.4
      vertex 8.3 73.4078 3
    endloop
  endfacet
  facet normal -1 0 0
    outer loop
      vertex -8.3 58.2 3
      vertex -8.3 68.5922 7.4
      vertex -8.3 68.5922 3
    endloop
  endfacet
  facet normal -1 -0 0
    outer loop
      vertex -8.3 68.5922 7.4
      vertex -8.3 58.2 3
      vertex -8.3 58.2 7.4
    endloop
  endfacet
  facet normal -1 0 0
    outer loop
      vertex -8.3 73.4078 3
      vertex -8.3 83.8 7.4
      vertex -8.3 83.8 3
    endloop
  endfacet
  facet normal -1 -0 0
    outer loop
      vertex -8.3 83.8 7.4
      vertex -8.3 73.4078 3
      vertex -8.3 73.4078 7.4
    endloop
  endfacet
  facet normal 0 -1 0
    outer loop
      vertex -8.3 58.2 7.4
      vertex -3 58.2 6.4
      vertex 8.3 58.2 7.4
    endloop
  endfacet
  facet normal 0 -1 0
    outer loop
      vertex -8.3 58.2 3
      vertex -3 58.2 6.4
      vertex -8.3 58.2 7.4
    endloop
  endfacet
  facet normal 0 -1 -0
    outer loop
      vertex -3 58.2 3.01
      vertex -8.3 58.2 3
      vertex 3 58.2 3.01
    endloop
  endfacet
  facet normal 0 -1 -0
    outer loop
      vertex -3 58.2 6.4
      vertex -8.3 58.2 3
      vertex -3 58.2 3.01
    endloop
  endfacet
  facet normal 0 -1 0
    outer loop
      vertex 3 58.2 6.4
      vertex 8.3 58.2 7.4
      vertex -3 58.2 6.4
    endloop
  endfacet
  facet normal 0 -1 0
    outer loop
      vertex 8.3 58.2 3
      vertex 3 58.2 6.4
      vertex 3 58.2 3.01
    endloop
  endfacet
  facet normal 0 -1 0
    outer loop
      vertex 3 58.2 6.4
      vertex 8.3 58.2 3
      vertex 8.3 58.2 7.4
    endloop
  endfacet
  facet normal 0 -1 0
    outer loop
      vertex 8.3 58.2 3
      vertex 3 58.2 3.01
      vertex -8.3 58.2 3
    endloop
  endfacet
  facet normal 0 1 -0
    outer loop
      vertex 8.3 83.8 3
      vertex -8.3 83.8 7.4
      vertex 8.3 83.8 7.4
    endloop
  endfacet
  facet normal 0 1 0
    outer loop
      vertex -8.3 83.8 7.4
      vertex 8.3 83.8 3
      vertex -8.3 83.8 3
    endloop
  endfacet
  facet normal 0.321498 0.94691 -0
    outer loop
      vertex 20.5307 93.6955 3
      vertex 20.0353 93.8637 15
      vertex 20.5307 93.6955 15
    endloop
  endfacet
  facet normal 0.321498 0.94691 0
    outer loop
      vertex 20.0353 93.8637 15
      vertex 20.5307 93.6955 3
      vertex 20.0353 93.8637 3
    endloop
  endfacet
  facet normal 0.980779 -0.195124 0
    outer loop
      vertex 22.8637 88.9647 15
      vertex 22.9658 89.4779 3
      vertex 22.9658 89.4779 15
    endloop
  endfacet
  facet normal 0.980779 -0.195124 0
    outer loop
      vertex 22.9658 89.4779 3
      vertex 22.8637 88.9647 15
      vertex 22.8637 88.9647 3
    endloop
  endfacet
  facet normal 0.997861 -0.0653646 0
    outer loop
      vertex 22.9658 89.4779 15
      vertex 23 90 3
      vertex 23 90 15
    endloop
  endfacet
  facet normal 0.997861 -0.0653646 0
    outer loop
      vertex 23 90 3
      vertex 22.9658 89.4779 15
      vertex 22.9658 89.4779 3
    endloop
  endfacet
  facet normal 0.94691 -0.321498 0
    outer loop
      vertex 22.6955 88.4693 15
      vertex 22.8637 88.9647 3
      vertex 22.8637 88.9647 15
    endloop
  endfacet
  facet normal 0.94691 -0.321498 0
    outer loop
      vertex 22.8637 88.9647 3
      vertex 22.6955 88.4693 15
      vertex 22.6955 88.4693 3
    endloop
  endfacet
  facet normal 0.442238 0.896898 -0
    outer loop
      vertex 21 93.4641 3
      vertex 20.5307 93.6955 15
      vertex 21 93.4641 15
    endloop
  endfacet
  facet normal 0.442238 0.896898 0
    outer loop
      vertex 20.5307 93.6955 15
      vertex 21 93.4641 3
      vertex 20.5307 93.6955 3
    endloop
  endfacet
  facet normal -0.997861 -0.0653646 0
    outer loop
      vertex 15.0342 89.4779 3
      vertex 15 90 15
      vertex 15 90 3
    endloop
  endfacet
  facet normal -0.997861 -0.0653646 0
    outer loop
      vertex 15 90 15
      vertex 15.0342 89.4779 3
      vertex 15.0342 89.4779 15
    endloop
  endfacet
  facet normal 0.321498 -0.94691 0
    outer loop
      vertex 20.0353 86.1363 3
      vertex 20.5307 86.3045 15
      vertex 20.0353 86.1363 15
    endloop
  endfacet
  facet normal 0.321498 -0.94691 0
    outer loop
      vertex 20.5307 86.3045 15
      vertex 20.0353 86.1363 3
      vertex 20.5307 86.3045 3
    endloop
  endfacet
  facet normal -0.980779 0.195124 0
    outer loop
      vertex 15.0342 90.5221 3
      vertex 15.1363 91.0353 15
      vertex 15.1363 91.0353 3
    endloop
  endfacet
  facet normal -0.980779 0.195124 0
    outer loop
      vertex 15.1363 91.0353 15
      vertex 15.0342 90.5221 3
      vertex 15.0342 90.5221 15
    endloop
  endfacet
  facet normal 0.831432 -0.555626 0
    outer loop
      vertex 22.1734 87.565 15
      vertex 22.4641 88 3
      vertex 22.4641 88 15
    endloop
  endfacet
  facet normal 0.831432 -0.555626 0
    outer loop
      vertex 22.4641 88 3
      vertex 22.1734 87.565 15
      vertex 22.1734 87.565 3
    endloop
  endfacet
  facet normal 0.896898 -0.442238 0
    outer loop
      vertex 22.4641 88 15
      vertex 22.6955 88.4693 3
      vertex 22.6955 88.4693 15
    endloop
  endfacet
  facet normal 0.896898 -0.442238 0
    outer loop
      vertex 22.6955 88.4693 3
      vertex 22.4641 88 15
      vertex 22.4641 88 3
    endloop
  endfacet
  facet normal -0.94691 0.321498 0
    outer loop
      vertex 15.1363 91.0353 3
      vertex 15.3045 91.5307 15
      vertex 15.3045 91.5307 3
    endloop
  endfacet
  facet normal -0.94691 0.321498 0
    outer loop
      vertex 15.3045 91.5307 15
      vertex 15.1363 91.0353 3
      vertex 15.1363 91.0353 15
    endloop
  endfacet
  facet normal -0.442238 0.896898 0
    outer loop
      vertex 17.4693 93.6955 3
      vertex 17 93.4641 15
      vertex 17.4693 93.6955 15
    endloop
  endfacet
  facet normal -0.442238 0.896898 0
    outer loop
      vertex 17 93.4641 15
      vertex 17.4693 93.6955 3
      vertex 17 93.4641 3
    endloop
  endfacet
  facet normal -0.751842 -0.659343 0
    outer loop
      vertex 16.1716 87.1716 3
      vertex 15.8266 87.565 15
      vertex 15.8266 87.565 3
    endloop
  endfacet
  facet normal -0.751842 -0.659343 0
    outer loop
      vertex 15.8266 87.565 15
      vertex 16.1716 87.1716 3
      vertex 16.1716 87.1716 15
    endloop
  endfacet
  facet normal 0.0653646 -0.997861 0
    outer loop
      vertex 19 86 3
      vertex 19.5221 86.0342 15
      vertex 19 86 15
    endloop
  endfacet
  facet normal 0.0653646 -0.997861 0
    outer loop
      vertex 19.5221 86.0342 15
      vertex 19 86 3
      vertex 19.5221 86.0342 3
    endloop
  endfacet
  facet normal -0.195124 0.980779 0
    outer loop
      vertex 18.4779 93.9658 3
      vertex 17.9647 93.8637 15
      vertex 18.4779 93.9658 15
    endloop
  endfacet
  facet normal -0.195124 0.980779 0
    outer loop
      vertex 17.9647 93.8637 15
      vertex 18.4779 93.9658 3
      vertex 17.9647 93.8637 3
    endloop
  endfacet
  facet normal 0.659343 -0.751842 0
    outer loop
      vertex 21.435 86.8266 3
      vertex 21.8284 87.1716 15
      vertex 21.435 86.8266 15
    endloop
  endfacet
  facet normal 0.659343 -0.751842 0
    outer loop
      vertex 21.8284 87.1716 15
      vertex 21.435 86.8266 3
      vertex 21.8284 87.1716 3
    endloop
  endfacet
  facet normal -0.751842 0.659343 0
    outer loop
      vertex 15.8266 92.435 3
      vertex 16.1716 92.8284 15
      vertex 16.1716 92.8284 3
    endloop
  endfacet
  facet normal -0.751842 0.659343 0
    outer loop
      vertex 16.1716 92.8284 15
      vertex 15.8266 92.435 3
      vertex 15.8266 92.435 15
    endloop
  endfacet
  facet normal -0.442238 -0.896898 0
    outer loop
      vertex 17 86.5359 3
      vertex 17.4693 86.3045 15
      vertex 17 86.5359 15
    endloop
  endfacet
  facet normal -0.442238 -0.896898 -0
    outer loop
      vertex 17.4693 86.3045 15
      vertex 17 86.5359 3
      vertex 17.4693 86.3045 3
    endloop
  endfacet
  facet normal 0 0 1
    outer loop
      vertex 20.7 90 15
      vertex 23 90 15
      vertex 22.9658 90.5221 15
    endloop
  endfacet
  facet normal 0 0 1
    outer loop
      vertex 20.6421 90.44 15
      vertex 22.9658 90.5221 15
      vertex 22.8637 91.0353 15
    endloop
  endfacet
  facet normal 0 0 1
    outer loop
      vertex 23 90 15
      vertex 20.7 90 15
      vertex 22.9658 89.4779 15
    endloop
  endfacet
  facet normal 0 0 1
    outer loop
      vertex 20.6421 90.44 15
      vertex 22.8637 91.0353 15
      vertex 22.6955 91.5307 15
    endloop
  endfacet
  facet normal -0 0 1
    outer loop
      vertex 20.6421 89.56 15
      vertex 22.9658 89.4779 15
      vertex 20.7 90 15
    endloop
  endfacet
  facet normal 0 0 1
    outer loop
      vertex 20.4722 90.85 15
      vertex 22.6955 91.5307 15
      vertex 22.4641 92 15
    endloop
  endfacet
  facet normal 0 0 1
    outer loop
      vertex 22.9658 89.4779 15
      vertex 20.6421 89.56 15
      vertex 22.8637 88.9647 15
    endloop
  endfacet
  facet normal 0 0 1
    outer loop
      vertex 20.4722 90.85 15
      vertex 22.4641 92 15
      vertex 22.1734 92.435 15
    endloop
  endfacet
  facet normal 0 0 1
    outer loop
      vertex 22.8637 88.9647 15
      vertex 20.6421 89.56 15
      vertex 22.6955 88.4693 15
    endloop
  endfacet
  facet normal 0 0 1
    outer loop
      vertex 20.2021 91.2021 15
      vertex 22.1734 92.435 15
      vertex 21.8284 92.8284 15
    endloop
  endfacet
  facet normal -0 0 1
    outer loop
      vertex 20.4722 89.15 15
      vertex 22.6955 88.4693 15
      vertex 20.6421 89.56 15
    endloop
  endfacet
  facet normal 0 0 1
    outer loop
      vertex 20.2021 91.2021 15
      vertex 21.8284 92.8284 15
      vertex 21.435 93.1734 15
    endloop
  endfacet
  facet normal 0 0 1
    outer loop
      vertex 22.6955 88.4693 15
      vertex 20.4722 89.15 15
      vertex 22.4641 88 15
    endloop
  endfacet
  facet normal 0 0 1
    outer loop
      vertex 19.85 91.4722 15
      vertex 21.435 93.1734 15
      vertex 21 93.4641 15
    endloop
  endfacet
  facet normal 0 0 1
    outer loop
      vertex 22.4641 88 15
      vertex 20.4722 89.15 15
      vertex 22.1734 87.565 15
    endloop
  endfacet
  facet normal -0 0 1
    outer loop
      vertex 20.2021 88.7979 15
      vertex 22.1734 87.565 15
      vertex 20.4722 89.15 15
    endloop
  endfacet
  facet normal 0 0 1
    outer loop
      vertex 22.9658 90.5221 15
      vertex 20.6421 90.44 15
      vertex 20.7 90 15
    endloop
  endfacet
  facet normal 0 0 1
    outer loop
      vertex 19.85 91.4722 15
      vertex 21 93.4641 15
      vertex 20.5307 93.6955 15
    endloop
  endfacet
  facet normal 0 0 1
    outer loop
      vertex 22.6955 91.5307 15
      vertex 20.4722 90.85 15
      vertex 20.6421 90.44 15
    endloop
  endfacet
  facet normal 0 0 1
    outer loop
      vertex 22.1734 92.435 15
      vertex 20.2021 91.2021 15
      vertex 20.4722 90.85 15
    endloop
  endfacet
  facet normal 0 0 1
    outer loop
      vertex 19.44 91.6421 15
      vertex 20.5307 93.6955 15
      vertex 20.0353 93.8637 15
    endloop
  endfacet
  facet normal 0 0 1
    outer loop
      vertex 21.435 93.1734 15
      vertex 19.85 91.4722 15
      vertex 20.2021 91.2021 15
    endloop
  endfacet
  facet normal 0 0 1
    outer loop
      vertex 19.44 91.6421 15
      vertex 20.0353 93.8637 15
      vertex 19.5221 93.9658 15
    endloop
  endfacet
  facet normal 0 0 1
    outer loop
      vertex 20.5307 93.6955 15
      vertex 19.44 91.6421 15
      vertex 19.85 91.4722 15
    endloop
  endfacet
  facet normal 0 0 1
    outer loop
      vertex 19 91.7 15
      vertex 19.5221 93.9658 15
      vertex 19 94 15
    endloop
  endfacet
  facet normal 0 0 1
    outer loop
      vertex 19.5221 93.9658 15
      vertex 19 91.7 15
      vertex 19.44 91.6421 15
    endloop
  endfacet
  facet normal -0 0 1
    outer loop
      vertex 18.4779 93.9658 15
      vertex 19 91.7 15
      vertex 19 94 15
    endloop
  endfacet
  facet normal 0 0 1
    outer loop
      vertex 19 91.7 15
      vertex 18.4779 93.9658 15
      vertex 18.56 91.6421 15
    endloop
  endfacet
  facet normal -0 0 1
    outer loop
      vertex 17.9647 93.8637 15
      vertex 18.56 91.6421 15
      vertex 18.4779 93.9658 15
    endloop
  endfacet
  facet normal -0 0 1
    outer loop
      vertex 17.4693 93.6955 15
      vertex 18.56 91.6421 15
      vertex 17.9647 93.8637 15
    endloop
  endfacet
  facet normal 0 0 1
    outer loop
      vertex 18.56 91.6421 15
      vertex 17.4693 93.6955 15
      vertex 18.15 91.4722 15
    endloop
  endfacet
  facet normal -0 0 1
    outer loop
      vertex 17 93.4641 15
      vertex 18.15 91.4722 15
      vertex 17.4693 93.6955 15
    endloop
  endfacet
  facet normal -0 0 1
    outer loop
      vertex 16.565 93.1734 15
      vertex 18.15 91.4722 15
      vertex 17 93.4641 15
    endloop
  endfacet
  facet normal 0 0 1
    outer loop
      vertex 18.15 91.4722 15
      vertex 16.565 93.1734 15
      vertex 17.7979 91.2021 15
    endloop
  endfacet
  facet normal -0 0 1
    outer loop
      vertex 16.1716 92.8284 15
      vertex 17.7979 91.2021 15
      vertex 16.565 93.1734 15
    endloop
  endfacet
  facet normal -0 0 1
    outer loop
      vertex 15.8266 92.435 15
      vertex 17.7979 91.2021 15
      vertex 16.1716 92.8284 15
    endloop
  endfacet
  facet normal 0 0 1
    outer loop
      vertex 22.1734 87.565 15
      vertex 20.2021 88.7979 15
      vertex 21.8284 87.1716 15
    endloop
  endfacet
  facet normal 0 0 1
    outer loop
      vertex 21.8284 87.1716 15
      vertex 20.2021 88.7979 15
      vertex 21.435 86.8266 15
    endloop
  endfacet
  facet normal -0 0 1
    outer loop
      vertex 19.85 88.5278 15
      vertex 21.435 86.8266 15
      vertex 20.2021 88.7979 15
    endloop
  endfacet
  facet normal 0 0 1
    outer loop
      vertex 21.435 86.8266 15
      vertex 19.85 88.5278 15
      vertex 21 86.5359 15
    endloop
  endfacet
  facet normal 0 0 1
    outer loop
      vertex 21 86.5359 15
      vertex 19.85 88.5278 15
      vertex 20.5307 86.3045 15
    endloop
  endfacet
  facet normal -0 0 1
    outer loop
      vertex 19.44 88.3579 15
      vertex 20.5307 86.3045 15
      vertex 19.85 88.5278 15
    endloop
  endfacet
  facet normal 0 0 1
    outer loop
      vertex 20.5307 86.3045 15
      vertex 19.44 88.3579 15
      vertex 20.0353 86.1363 15
    endloop
  endfacet
  facet normal 0 0 1
    outer loop
      vertex 20.0353 86.1363 15
      vertex 19.44 88.3579 15
      vertex 19.5221 86.0342 15
    endloop
  endfacet
  facet normal -0 0 1
    outer loop
      vertex 19 88.3 15
      vertex 19.5221 86.0342 15
      vertex 19.44 88.3579 15
    endloop
  endfacet
  facet normal 0 0 1
    outer loop
      vertex 19 88.3 15
      vertex 19 86 15
      vertex 19.5221 86.0342 15
    endloop
  endfacet
  facet normal 0 0 1
    outer loop
      vertex 18.4779 86.0342 15
      vertex 19 88.3 15
      vertex 18.56 88.3579 15
    endloop
  endfacet
  facet normal 0 0 1
    outer loop
      vertex 19 88.3 15
      vertex 18.4779 86.0342 15
      vertex 19 86 15
    endloop
  endfacet
  facet normal 0 0 1
    outer loop
      vertex 17.4693 86.3045 15
      vertex 18.56 88.3579 15
      vertex 18.15 88.5278 15
    endloop
  endfacet
  facet normal 0 0 1
    outer loop
      vertex 18.56 88.3579 15
      vertex 17.9647 86.1363 15
      vertex 18.4779 86.0342 15
    endloop
  endfacet
  facet normal 0 0 1
    outer loop
      vertex 16.565 86.8266 15
      vertex 18.15 88.5278 15
      vertex 17.7979 88.7979 15
    endloop
  endfacet
  facet normal 0 0 1
    outer loop
      vertex 15.8266 87.565 15
      vertex 17.7979 88.7979 15
      vertex 17.5278 89.15 15
    endloop
  endfacet
  facet normal 0 0 1
    outer loop
      vertex 18.56 88.3579 15
      vertex 17.4693 86.3045 15
      vertex 17.9647 86.1363 15
    endloop
  endfacet
  facet normal 0 0 1
    outer loop
      vertex 15.3045 88.4693 15
      vertex 17.5278 89.15 15
      vertex 17.3579 89.56 15
    endloop
  endfacet
  facet normal 0 0 1
    outer loop
      vertex 15.0342 89.4779 15
      vertex 17.3579 89.56 15
      vertex 17.3 90 15
    endloop
  endfacet
  facet normal 0 0 1
    outer loop
      vertex 17.7979 91.2021 15
      vertex 15.8266 92.435 15
      vertex 17.5278 90.85 15
    endloop
  endfacet
  facet normal 0 0 1
    outer loop
      vertex 18.15 88.5278 15
      vertex 17 86.5359 15
      vertex 17.4693 86.3045 15
    endloop
  endfacet
  facet normal -0 0 1
    outer loop
      vertex 15.5359 92 15
      vertex 17.5278 90.85 15
      vertex 15.8266 92.435 15
    endloop
  endfacet
  facet normal 0 0 1
    outer loop
      vertex 18.15 88.5278 15
      vertex 16.565 86.8266 15
      vertex 17 86.5359 15
    endloop
  endfacet
  facet normal -0 0 1
    outer loop
      vertex 15.3045 91.5307 15
      vertex 17.5278 90.85 15
      vertex 15.5359 92 15
    endloop
  endfacet
  facet normal 0 0 1
    outer loop
      vertex 17.7979 88.7979 15
      vertex 16.1716 87.1716 15
      vertex 16.565 86.8266 15
    endloop
  endfacet
  facet normal 0 0 1
    outer loop
      vertex 17.5278 90.85 15
      vertex 15.3045 91.5307 15
      vertex 17.3579 90.44 15
    endloop
  endfacet
  facet normal 0 0 1
    outer loop
      vertex 17.7979 88.7979 15
      vertex 15.8266 87.565 15
      vertex 16.1716 87.1716 15
    endloop
  endfacet
  facet normal -0 0 1
    outer loop
      vertex 15.1363 91.0353 15
      vertex 17.3579 90.44 15
      vertex 15.3045 91.5307 15
    endloop
  endfacet
  facet normal 0 0 1
    outer loop
      vertex 17.5278 89.15 15
      vertex 15.5359 88 15
      vertex 15.8266 87.565 15
    endloop
  endfacet
  facet normal -0 0 1
    outer loop
      vertex 15.0342 90.5221 15
      vertex 17.3579 90.44 15
      vertex 15.1363 91.0353 15
    endloop
  endfacet
  facet normal 0 0 1
    outer loop
      vertex 17.5278 89.15 15
      vertex 15.3045 88.4693 15
      vertex 15.5359 88 15
    endloop
  endfacet
  facet normal 0 0 1
    outer loop
      vertex 17.3579 90.44 15
      vertex 15.0342 90.5221 15
      vertex 17.3 90 15
    endloop
  endfacet
  facet normal 0 0 1
    outer loop
      vertex 17.3579 89.56 15
      vertex 15.1363 88.9647 15
      vertex 15.3045 88.4693 15
    endloop
  endfacet
  facet normal 0 0 1
    outer loop
      vertex 15 90 15
      vertex 17.3 90 15
      vertex 15.0342 90.5221 15
    endloop
  endfacet
  facet normal 0 0 1
    outer loop
      vertex 17.3579 89.56 15
      vertex 15.0342 89.4779 15
      vertex 15.1363 88.9647 15
    endloop
  endfacet
  facet normal 0 0 1
    outer loop
      vertex 17.3 90 15
      vertex 15 90 15
      vertex 15.0342 89.4779 15
    endloop
  endfacet
  facet normal -0.0653646 -0.997861 0
    outer loop
      vertex 18.4779 86.0342 3
      vertex 19 86 15
      vertex 18.4779 86.0342 15
    endloop
  endfacet
  facet normal -0.0653646 -0.997861 -0
    outer loop
      vertex 19 86 15
      vertex 18.4779 86.0342 3
      vertex 19 86 3
    endloop
  endfacet
  facet normal 0.831432 0.555626 0
    outer loop
      vertex 22.4641 92 15
      vertex 22.1734 92.435 3
      vertex 22.1734 92.435 15
    endloop
  endfacet
  facet normal 0.831432 0.555626 0
    outer loop
      vertex 22.1734 92.435 3
      vertex 22.4641 92 15
      vertex 22.4641 92 3
    endloop
  endfacet
  facet normal 0.195124 0.980779 -0
    outer loop
      vertex 20.0353 93.8637 3
      vertex 19.5221 93.9658 15
      vertex 20.0353 93.8637 15
    endloop
  endfacet
  facet normal 0.195124 0.980779 0
    outer loop
      vertex 19.5221 93.9658 15
      vertex 20.0353 93.8637 3
      vertex 19.5221 93.9658 3
    endloop
  endfacet
  facet normal -0.555626 0.831432 0
    outer loop
      vertex 17 93.4641 3
      vertex 16.565 93.1734 15
      vertex 17 93.4641 15
    endloop
  endfacet
  facet normal -0.555626 0.831432 0
    outer loop
      vertex 16.565 93.1734 15
      vertex 17 93.4641 3
      vertex 16.565 93.1734 3
    endloop
  endfacet
  facet normal 0.980779 0.195124 0
    outer loop
      vertex 22.9658 90.5221 15
      vertex 22.8637 91.0353 3
      vertex 22.8637 91.0353 15
    endloop
  endfacet
  facet normal 0.980779 0.195124 0
    outer loop
      vertex 22.8637 91.0353 3
      vertex 22.9658 90.5221 15
      vertex 22.9658 90.5221 3
    endloop
  endfacet
  facet normal 0.555626 -0.831432 0
    outer loop
      vertex 21 86.5359 3
      vertex 21.435 86.8266 15
      vertex 21 86.5359 15
    endloop
  endfacet
  facet normal 0.555626 -0.831432 0
    outer loop
      vertex 21.435 86.8266 15
      vertex 21 86.5359 3
      vertex 21.435 86.8266 3
    endloop
  endfacet
  facet normal 0.555626 0.831432 -0
    outer loop
      vertex 21.435 93.1734 3
      vertex 21 93.4641 15
      vertex 21.435 93.1734 15
    endloop
  endfacet
  facet normal 0.555626 0.831432 0
    outer loop
      vertex 21 93.4641 15
      vertex 21.435 93.1734 3
      vertex 21 93.4641 3
    endloop
  endfacet
  facet normal 0.751842 0.659343 0
    outer loop
      vertex 22.1734 92.435 15
      vertex 21.8284 92.8284 3
      vertex 21.8284 92.8284 15
    endloop
  endfacet
  facet normal 0.751842 0.659343 0
    outer loop
      vertex 21.8284 92.8284 3
      vertex 22.1734 92.435 15
      vertex 22.1734 92.435 3
    endloop
  endfacet
  facet normal 0.896898 0.442238 0
    outer loop
      vertex 22.6955 91.5307 15
      vertex 22.4641 92 3
      vertex 22.4641 92 15
    endloop
  endfacet
  facet normal 0.896898 0.442238 0
    outer loop
      vertex 22.4641 92 3
      vertex 22.6955 91.5307 15
      vertex 22.6955 91.5307 3
    endloop
  endfacet
  facet normal -0.555626 -0.831432 0
    outer loop
      vertex 16.565 86.8266 3
      vertex 17 86.5359 15
      vertex 16.565 86.8266 15
    endloop
  endfacet
  facet normal -0.555626 -0.831432 -0
    outer loop
      vertex 17 86.5359 15
      vertex 16.565 86.8266 3
      vertex 17 86.5359 3
    endloop
  endfacet
  facet normal -0.980779 -0.195124 0
    outer loop
      vertex 15.1363 88.9647 3
      vertex 15.0342 89.4779 15
      vertex 15.0342 89.4779 3
    endloop
  endfacet
  facet normal -0.980779 -0.195124 0
    outer loop
      vertex 15.0342 89.4779 15
      vertex 15.1363 88.9647 3
      vertex 15.1363 88.9647 15
    endloop
  endfacet
  facet normal -0.321498 0.94691 0
    outer loop
      vertex 17.9647 93.8637 3
      vertex 17.4693 93.6955 15
      vertex 17.9647 93.8637 15
    endloop
  endfacet
  facet normal -0.321498 0.94691 0
    outer loop
      vertex 17.4693 93.6955 15
      vertex 17.9647 93.8637 3
      vertex 17.4693 93.6955 3
    endloop
  endfacet
  facet normal -0.195124 -0.980779 0
    outer loop
      vertex 17.9647 86.1363 3
      vertex 18.4779 86.0342 15
      vertex 17.9647 86.1363 15
    endloop
  endfacet
  facet normal -0.195124 -0.980779 -0
    outer loop
      vertex 18.4779 86.0342 15
      vertex 17.9647 86.1363 3
      vertex 18.4779 86.0342 3
    endloop
  endfacet
  facet normal 0.997861 0.0653646 0
    outer loop
      vertex 23 90 15
      vertex 22.9658 90.5221 3
      vertex 22.9658 90.5221 15
    endloop
  endfacet
  facet normal 0.997861 0.0653646 0
    outer loop
      vertex 22.9658 90.5221 3
      vertex 23 90 15
      vertex 23 90 3
    endloop
  endfacet
  facet normal -0.896898 0.442238 0
    outer loop
      vertex 15.3045 91.5307 3
      vertex 15.5359 92 15
      vertex 15.5359 92 3
    endloop
  endfacet
  facet normal -0.896898 0.442238 0
    outer loop
      vertex 15.5359 92 15
      vertex 15.3045 91.5307 3
      vertex 15.3045 91.5307 15
    endloop
  endfacet
  facet normal -0.831432 -0.555626 0
    outer loop
      vertex 15.8266 87.565 3
      vertex 15.5359 88 15
      vertex 15.5359 88 3
    endloop
  endfacet
  facet normal -0.831432 -0.555626 0
    outer loop
      vertex 15.5359 88 15
      vertex 15.8266 87.565 3
      vertex 15.8266 87.565 15
    endloop
  endfacet
  facet normal 0.195124 -0.980779 0
    outer loop
      vertex 19.5221 86.0342 3
      vertex 20.0353 86.1363 15
      vertex 19.5221 86.0342 15
    endloop
  endfacet
  facet normal 0.195124 -0.980779 0
    outer loop
      vertex 20.0353 86.1363 15
      vertex 19.5221 86.0342 3
      vertex 20.0353 86.1363 3
    endloop
  endfacet
  facet normal -0.0653646 0.997861 0
    outer loop
      vertex 19 94 3
      vertex 18.4779 93.9658 15
      vertex 19 94 15
    endloop
  endfacet
  facet normal -0.0653646 0.997861 0
    outer loop
      vertex 18.4779 93.9658 15
      vertex 19 94 3
      vertex 18.4779 93.9658 3
    endloop
  endfacet
  facet normal 0.442238 -0.896898 0
    outer loop
      vertex 20.5307 86.3045 3
      vertex 21 86.5359 15
      vertex 20.5307 86.3045 15
    endloop
  endfacet
  facet normal 0.442238 -0.896898 0
    outer loop
      vertex 21 86.5359 15
      vertex 20.5307 86.3045 3
      vertex 21 86.5359 3
    endloop
  endfacet
  facet normal -0.321498 -0.94691 0
    outer loop
      vertex 17.4693 86.3045 3
      vertex 17.9647 86.1363 15
      vertex 17.4693 86.3045 15
    endloop
  endfacet
  facet normal -0.321498 -0.94691 -0
    outer loop
      vertex 17.9647 86.1363 15
      vertex 17.4693 86.3045 3
      vertex 17.9647 86.1363 3
    endloop
  endfacet
  facet normal -0.831432 0.555626 0
    outer loop
      vertex 15.5359 92 3
      vertex 15.8266 92.435 15
      vertex 15.8266 92.435 3
    endloop
  endfacet
  facet normal -0.831432 0.555626 0
    outer loop
      vertex 15.8266 92.435 15
      vertex 15.5359 92 3
      vertex 15.5359 92 15
    endloop
  endfacet
  facet normal 0.94691 0.321498 0
    outer loop
      vertex 22.8637 91.0353 15
      vertex 22.6955 91.5307 3
      vertex 22.6955 91.5307 15
    endloop
  endfacet
  facet normal 0.94691 0.321498 0
    outer loop
      vertex 22.6955 91.5307 3
      vertex 22.8637 91.0353 15
      vertex 22.8637 91.0353 3
    endloop
  endfacet
  facet normal -0.659343 -0.751842 0
    outer loop
      vertex 16.1716 87.1716 3
      vertex 16.565 86.8266 15
      vertex 16.1716 87.1716 15
    endloop
  endfacet
  facet normal -0.659343 -0.751842 -0
    outer loop
      vertex 16.565 86.8266 15
      vertex 16.1716 87.1716 3
      vertex 16.565 86.8266 3
    endloop
  endfacet
  facet normal -0.659343 0.751842 0
    outer loop
      vertex 16.565 93.1734 3
      vertex 16.1716 92.8284 15
      vertex 16.565 93.1734 15
    endloop
  endfacet
  facet normal -0.659343 0.751842 0
    outer loop
      vertex 16.1716 92.8284 15
      vertex 16.565 93.1734 3
      vertex 16.1716 92.8284 3
    endloop
  endfacet
  facet normal 0.751842 -0.659343 0
    outer loop
      vertex 21.8284 87.1716 15
      vertex 22.1734 87.565 3
      vertex 22.1734 87.565 15
    endloop
  endfacet
  facet normal 0.751842 -0.659343 0
    outer loop
      vertex 22.1734 87.565 3
      vertex 21.8284 87.1716 15
      vertex 21.8284 87.1716 3
    endloop
  endfacet
  facet normal 0.0653646 0.997861 -0
    outer loop
      vertex 19.5221 93.9658 3
      vertex 19 94 15
      vertex 19.5221 93.9658 15
    endloop
  endfacet
  facet normal 0.0653646 0.997861 0
    outer loop
      vertex 19 94 15
      vertex 19.5221 93.9658 3
      vertex 19 94 3
    endloop
  endfacet
  facet normal -0.896898 -0.442238 0
    outer loop
      vertex 15.5359 88 3
      vertex 15.3045 88.4693 15
      vertex 15.3045 88.4693 3
    endloop
  endfacet
  facet normal -0.896898 -0.442238 0
    outer loop
      vertex 15.3045 88.4693 15
      vertex 15.5359 88 3
      vertex 15.5359 88 15
    endloop
  endfacet
  facet normal -0.997861 0.0653646 0
    outer loop
      vertex 15 90 3
      vertex 15.0342 90.5221 15
      vertex 15.0342 90.5221 3
    endloop
  endfacet
  facet normal -0.997861 0.0653646 0
    outer loop
      vertex 15.0342 90.5221 15
      vertex 15 90 3
      vertex 15 90 15
    endloop
  endfacet
  facet normal -0.94691 -0.321498 0
    outer loop
      vertex 15.3045 88.4693 3
      vertex 15.1363 88.9647 15
      vertex 15.1363 88.9647 3
    endloop
  endfacet
  facet normal -0.94691 -0.321498 0
    outer loop
      vertex 15.1363 88.9647 15
      vertex 15.3045 88.4693 3
      vertex 15.3045 88.4693 15
    endloop
  endfacet
  facet normal 0.659343 0.751842 -0
    outer loop
      vertex 21.8284 92.8284 3
      vertex 21.435 93.1734 15
      vertex 21.8284 92.8284 15
    endloop
  endfacet
  facet normal 0.659343 0.751842 0
    outer loop
      vertex 21.435 93.1734 15
      vertex 21.8284 92.8284 3
      vertex 21.435 93.1734 3
    endloop
  endfacet
  facet normal 1 -0 0
    outer loop
      vertex -14 101 12.5
      vertex -14 106 3
      vertex -14 106 12.5
    endloop
  endfacet
  facet normal 1 0 0
    outer loop
      vertex -14 106 3
      vertex -14 101 12.5
      vertex -14 101 3
    endloop
  endfacet
  facet normal -0 0 1
    outer loop
      vertex -24 106 12.5
      vertex -14 101 12.5
      vertex -14 106 12.5
    endloop
  endfacet
  facet normal 0 0 1
    outer loop
      vertex -14 101 12.5
      vertex -24 106 12.5
      vertex -24 101 12.5
    endloop
  endfacet
  facet normal 0 -1 0
    outer loop
      vertex -24 101 12.5
      vertex -19 101 10.2
      vertex -14 101 12.5
    endloop
  endfacet
  facet normal 0 -1 0
    outer loop
      vertex -24 101 12.5
      vertex -19.44 101 10.1421
      vertex -19 101 10.2
    endloop
  endfacet
  facet normal 0 -1 0
    outer loop
      vertex -24 101 12.5
      vertex -19.85 101 9.97224
      vertex -19.44 101 10.1421
    endloop
  endfacet
  facet normal 0 -1 0
    outer loop
      vertex -24 101 12.5
      vertex -20.2021 101 9.70208
      vertex -19.85 101 9.97224
    endloop
  endfacet
  facet normal 0 -1 0
    outer loop
      vertex -24 101 12.5
      vertex -20.4722 101 9.35
      vertex -20.2021 101 9.70208
    endloop
  endfacet
  facet normal 0 -1 0
    outer loop
      vertex -24 101 12.5
      vertex -20.6421 101 8.93999
      vertex -20.4722 101 9.35
    endloop
  endfacet
  facet normal 0 -1 0
    outer loop
      vertex -24 101 12.5
      vertex -20.7 101 8.5
      vertex -20.6421 101 8.93999
    endloop
  endfacet
  facet normal 0 -1 0
    outer loop
      vertex -24 101 3
      vertex -20.7 101 8.5
      vertex -24 101 12.5
    endloop
  endfacet
  facet normal 0 -1 -0
    outer loop
      vertex -20.7 101 8.5
      vertex -24 101 3
      vertex -20.6421 101 8.06001
    endloop
  endfacet
  facet normal 0 -1 -0
    outer loop
      vertex -19.44 101 6.85793
      vertex -24 101 3
      vertex -19 101 6.8
    endloop
  endfacet
  facet normal 0 -1 -0
    outer loop
      vertex -19.85 101 7.02776
      vertex -24 101 3
      vertex -19.44 101 6.85793
    endloop
  endfacet
  facet normal 0 -1 -0
    outer loop
      vertex -20.2021 101 7.29792
      vertex -24 101 3
      vertex -19.85 101 7.02776
    endloop
  endfacet
  facet normal 0 -1 -0
    outer loop
      vertex -20.4722 101 7.65
      vertex -24 101 3
      vertex -20.2021 101 7.29792
    endloop
  endfacet
  facet normal 0 -1 -0
    outer loop
      vertex -20.6421 101 8.06001
      vertex -24 101 3
      vertex -20.4722 101 7.65
    endloop
  endfacet
  facet normal 0 -1 0
    outer loop
      vertex -18.56 101 10.1421
      vertex -14 101 12.5
      vertex -19 101 10.2
    endloop
  endfacet
  facet normal 0 -1 0
    outer loop
      vertex -18.15 101 9.97224
      vertex -14 101 12.5
      vertex -18.56 101 10.1421
    endloop
  endfacet
  facet normal 0 -1 0
    outer loop
      vertex -17.7979 101 9.70208
      vertex -14 101 12.5
      vertex -18.15 101 9.97224
    endloop
  endfacet
  facet normal 0 -1 0
    outer loop
      vertex -17.5278 101 9.35
      vertex -14 101 12.5
      vertex -17.7979 101 9.70208
    endloop
  endfacet
  facet normal 0 -1 0
    outer loop
      vertex -17.3579 101 8.93999
      vertex -14 101 12.5
      vertex -17.5278 101 9.35
    endloop
  endfacet
  facet normal 0 -1 0
    outer loop
      vertex -17.3 101 8.5
      vertex -14 101 12.5
      vertex -17.3579 101 8.93999
    endloop
  endfacet
  facet normal 0 -1 0
    outer loop
      vertex -14 101 3
      vertex -17.3 101 8.5
      vertex -17.3579 101 8.06001
    endloop
  endfacet
  facet normal 0 -1 0
    outer loop
      vertex -14 101 3
      vertex -17.3579 101 8.06001
      vertex -17.5278 101 7.65
    endloop
  endfacet
  facet normal 0 -1 0
    outer loop
      vertex -14 101 3
      vertex -19 101 6.8
      vertex -24 101 3
    endloop
  endfacet
  facet normal 0 -1 0
    outer loop
      vertex -19 101 6.8
      vertex -14 101 3
      vertex -18.56 101 6.85793
    endloop
  endfacet
  facet normal 0 -1 0
    outer loop
      vertex -17.3 101 8.5
      vertex -14 101 3
      vertex -14 101 12.5
    endloop
  endfacet
  facet normal 0 -1 0
    outer loop
      vertex -17.7979 101 7.29792
      vertex -14 101 3
      vertex -17.5278 101 7.65
    endloop
  endfacet
  facet normal 0 -1 0
    outer loop
      vertex -18.15 101 7.02776
      vertex -14 101 3
      vertex -17.7979 101 7.29792
    endloop
  endfacet
  facet normal 0 -1 0
    outer loop
      vertex -18.56 101 6.85793
      vertex -14 101 3
      vertex -18.15 101 7.02776
    endloop
  endfacet
  facet normal -0.923822 0.382823 0
    outer loop
      vertex -13.1278 52.03 0
      vertex -12.9579 52.44 3
      vertex -12.9579 52.44 0
    endloop
  endfacet
  facet normal -0.923822 0.382823 0
    outer loop
      vertex -12.9579 52.44 3
      vertex -13.1278 52.03 0
      vertex -13.1278 52.03 3
    endloop
  endfacet
  facet normal -0.991453 0.130466 0
    outer loop
      vertex -12.9579 52.44 0
      vertex -12.9 52.88 3
      vertex -12.9 52.88 0
    endloop
  endfacet
  facet normal -0.991453 0.130466 0
    outer loop
      vertex -12.9 52.88 3
      vertex -12.9579 52.44 0
      vertex -12.9579 52.44 3
    endloop
  endfacet
  facet normal -0.793436 0.608654 0
    outer loop
      vertex -13.3979 51.6779 0
      vertex -13.1278 52.03 3
      vertex -13.1278 52.03 0
    endloop
  endfacet
  facet normal -0.793436 0.608654 0
    outer loop
      vertex -13.1278 52.03 3
      vertex -13.3979 51.6779 0
      vertex -13.3979 51.6779 3
    endloop
  endfacet
  facet normal -0.793436 -0.608654 0
    outer loop
      vertex -13.1278 53.73 0
      vertex -13.3979 54.0821 3
      vertex -13.3979 54.0821 0
    endloop
  endfacet
  facet normal -0.793436 -0.608654 0
    outer loop
      vertex -13.3979 54.0821 3
      vertex -13.1278 53.73 0
      vertex -13.1278 53.73 3
    endloop
  endfacet
  facet normal -0.608654 0.793436 0
    outer loop
      vertex -13.3979 51.6779 0
      vertex -13.75 51.4078 3
      vertex -13.3979 51.6779 3
    endloop
  endfacet
  facet normal -0.608654 0.793436 0
    outer loop
      vertex -13.75 51.4078 3
      vertex -13.3979 51.6779 0
      vertex -13.75 51.4078 0
    endloop
  endfacet
  facet normal 0.793436 0.608654 0
    outer loop
      vertex -15.8021 51.6779 3
      vertex -16.0722 52.03 0
      vertex -16.0722 52.03 3
    endloop
  endfacet
  facet normal 0.793436 0.608654 0
    outer loop
      vertex -16.0722 52.03 0
      vertex -15.8021 51.6779 3
      vertex -15.8021 51.6779 0
    endloop
  endfacet
  facet normal 0.793436 -0.608654 0
    outer loop
      vertex -16.0722 53.73 3
      vertex -15.8021 54.0821 0
      vertex -15.8021 54.0821 3
    endloop
  endfacet
  facet normal 0.793436 -0.608654 0
    outer loop
      vertex -15.8021 54.0821 0
      vertex -16.0722 53.73 3
      vertex -16.0722 53.73 0
    endloop
  endfacet
  facet normal 0.382823 -0.923822 0
    outer loop
      vertex -15.45 54.3522 0
      vertex -15.04 54.5221 3
      vertex -15.45 54.3522 3
    endloop
  endfacet
  facet normal 0.382823 -0.923822 0
    outer loop
      vertex -15.04 54.5221 3
      vertex -15.45 54.3522 0
      vertex -15.04 54.5221 0
    endloop
  endfacet
  facet normal -0.382823 -0.923822 0
    outer loop
      vertex -14.16 54.5221 0
      vertex -13.75 54.3522 3
      vertex -14.16 54.5221 3
    endloop
  endfacet
  facet normal -0.382823 -0.923822 -0
    outer loop
      vertex -13.75 54.3522 3
      vertex -14.16 54.5221 0
      vertex -13.75 54.3522 0
    endloop
  endfacet
  facet normal -0.608654 -0.793436 0
    outer loop
      vertex -13.75 54.3522 0
      vertex -13.3979 54.0821 3
      vertex -13.75 54.3522 3
    endloop
  endfacet
  facet normal -0.608654 -0.793436 -0
    outer loop
      vertex -13.3979 54.0821 3
      vertex -13.75 54.3522 0
      vertex -13.3979 54.0821 0
    endloop
  endfacet
  facet normal 0.923822 0.382823 0
    outer loop
      vertex -16.0722 52.03 3
      vertex -16.2421 52.44 0
      vertex -16.2421 52.44 3
    endloop
  endfacet
  facet normal 0.923822 0.382823 0
    outer loop
      vertex -16.2421 52.44 0
      vertex -16.0722 52.03 3
      vertex -16.0722 52.03 0
    endloop
  endfacet
  facet normal -0.923822 -0.382823 0
    outer loop
      vertex -12.9579 53.32 0
      vertex -13.1278 53.73 3
      vertex -13.1278 53.73 0
    endloop
  endfacet
  facet normal -0.923822 -0.382823 0
    outer loop
      vertex -13.1278 53.73 3
      vertex -12.9579 53.32 0
      vertex -12.9579 53.32 3
    endloop
  endfacet
  facet normal -0.382823 0.923822 0
    outer loop
      vertex -13.75 51.4078 0
      vertex -14.16 51.2379 3
      vertex -13.75 51.4078 3
    endloop
  endfacet
  facet normal -0.382823 0.923822 0
    outer loop
      vertex -14.16 51.2379 3
      vertex -13.75 51.4078 0
      vertex -14.16 51.2379 0
    endloop
  endfacet
  facet normal 0.130466 0.991453 -0
    outer loop
      vertex -14.6 51.18 0
      vertex -15.04 51.2379 3
      vertex -14.6 51.18 3
    endloop
  endfacet
  facet normal 0.130466 0.991453 0
    outer loop
      vertex -15.04 51.2379 3
      vertex -14.6 51.18 0
      vertex -15.04 51.2379 0
    endloop
  endfacet
  facet normal 0.130466 -0.991453 0
    outer loop
      vertex -15.04 54.5221 0
      vertex -14.6 54.58 3
      vertex -15.04 54.5221 3
    endloop
  endfacet
  facet normal 0.130466 -0.991453 0
    outer loop
      vertex -14.6 54.58 3
      vertex -15.04 54.5221 0
      vertex -14.6 54.58 0
    endloop
  endfacet
  facet normal 0.991453 -0.130466 0
    outer loop
      vertex -16.3 52.88 3
      vertex -16.2421 53.32 0
      vertex -16.2421 53.32 3
    endloop
  endfacet
  facet normal 0.991453 -0.130466 0
    outer loop
      vertex -16.2421 53.32 0
      vertex -16.3 52.88 3
      vertex -16.3 52.88 0
    endloop
  endfacet
  facet normal 0.382823 0.923822 -0
    outer loop
      vertex -15.04 51.2379 0
      vertex -15.45 51.4078 3
      vertex -15.04 51.2379 3
    endloop
  endfacet
  facet normal 0.382823 0.923822 0
    outer loop
      vertex -15.45 51.4078 3
      vertex -15.04 51.2379 0
      vertex -15.45 51.4078 0
    endloop
  endfacet
  facet normal 0.923822 -0.382823 0
    outer loop
      vertex -16.2421 53.32 3
      vertex -16.0722 53.73 0
      vertex -16.0722 53.73 3
    endloop
  endfacet
  facet normal 0.923822 -0.382823 0
    outer loop
      vertex -16.0722 53.73 0
      vertex -16.2421 53.32 3
      vertex -16.2421 53.32 0
    endloop
  endfacet
  facet normal -0.130466 0.991453 0
    outer loop
      vertex -14.16 51.2379 0
      vertex -14.6 51.18 3
      vertex -14.16 51.2379 3
    endloop
  endfacet
  facet normal -0.130466 0.991453 0
    outer loop
      vertex -14.6 51.18 3
      vertex -14.16 51.2379 0
      vertex -14.6 51.18 0
    endloop
  endfacet
  facet normal -0.991453 -0.130466 0
    outer loop
      vertex -12.9 52.88 0
      vertex -12.9579 53.32 3
      vertex -12.9579 53.32 0
    endloop
  endfacet
  facet normal -0.991453 -0.130466 0
    outer loop
      vertex -12.9579 53.32 3
      vertex -12.9 52.88 0
      vertex -12.9 52.88 3
    endloop
  endfacet
  facet normal 0.608654 0.793436 -0
    outer loop
      vertex -15.45 51.4078 0
      vertex -15.8021 51.6779 3
      vertex -15.45 51.4078 3
    endloop
  endfacet
  facet normal 0.608654 0.793436 0
    outer loop
      vertex -15.8021 51.6779 3
      vertex -15.45 51.4078 0
      vertex -15.8021 51.6779 0
    endloop
  endfacet
  facet normal -0.130466 -0.991453 0
    outer loop
      vertex -14.6 54.58 0
      vertex -14.16 54.5221 3
      vertex -14.6 54.58 3
    endloop
  endfacet
  facet normal -0.130466 -0.991453 -0
    outer loop
      vertex -14.16 54.5221 3
      vertex -14.6 54.58 0
      vertex -14.16 54.5221 0
    endloop
  endfacet
  facet normal 0.608654 -0.793436 0
    outer loop
      vertex -15.8021 54.0821 0
      vertex -15.45 54.3522 3
      vertex -15.8021 54.0821 3
    endloop
  endfacet
  facet normal 0.608654 -0.793436 0
    outer loop
      vertex -15.45 54.3522 3
      vertex -15.8021 54.0821 0
      vertex -15.45 54.3522 0
    endloop
  endfacet
  facet normal 0.991453 0.130466 0
    outer loop
      vertex -16.2421 52.44 3
      vertex -16.3 52.88 0
      vertex -16.3 52.88 3
    endloop
  endfacet
  facet normal 0.991453 0.130466 0
    outer loop
      vertex -16.3 52.88 0
      vertex -16.2421 52.44 3
      vertex -16.2421 52.44 0
    endloop
  endfacet
  facet normal -0.923822 0.382823 0
    outer loop
      vertex 16.0722 52.03 0
      vertex 16.2421 52.44 3
      vertex 16.2421 52.44 0
    endloop
  endfacet
  facet normal -0.923822 0.382823 0
    outer loop
      vertex 16.2421 52.44 3
      vertex 16.0722 52.03 0
      vertex 16.0722 52.03 3
    endloop
  endfacet
  facet normal -0.991453 0.130466 0
    outer loop
      vertex 16.2421 52.44 0
      vertex 16.3 52.88 3
      vertex 16.3 52.88 0
    endloop
  endfacet
  facet normal -0.991453 0.130466 0
    outer loop
      vertex 16.3 52.88 3
      vertex 16.2421 52.44 0
      vertex 16.2421 52.44 3
    endloop
  endfacet
  facet normal -0.130466 -0.991453 0
    outer loop
      vertex 14.6 54.58 0
      vertex 15.04 54.5221 3
      vertex 14.6 54.58 3
    endloop
  endfacet
  facet normal -0.130466 -0.991453 -0
    outer loop
      vertex 15.04 54.5221 3
      vertex 14.6 54.58 0
      vertex 15.04 54.5221 0
    endloop
  endfacet
  facet normal -0.608654 -0.793436 0
    outer loop
      vertex 15.45 54.3522 0
      vertex 15.8021 54.0821 3
      vertex 15.45 54.3522 3
    endloop
  endfacet
  facet normal -0.608654 -0.793436 -0
    outer loop
      vertex 15.8021 54.0821 3
      vertex 15.45 54.3522 0
      vertex 15.8021 54.0821 0
    endloop
  endfacet
  facet normal -0.382823 0.923822 0
    outer loop
      vertex 15.45 51.4078 0
      vertex 15.04 51.2379 3
      vertex 15.45 51.4078 3
    endloop
  endfacet
  facet normal -0.382823 0.923822 0
    outer loop
      vertex 15.04 51.2379 3
      vertex 15.45 51.4078 0
      vertex 15.04 51.2379 0
    endloop
  endfacet
  facet normal 0.382823 -0.923822 0
    outer loop
      vertex 13.75 54.3522 0
      vertex 14.16 54.5221 3
      vertex 13.75 54.3522 3
    endloop
  endfacet
  facet normal 0.382823 -0.923822 0
    outer loop
      vertex 14.16 54.5221 3
      vertex 13.75 54.3522 0
      vertex 14.16 54.5221 0
    endloop
  endfacet
  facet normal -0.923822 -0.382823 0
    outer loop
      vertex 16.2421 53.32 0
      vertex 16.0722 53.73 3
      vertex 16.0722 53.73 0
    endloop
  endfacet
  facet normal -0.923822 -0.382823 0
    outer loop
      vertex 16.0722 53.73 3
      vertex 16.2421 53.32 0
      vertex 16.2421 53.32 3
    endloop
  endfacet
  facet normal 0.608654 0.793436 -0
    outer loop
      vertex 13.75 51.4078 0
      vertex 13.3979 51.6779 3
      vertex 13.75 51.4078 3
    endloop
  endfacet
  facet normal 0.608654 0.793436 0
    outer loop
      vertex 13.3979 51.6779 3
      vertex 13.75 51.4078 0
      vertex 13.3979 51.6779 0
    endloop
  endfacet
  facet normal 0.793436 0.608654 0
    outer loop
      vertex 13.3979 51.6779 3
      vertex 13.1278 52.03 0
      vertex 13.1278 52.03 3
    endloop
  endfacet
  facet normal 0.793436 0.608654 0
    outer loop
      vertex 13.1278 52.03 0
      vertex 13.3979 51.6779 3
      vertex 13.3979 51.6779 0
    endloop
  endfacet
  facet normal 0.793436 -0.608654 0
    outer loop
      vertex 13.1278 53.73 3
      vertex 13.3979 54.0821 0
      vertex 13.3979 54.0821 3
    endloop
  endfacet
  facet normal 0.793436 -0.608654 0
    outer loop
      vertex 13.3979 54.0821 0
      vertex 13.1278 53.73 3
      vertex 13.1278 53.73 0
    endloop
  endfacet
  facet normal -0.130466 0.991453 0
    outer loop
      vertex 15.04 51.2379 0
      vertex 14.6 51.18 3
      vertex 15.04 51.2379 3
    endloop
  endfacet
  facet normal -0.130466 0.991453 0
    outer loop
      vertex 14.6 51.18 3
      vertex 15.04 51.2379 0
      vertex 14.6 51.18 0
    endloop
  endfacet
  facet normal -0.991453 -0.130466 0
    outer loop
      vertex 16.3 52.88 0
      vertex 16.2421 53.32 3
      vertex 16.2421 53.32 0
    endloop
  endfacet
  facet normal -0.991453 -0.130466 0
    outer loop
      vertex 16.2421 53.32 3
      vertex 16.3 52.88 0
      vertex 16.3 52.88 3
    endloop
  endfacet
  facet normal -0.793436 -0.608654 0
    outer loop
      vertex 16.0722 53.73 0
      vertex 15.8021 54.0821 3
      vertex 15.8021 54.0821 0
    endloop
  endfacet
  facet normal -0.793436 -0.608654 0
    outer loop
      vertex 15.8021 54.0821 3
      vertex 16.0722 53.73 0
      vertex 16.0722 53.73 3
    endloop
  endfacet
  facet normal 0.923822 0.382823 0
    outer loop
      vertex 13.1278 52.03 3
      vertex 12.9579 52.44 0
      vertex 12.9579 52.44 3
    endloop
  endfacet
  facet normal 0.923822 0.382823 0
    outer loop
      vertex 12.9579 52.44 0
      vertex 13.1278 52.03 3
      vertex 13.1278 52.03 0
    endloop
  endfacet
  facet normal -0.382823 -0.923822 0
    outer loop
      vertex 15.04 54.5221 0
      vertex 15.45 54.3522 3
      vertex 15.04 54.5221 3
    endloop
  endfacet
  facet normal -0.382823 -0.923822 -0
    outer loop
      vertex 15.45 54.3522 3
      vertex 15.04 54.5221 0
      vertex 15.45 54.3522 0
    endloop
  endfacet
  facet normal 0.991453 -0.130466 0
    outer loop
      vertex 12.9 52.88 3
      vertex 12.9579 53.32 0
      vertex 12.9579 53.32 3
    endloop
  endfacet
  facet normal 0.991453 -0.130466 0
    outer loop
      vertex 12.9579 53.32 0
      vertex 12.9 52.88 3
      vertex 12.9 52.88 0
    endloop
  endfacet
  facet normal 0.382823 0.923822 -0
    outer loop
      vertex 14.16 51.2379 0
      vertex 13.75 51.4078 3
      vertex 14.16 51.2379 3
    endloop
  endfacet
  facet normal 0.382823 0.923822 0
    outer loop
      vertex 13.75 51.4078 3
      vertex 14.16 51.2379 0
      vertex 13.75 51.4078 0
    endloop
  endfacet
  facet normal 0.608654 -0.793436 0
    outer loop
      vertex 13.3979 54.0821 0
      vertex 13.75 54.3522 3
      vertex 13.3979 54.0821 3
    endloop
  endfacet
  facet normal 0.608654 -0.793436 0
    outer loop
      vertex 13.75 54.3522 3
      vertex 13.3979 54.0821 0
      vertex 13.75 54.3522 0
    endloop
  endfacet
  facet normal 0.130466 -0.991453 0
    outer loop
      vertex 14.16 54.5221 0
      vertex 14.6 54.58 3
      vertex 14.16 54.5221 3
    endloop
  endfacet
  facet normal 0.130466 -0.991453 0
    outer loop
      vertex 14.6 54.58 3
      vertex 14.16 54.5221 0
      vertex 14.6 54.58 0
    endloop
  endfacet
  facet normal -0.608654 0.793436 0
    outer loop
      vertex 15.8021 51.6779 0
      vertex 15.45 51.4078 3
      vertex 15.8021 51.6779 3
    endloop
  endfacet
  facet normal -0.608654 0.793436 0
    outer loop
      vertex 15.45 51.4078 3
      vertex 15.8021 51.6779 0
      vertex 15.45 51.4078 0
    endloop
  endfacet
  facet normal 0.130466 0.991453 -0
    outer loop
      vertex 14.6 51.18 0
      vertex 14.16 51.2379 3
      vertex 14.6 51.18 3
    endloop
  endfacet
  facet normal 0.130466 0.991453 0
    outer loop
      vertex 14.16 51.2379 3
      vertex 14.6 51.18 0
      vertex 14.16 51.2379 0
    endloop
  endfacet
  facet normal -0.793436 0.608654 0
    outer loop
      vertex 15.8021 51.6779 0
      vertex 16.0722 52.03 3
      vertex 16.0722 52.03 0
    endloop
  endfacet
  facet normal -0.793436 0.608654 0
    outer loop
      vertex 16.0722 52.03 3
      vertex 15.8021 51.6779 0
      vertex 15.8021 51.6779 3
    endloop
  endfacet
  facet normal 0.923822 -0.382823 0
    outer loop
      vertex 12.9579 53.32 3
      vertex 13.1278 53.73 0
      vertex 13.1278 53.73 3
    endloop
  endfacet
  facet normal 0.923822 -0.382823 0
    outer loop
      vertex 13.1278 53.73 0
      vertex 12.9579 53.32 3
      vertex 12.9579 53.32 0
    endloop
  endfacet
  facet normal 0.991453 0.130466 0
    outer loop
      vertex 12.9579 52.44 3
      vertex 12.9 52.88 0
      vertex 12.9 52.88 3
    endloop
  endfacet
  facet normal 0.991453 0.130466 0
    outer loop
      vertex 12.9 52.88 0
      vertex 12.9579 52.44 3
      vertex 12.9579 52.44 0
    endloop
  endfacet
  facet normal -0.923833 0.382796 0
    outer loop
      vertex -12.0644 96.2 22.29
      vertex -11.9045 96.5859 26.3
      vertex -11.9045 96.5859 22.29
    endloop
  endfacet
  facet normal -0.923833 0.382796 0
    outer loop
      vertex -11.9045 96.5859 26.3
      vertex -12.0644 96.2 22.29
      vertex -12.0644 96.2 26.3
    endloop
  endfacet
  facet normal -0.99145 0.130485 0
    outer loop
      vertex -11.9045 96.5859 22.29
      vertex -11.85 97 26.3
      vertex -11.85 97 22.29
    endloop
  endfacet
  facet normal -0.99145 0.130485 0
    outer loop
      vertex -11.85 97 26.3
      vertex -11.9045 96.5859 22.29
      vertex -11.9045 96.5859 26.3
    endloop
  endfacet
  facet normal -0.79346 0.608623 0
    outer loop
      vertex -12.3186 95.8686 22.29
      vertex -12.0644 96.2 26.3
      vertex -12.0644 96.2 22.29
    endloop
  endfacet
  facet normal -0.79346 0.608623 0
    outer loop
      vertex -12.0644 96.2 26.3
      vertex -12.3186 95.8686 22.29
      vertex -12.3186 95.8686 26.3
    endloop
  endfacet
  facet normal -0.608623 0.79346 0
    outer loop
      vertex -12.3186 95.8686 22.29
      vertex -12.65 95.6144 26.3
      vertex -12.3186 95.8686 26.3
    endloop
  endfacet
  facet normal -0.608623 0.79346 0
    outer loop
      vertex -12.65 95.6144 26.3
      vertex -12.3186 95.8686 22.29
      vertex -12.65 95.6144 22.29
    endloop
  endfacet
  facet normal 0.608623 0.79346 -0
    outer loop
      vertex -14.25 95.6144 22.29
      vertex -14.5814 95.8686 26.3
      vertex -14.25 95.6144 26.3
    endloop
  endfacet
  facet normal 0.608623 0.79346 0
    outer loop
      vertex -14.5814 95.8686 26.3
      vertex -14.25 95.6144 22.29
      vertex -14.5814 95.8686 22.29
    endloop
  endfacet
  facet normal -0.130485 -0.99145 0
    outer loop
      vertex -13.45 98.6 22.29
      vertex -13.0359 98.5455 26.3
      vertex -13.45 98.6 26.3
    endloop
  endfacet
  facet normal -0.130485 -0.99145 -0
    outer loop
      vertex -13.0359 98.5455 26.3
      vertex -13.45 98.6 22.29
      vertex -13.0359 98.5455 22.29
    endloop
  endfacet
  facet normal -0.923833 -0.382796 0
    outer loop
      vertex -11.9045 97.4141 22.29
      vertex -12.0644 97.8 26.3
      vertex -12.0644 97.8 22.29
    endloop
  endfacet
  facet normal -0.923833 -0.382796 0
    outer loop
      vertex -12.0644 97.8 26.3
      vertex -11.9045 97.4141 22.29
      vertex -11.9045 97.4141 26.3
    endloop
  endfacet
  facet normal 0.608623 -0.79346 0
    outer loop
      vertex -14.5814 98.1314 22.29
      vertex -14.25 98.3856 26.3
      vertex -14.5814 98.1314 26.3
    endloop
  endfacet
  facet normal 0.608623 -0.79346 0
    outer loop
      vertex -14.25 98.3856 26.3
      vertex -14.5814 98.1314 22.29
      vertex -14.25 98.3856 22.29
    endloop
  endfacet
  facet normal 0 0 1
    outer loop
      vertex -11.9045 97.4141 22.29
      vertex -11.9045 96.5859 22.29
      vertex -11.85 97 22.29
    endloop
  endfacet
  facet normal 0 0 1
    outer loop
      vertex -12.0644 97.8 22.29
      vertex -11.9045 96.5859 22.29
      vertex -11.9045 97.4141 22.29
    endloop
  endfacet
  facet normal 0 0 1
    outer loop
      vertex -12.0644 97.8 22.29
      vertex -12.0644 96.2 22.29
      vertex -11.9045 96.5859 22.29
    endloop
  endfacet
  facet normal 0 0 1
    outer loop
      vertex -12.3186 98.1314 22.29
      vertex -12.0644 96.2 22.29
      vertex -12.0644 97.8 22.29
    endloop
  endfacet
  facet normal 0 0 1
    outer loop
      vertex -12.3186 98.1314 22.29
      vertex -12.3186 95.8686 22.29
      vertex -12.0644 96.2 22.29
    endloop
  endfacet
  facet normal 0 0 1
    outer loop
      vertex -12.65 98.3856 22.29
      vertex -12.3186 95.8686 22.29
      vertex -12.3186 98.1314 22.29
    endloop
  endfacet
  facet normal 0 0 1
    outer loop
      vertex -12.65 98.3856 22.29
      vertex -12.65 95.6144 22.29
      vertex -12.3186 95.8686 22.29
    endloop
  endfacet
  facet normal 0 0 1
    outer loop
      vertex -13.0359 98.5455 22.29
      vertex -12.65 95.6144 22.29
      vertex -12.65 98.3856 22.29
    endloop
  endfacet
  facet normal 0 0 1
    outer loop
      vertex -13.0359 98.5455 22.29
      vertex -13.0359 95.4545 22.29
      vertex -12.65 95.6144 22.29
    endloop
  endfacet
  facet normal 0 0 1
    outer loop
      vertex -13.45 98.6 22.29
      vertex -13.0359 95.4545 22.29
      vertex -13.0359 98.5455 22.29
    endloop
  endfacet
  facet normal 0 0 1
    outer loop
      vertex -13.45 98.6 22.29
      vertex -13.45 95.4 22.29
      vertex -13.0359 95.4545 22.29
    endloop
  endfacet
  facet normal -0 0 1
    outer loop
      vertex -13.8641 98.5455 22.29
      vertex -13.45 95.4 22.29
      vertex -13.45 98.6 22.29
    endloop
  endfacet
  facet normal 0 0 1
    outer loop
      vertex -13.8641 98.5455 22.29
      vertex -13.8641 95.4545 22.29
      vertex -13.45 95.4 22.29
    endloop
  endfacet
  facet normal -0 0 1
    outer loop
      vertex -14.25 98.3856 22.29
      vertex -13.8641 95.4545 22.29
      vertex -13.8641 98.5455 22.29
    endloop
  endfacet
  facet normal 0 0 1
    outer loop
      vertex -14.25 98.3856 22.29
      vertex -14.25 95.6144 22.29
      vertex -13.8641 95.4545 22.29
    endloop
  endfacet
  facet normal -0 0 1
    outer loop
      vertex -14.5814 98.1314 22.29
      vertex -14.25 95.6144 22.29
      vertex -14.25 98.3856 22.29
    endloop
  endfacet
  facet normal 0 0 1
    outer loop
      vertex -14.5814 98.1314 22.29
      vertex -14.5814 95.8686 22.29
      vertex -14.25 95.6144 22.29
    endloop
  endfacet
  facet normal -0 0 1
    outer loop
      vertex -14.8356 97.8 22.29
      vertex -14.5814 95.8686 22.29
      vertex -14.5814 98.1314 22.29
    endloop
  endfacet
  facet normal 0 0 1
    outer loop
      vertex -14.8356 97.8 22.29
      vertex -14.8356 96.2 22.29
      vertex -14.5814 95.8686 22.29
    endloop
  endfacet
  facet normal -0 0 1
    outer loop
      vertex -14.9955 97.4141 22.29
      vertex -14.8356 96.2 22.29
      vertex -14.8356 97.8 22.29
    endloop
  endfacet
  facet normal 0 0 1
    outer loop
      vertex -14.9955 97.4141 22.29
      vertex -14.9955 96.5859 22.29
      vertex -14.8356 96.2 22.29
    endloop
  endfacet
  facet normal 0 -0 1
    outer loop
      vertex -14.9955 96.5859 22.29
      vertex -14.9955 97.4141 22.29
      vertex -15.05 97 22.29
    endloop
  endfacet
  facet normal -0.79346 -0.608623 0
    outer loop
      vertex -12.0644 97.8 22.29
      vertex -12.3186 98.1314 26.3
      vertex -12.3186 98.1314 22.29
    endloop
  endfacet
  facet normal -0.79346 -0.608623 0
    outer loop
      vertex -12.3186 98.1314 26.3
      vertex -12.0644 97.8 22.29
      vertex -12.0644 97.8 26.3
    endloop
  endfacet
  facet normal 0.79346 -0.608623 0
    outer loop
      vertex -14.8356 97.8 26.3
      vertex -14.5814 98.1314 22.29
      vertex -14.5814 98.1314 26.3
    endloop
  endfacet
  facet normal 0.79346 -0.608623 0
    outer loop
      vertex -14.5814 98.1314 22.29
      vertex -14.8356 97.8 26.3
      vertex -14.8356 97.8 22.29
    endloop
  endfacet
  facet normal -0.99145 -0.130485 0
    outer loop
      vertex -11.85 97 22.29
      vertex -11.9045 97.4141 26.3
      vertex -11.9045 97.4141 22.29
    endloop
  endfacet
  facet normal -0.99145 -0.130485 0
    outer loop
      vertex -11.9045 97.4141 26.3
      vertex -11.85 97 22.29
      vertex -11.85 97 26.3
    endloop
  endfacet
  facet normal 0.130485 0.99145 -0
    outer loop
      vertex -13.45 95.4 22.29
      vertex -13.8641 95.4545 26.3
      vertex -13.45 95.4 26.3
    endloop
  endfacet
  facet normal 0.130485 0.99145 0
    outer loop
      vertex -13.8641 95.4545 26.3
      vertex -13.45 95.4 22.29
      vertex -13.8641 95.4545 22.29
    endloop
  endfacet
  facet normal -0.382796 0.923833 0
    outer loop
      vertex -12.65 95.6144 22.29
      vertex -13.0359 95.4545 26.3
      vertex -12.65 95.6144 26.3
    endloop
  endfacet
  facet normal -0.382796 0.923833 0
    outer loop
      vertex -13.0359 95.4545 26.3
      vertex -12.65 95.6144 22.29
      vertex -13.0359 95.4545 22.29
    endloop
  endfacet
  facet normal -0.130485 0.99145 0
    outer loop
      vertex -13.0359 95.4545 22.29
      vertex -13.45 95.4 26.3
      vertex -13.0359 95.4545 26.3
    endloop
  endfacet
  facet normal -0.130485 0.99145 0
    outer loop
      vertex -13.45 95.4 26.3
      vertex -13.0359 95.4545 22.29
      vertex -13.45 95.4 22.29
    endloop
  endfacet
  facet normal 0.99145 0.130485 0
    outer loop
      vertex -14.9955 96.5859 26.3
      vertex -15.05 97 22.29
      vertex -15.05 97 26.3
    endloop
  endfacet
  facet normal 0.99145 0.130485 0
    outer loop
      vertex -15.05 97 22.29
      vertex -14.9955 96.5859 26.3
      vertex -14.9955 96.5859 22.29
    endloop
  endfacet
  facet normal 0.382796 0.923833 -0
    outer loop
      vertex -13.8641 95.4545 22.29
      vertex -14.25 95.6144 26.3
      vertex -13.8641 95.4545 26.3
    endloop
  endfacet
  facet normal 0.382796 0.923833 0
    outer loop
      vertex -14.25 95.6144 26.3
      vertex -13.8641 95.4545 22.29
      vertex -14.25 95.6144 22.29
    endloop
  endfacet
  facet normal 0.923833 -0.382796 0
    outer loop
      vertex -14.9955 97.4141 26.3
      vertex -14.8356 97.8 22.29
      vertex -14.8356 97.8 26.3
    endloop
  endfacet
  facet normal 0.923833 -0.382796 0
    outer loop
      vertex -14.8356 97.8 22.29
      vertex -14.9955 97.4141 26.3
      vertex -14.9955 97.4141 22.29
    endloop
  endfacet
  facet normal 0.923833 0.382796 0
    outer loop
      vertex -14.8356 96.2 26.3
      vertex -14.9955 96.5859 22.29
      vertex -14.9955 96.5859 26.3
    endloop
  endfacet
  facet normal 0.923833 0.382796 0
    outer loop
      vertex -14.9955 96.5859 22.29
      vertex -14.8356 96.2 26.3
      vertex -14.8356 96.2 22.29
    endloop
  endfacet
  facet normal 0.130485 -0.99145 0
    outer loop
      vertex -13.8641 98.5455 22.29
      vertex -13.45 98.6 26.3
      vertex -13.8641 98.5455 26.3
    endloop
  endfacet
  facet normal 0.130485 -0.99145 0
    outer loop
      vertex -13.45 98.6 26.3
      vertex -13.8641 98.5455 22.29
      vertex -13.45 98.6 22.29
    endloop
  endfacet
  facet normal 0.79346 0.608623 0
    outer loop
      vertex -14.5814 95.8686 26.3
      vertex -14.8356 96.2 22.29
      vertex -14.8356 96.2 26.3
    endloop
  endfacet
  facet normal 0.79346 0.608623 0
    outer loop
      vertex -14.8356 96.2 22.29
      vertex -14.5814 95.8686 26.3
      vertex -14.5814 95.8686 22.29
    endloop
  endfacet
  facet normal 0.382796 -0.923833 0
    outer loop
      vertex -14.25 98.3856 22.29
      vertex -13.8641 98.5455 26.3
      vertex -14.25 98.3856 26.3
    endloop
  endfacet
  facet normal 0.382796 -0.923833 0
    outer loop
      vertex -13.8641 98.5455 26.3
      vertex -14.25 98.3856 22.29
      vertex -13.8641 98.5455 22.29
    endloop
  endfacet
  facet normal -0.382796 -0.923833 0
    outer loop
      vertex -13.0359 98.5455 22.29
      vertex -12.65 98.3856 26.3
      vertex -13.0359 98.5455 26.3
    endloop
  endfacet
  facet normal -0.382796 -0.923833 -0
    outer loop
      vertex -12.65 98.3856 26.3
      vertex -13.0359 98.5455 22.29
      vertex -12.65 98.3856 22.29
    endloop
  endfacet
  facet normal 0.99145 -0.130485 0
    outer loop
      vertex -15.05 97 26.3
      vertex -14.9955 97.4141 22.29
      vertex -14.9955 97.4141 26.3
    endloop
  endfacet
  facet normal 0.99145 -0.130485 0
    outer loop
      vertex -14.9955 97.4141 22.29
      vertex -15.05 97 26.3
      vertex -15.05 97 22.29
    endloop
  endfacet
  facet normal -0.608623 -0.79346 0
    outer loop
      vertex -12.65 98.3856 22.29
      vertex -12.3186 98.1314 26.3
      vertex -12.65 98.3856 26.3
    endloop
  endfacet
  facet normal -0.608623 -0.79346 -0
    outer loop
      vertex -12.3186 98.1314 26.3
      vertex -12.65 98.3856 22.29
      vertex -12.3186 98.1314 22.29
    endloop
  endfacet
  facet normal -0.923833 0.382796 0
    outer loop
      vertex 14.8356 96.2 22.29
      vertex 14.9955 96.5859 26.3
      vertex 14.9955 96.5859 22.29
    endloop
  endfacet
  facet normal -0.923833 0.382796 0
    outer loop
      vertex 14.9955 96.5859 26.3
      vertex 14.8356 96.2 22.29
      vertex 14.8356 96.2 26.3
    endloop
  endfacet
  facet normal -0.99145 0.130485 0
    outer loop
      vertex 14.9955 96.5859 22.29
      vertex 15.05 97 26.3
      vertex 15.05 97 22.29
    endloop
  endfacet
  facet normal -0.99145 0.130485 0
    outer loop
      vertex 15.05 97 26.3
      vertex 14.9955 96.5859 22.29
      vertex 14.9955 96.5859 26.3
    endloop
  endfacet
  facet normal -0.79346 0.608623 0
    outer loop
      vertex 14.5814 95.8686 22.29
      vertex 14.8356 96.2 26.3
      vertex 14.8356 96.2 22.29
    endloop
  endfacet
  facet normal -0.79346 0.608623 0
    outer loop
      vertex 14.8356 96.2 26.3
      vertex 14.5814 95.8686 22.29
      vertex 14.5814 95.8686 26.3
    endloop
  endfacet
  facet normal -0.382796 -0.923833 0
    outer loop
      vertex 13.8641 98.5455 22.29
      vertex 14.25 98.3856 26.3
      vertex 13.8641 98.5455 26.3
    endloop
  endfacet
  facet normal -0.382796 -0.923833 -0
    outer loop
      vertex 14.25 98.3856 26.3
      vertex 13.8641 98.5455 22.29
      vertex 14.25 98.3856 22.29
    endloop
  endfacet
  facet normal -0.79346 -0.608623 0
    outer loop
      vertex 14.8356 97.8 22.29
      vertex 14.5814 98.1314 26.3
      vertex 14.5814 98.1314 22.29
    endloop
  endfacet
  facet normal -0.79346 -0.608623 0
    outer loop
      vertex 14.5814 98.1314 26.3
      vertex 14.8356 97.8 22.29
      vertex 14.8356 97.8 26.3
    endloop
  endfacet
  facet normal -0.608623 0.79346 0
    outer loop
      vertex 14.5814 95.8686 22.29
      vertex 14.25 95.6144 26.3
      vertex 14.5814 95.8686 26.3
    endloop
  endfacet
  facet normal -0.608623 0.79346 0
    outer loop
      vertex 14.25 95.6144 26.3
      vertex 14.5814 95.8686 22.29
      vertex 14.25 95.6144 22.29
    endloop
  endfacet
  facet normal 0.608623 0.79346 -0
    outer loop
      vertex 12.65 95.6144 22.29
      vertex 12.3186 95.8686 26.3
      vertex 12.65 95.6144 26.3
    endloop
  endfacet
  facet normal 0.608623 0.79346 0
    outer loop
      vertex 12.3186 95.8686 26.3
      vertex 12.65 95.6144 22.29
      vertex 12.3186 95.8686 22.29
    endloop
  endfacet
  facet normal 0 0 1
    outer loop
      vertex 14.9955 97.4141 22.29
      vertex 14.9955 96.5859 22.29
      vertex 15.05 97 22.29
    endloop
  endfacet
  facet normal 0 0 1
    outer loop
      vertex 14.8356 97.8 22.29
      vertex 14.9955 96.5859 22.29
      vertex 14.9955 97.4141 22.29
    endloop
  endfacet
  facet normal 0 0 1
    outer loop
      vertex 14.8356 97.8 22.29
      vertex 14.8356 96.2 22.29
      vertex 14.9955 96.5859 22.29
    endloop
  endfacet
  facet normal 0 0 1
    outer loop
      vertex 14.5814 98.1314 22.29
      vertex 14.8356 96.2 22.29
      vertex 14.8356 97.8 22.29
    endloop
  endfacet
  facet normal 0 0 1
    outer loop
      vertex 14.5814 98.1314 22.29
      vertex 14.5814 95.8686 22.29
      vertex 14.8356 96.2 22.29
    endloop
  endfacet
  facet normal 0 0 1
    outer loop
      vertex 14.25 98.3856 22.29
      vertex 14.5814 95.8686 22.29
      vertex 14.5814 98.1314 22.29
    endloop
  endfacet
  facet normal 0 0 1
    outer loop
      vertex 14.25 98.3856 22.29
      vertex 14.25 95.6144 22.29
      vertex 14.5814 95.8686 22.29
    endloop
  endfacet
  facet normal 0 0 1
    outer loop
      vertex 13.8641 98.5455 22.29
      vertex 14.25 95.6144 22.29
      vertex 14.25 98.3856 22.29
    endloop
  endfacet
  facet normal 0 0 1
    outer loop
      vertex 13.8641 98.5455 22.29
      vertex 13.8641 95.4545 22.29
      vertex 14.25 95.6144 22.29
    endloop
  endfacet
  facet normal 0 0 1
    outer loop
      vertex 13.45 98.6 22.29
      vertex 13.8641 95.4545 22.29
      vertex 13.8641 98.5455 22.29
    endloop
  endfacet
  facet normal 0 0 1
    outer loop
      vertex 13.45 98.6 22.29
      vertex 13.45 95.4 22.29
      vertex 13.8641 95.4545 22.29
    endloop
  endfacet
  facet normal -0 0 1
    outer loop
      vertex 13.0359 98.5455 22.29
      vertex 13.45 95.4 22.29
      vertex 13.45 98.6 22.29
    endloop
  endfacet
  facet normal 0 0 1
    outer loop
      vertex 13.0359 98.5455 22.29
      vertex 13.0359 95.4545 22.29
      vertex 13.45 95.4 22.29
    endloop
  endfacet
  facet normal -0 0 1
    outer loop
      vertex 12.65 98.3856 22.29
      vertex 13.0359 95.4545 22.29
      vertex 13.0359 98.5455 22.29
    endloop
  endfacet
  facet normal 0 0 1
    outer loop
      vertex 12.65 98.3856 22.29
      vertex 12.65 95.6144 22.29
      vertex 13.0359 95.4545 22.29
    endloop
  endfacet
  facet normal -0 0 1
    outer loop
      vertex 12.3186 98.1314 22.29
      vertex 12.65 95.6144 22.29
      vertex 12.65 98.3856 22.29
    endloop
  endfacet
  facet normal 0 0 1
    outer loop
      vertex 12.3186 98.1314 22.29
      vertex 12.3186 95.8686 22.29
      vertex 12.65 95.6144 22.29
    endloop
  endfacet
  facet normal -0 0 1
    outer loop
      vertex 12.0644 97.8 22.29
      vertex 12.3186 95.8686 22.29
      vertex 12.3186 98.1314 22.29
    endloop
  endfacet
  facet normal 0 0 1
    outer loop
      vertex 12.0644 97.8 22.29
      vertex 12.0644 96.2 22.29
      vertex 12.3186 95.8686 22.29
    endloop
  endfacet
  facet normal -0 0 1
    outer loop
      vertex 11.9045 97.4141 22.29
      vertex 12.0644 96.2 22.29
      vertex 12.0644 97.8 22.29
    endloop
  endfacet
  facet normal 0 0 1
    outer loop
      vertex 11.9045 97.4141 22.29
      vertex 11.9045 96.5859 22.29
      vertex 12.0644 96.2 22.29
    endloop
  endfacet
  facet normal 0 -0 1
    outer loop
      vertex 11.9045 96.5859 22.29
      vertex 11.9045 97.4141 22.29
      vertex 11.85 97 22.29
    endloop
  endfacet
  facet normal -0.923833 -0.382796 0
    outer loop
      vertex 14.9955 97.4141 22.29
      vertex 14.8356 97.8 26.3
      vertex 14.8356 97.8 22.29
    endloop
  endfacet
  facet normal -0.923833 -0.382796 0
    outer loop
      vertex 14.8356 97.8 26.3
      vertex 14.9955 97.4141 22.29
      vertex 14.9955 97.4141 26.3
    endloop
  endfacet
  facet normal -0.382796 0.923833 0
    outer loop
      vertex 14.25 95.6144 22.29
      vertex 13.8641 95.4545 26.3
      vertex 14.25 95.6144 26.3
    endloop
  endfacet
  facet normal -0.382796 0.923833 0
    outer loop
      vertex 13.8641 95.4545 26.3
      vertex 14.25 95.6144 22.29
      vertex 13.8641 95.4545 22.29
    endloop
  endfacet
  facet normal 0.130485 -0.99145 0
    outer loop
      vertex 13.0359 98.5455 22.29
      vertex 13.45 98.6 26.3
      vertex 13.0359 98.5455 26.3
    endloop
  endfacet
  facet normal 0.130485 -0.99145 0
    outer loop
      vertex 13.45 98.6 26.3
      vertex 13.0359 98.5455 22.29
      vertex 13.45 98.6 22.29
    endloop
  endfacet
  facet normal -0.130485 -0.99145 0
    outer loop
      vertex 13.45 98.6 22.29
      vertex 13.8641 98.5455 26.3
      vertex 13.45 98.6 26.3
    endloop
  endfacet
  facet normal -0.130485 -0.99145 -0
    outer loop
      vertex 13.8641 98.5455 26.3
      vertex 13.45 98.6 22.29
      vertex 13.8641 98.5455 22.29
    endloop
  endfacet
  facet normal -0.99145 -0.130485 0
    outer loop
      vertex 15.05 97 22.29
      vertex 14.9955 97.4141 26.3
      vertex 14.9955 97.4141 22.29
    endloop
  endfacet
  facet normal -0.99145 -0.130485 0
    outer loop
      vertex 14.9955 97.4141 26.3
      vertex 15.05 97 22.29
      vertex 15.05 97 26.3
    endloop
  endfacet
  facet normal 0.923833 0.382796 0
    outer loop
      vertex 12.0644 96.2 26.3
      vertex 11.9045 96.5859 22.29
      vertex 11.9045 96.5859 26.3
    endloop
  endfacet
  facet normal 0.923833 0.382796 0
    outer loop
      vertex 11.9045 96.5859 22.29
      vertex 12.0644 96.2 26.3
      vertex 12.0644 96.2 22.29
    endloop
  endfacet
  facet normal 0.99145 0.130485 0
    outer loop
      vertex 11.9045 96.5859 26.3
      vertex 11.85 97 22.29
      vertex 11.85 97 26.3
    endloop
  endfacet
  facet normal 0.99145 0.130485 0
    outer loop
      vertex 11.85 97 22.29
      vertex 11.9045 96.5859 26.3
      vertex 11.9045 96.5859 22.29
    endloop
  endfacet
  facet normal 0.130485 0.99145 -0
    outer loop
      vertex 13.45 95.4 22.29
      vertex 13.0359 95.4545 26.3
      vertex 13.45 95.4 26.3
    endloop
  endfacet
  facet normal 0.130485 0.99145 0
    outer loop
      vertex 13.0359 95.4545 26.3
      vertex 13.45 95.4 22.29
      vertex 13.0359 95.4545 22.29
    endloop
  endfacet
  facet normal -0.608623 -0.79346 0
    outer loop
      vertex 14.25 98.3856 22.29
      vertex 14.5814 98.1314 26.3
      vertex 14.25 98.3856 26.3
    endloop
  endfacet
  facet normal -0.608623 -0.79346 -0
    outer loop
      vertex 14.5814 98.1314 26.3
      vertex 14.25 98.3856 22.29
      vertex 14.5814 98.1314 22.29
    endloop
  endfacet
  facet normal 0.99145 -0.130485 0
    outer loop
      vertex 11.85 97 26.3
      vertex 11.9045 97.4141 22.29
      vertex 11.9045 97.4141 26.3
    endloop
  endfacet
  facet normal 0.99145 -0.130485 0
    outer loop
      vertex 11.9045 97.4141 22.29
      vertex 11.85 97 26.3
      vertex 11.85 97 22.29
    endloop
  endfacet
  facet normal 0.382796 0.923833 -0
    outer loop
      vertex 13.0359 95.4545 22.29
      vertex 12.65 95.6144 26.3
      vertex 13.0359 95.4545 26.3
    endloop
  endfacet
  facet normal 0.382796 0.923833 0
    outer loop
      vertex 12.65 95.6144 26.3
      vertex 13.0359 95.4545 22.29
      vertex 12.65 95.6144 22.29
    endloop
  endfacet
  facet normal -0.130485 0.99145 0
    outer loop
      vertex 13.8641 95.4545 22.29
      vertex 13.45 95.4 26.3
      vertex 13.8641 95.4545 26.3
    endloop
  endfacet
  facet normal -0.130485 0.99145 0
    outer loop
      vertex 13.45 95.4 26.3
      vertex 13.8641 95.4545 22.29
      vertex 13.45 95.4 22.29
    endloop
  endfacet
  facet normal 0.608623 -0.79346 0
    outer loop
      vertex 12.3186 98.1314 22.29
      vertex 12.65 98.3856 26.3
      vertex 12.3186 98.1314 26.3
    endloop
  endfacet
  facet normal 0.608623 -0.79346 0
    outer loop
      vertex 12.65 98.3856 26.3
      vertex 12.3186 98.1314 22.29
      vertex 12.65 98.3856 22.29
    endloop
  endfacet
  facet normal 0.79346 0.608623 0
    outer loop
      vertex 12.3186 95.8686 26.3
      vertex 12.0644 96.2 22.29
      vertex 12.0644 96.2 26.3
    endloop
  endfacet
  facet normal 0.79346 0.608623 0
    outer loop
      vertex 12.0644 96.2 22.29
      vertex 12.3186 95.8686 26.3
      vertex 12.3186 95.8686 22.29
    endloop
  endfacet
  facet normal 0.382796 -0.923833 0
    outer loop
      vertex 12.65 98.3856 22.29
      vertex 13.0359 98.5455 26.3
      vertex 12.65 98.3856 26.3
    endloop
  endfacet
  facet normal 0.382796 -0.923833 0
    outer loop
      vertex 13.0359 98.5455 26.3
      vertex 12.65 98.3856 22.29
      vertex 13.0359 98.5455 22.29
    endloop
  endfacet
  facet normal 0.923833 -0.382796 0
    outer loop
      vertex 11.9045 97.4141 26.3
      vertex 12.0644 97.8 22.29
      vertex 12.0644 97.8 26.3
    endloop
  endfacet
  facet normal 0.923833 -0.382796 0
    outer loop
      vertex 12.0644 97.8 22.29
      vertex 11.9045 97.4141 26.3
      vertex 11.9045 97.4141 22.29
    endloop
  endfacet
  facet normal 0.79346 -0.608623 0
    outer loop
      vertex 12.0644 97.8 26.3
      vertex 12.3186 98.1314 22.29
      vertex 12.3186 98.1314 26.3
    endloop
  endfacet
  facet normal 0.79346 -0.608623 0
    outer loop
      vertex 12.3186 98.1314 22.29
      vertex 12.0644 97.8 26.3
      vertex 12.0644 97.8 22.29
    endloop
  endfacet
  facet normal -1 0 0
    outer loop
      vertex -1.75 52.7 0
      vertex -1.75 55.7 3
      vertex -1.75 55.7 0
    endloop
  endfacet
  facet normal -1 -0 0
    outer loop
      vertex -1.75 55.7 3
      vertex -1.75 52.7 0
      vertex -1.75 52.7 3
    endloop
  endfacet
  facet normal 1 -0 0
    outer loop
      vertex -3.25 52.7 3
      vertex -3.25 55.7 0
      vertex -3.25 55.7 3
    endloop
  endfacet
  facet normal 1 0 0
    outer loop
      vertex -3.25 55.7 0
      vertex -3.25 52.7 3
      vertex -3.25 52.7 0
    endloop
  endfacet
  facet normal 0 1 -0
    outer loop
      vertex -1.75 52.7 0
      vertex -3.25 52.7 3
      vertex -1.75 52.7 3
    endloop
  endfacet
  facet normal 0 1 0
    outer loop
      vertex -3.25 52.7 3
      vertex -1.75 52.7 0
      vertex -3.25 52.7 0
    endloop
  endfacet
  facet normal 0 -1 0
    outer loop
      vertex -3.25 55.7 0
      vertex -1.75 55.7 3
      vertex -3.25 55.7 3
    endloop
  endfacet
  facet normal 0 -1 -0
    outer loop
      vertex -1.75 55.7 3
      vertex -3.25 55.7 0
      vertex -1.75 55.7 0
    endloop
  endfacet
  facet normal -1 0 0
    outer loop
      vertex 3.25 52.7 0
      vertex 3.25 55.7 3
      vertex 3.25 55.7 0
    endloop
  endfacet
  facet normal -1 -0 0
    outer loop
      vertex 3.25 55.7 3
      vertex 3.25 52.7 0
      vertex 3.25 52.7 3
    endloop
  endfacet
  facet normal 1 -0 0
    outer loop
      vertex 1.75 52.7 3
      vertex 1.75 55.7 0
      vertex 1.75 55.7 3
    endloop
  endfacet
  facet normal 1 0 0
    outer loop
      vertex 1.75 55.7 0
      vertex 1.75 52.7 3
      vertex 1.75 52.7 0
    endloop
  endfacet
  facet normal 0 1 -0
    outer loop
      vertex 3.25 52.7 0
      vertex 1.75 52.7 3
      vertex 3.25 52.7 3
    endloop
  endfacet
  facet normal 0 1 0
    outer loop
      vertex 1.75 52.7 3
      vertex 3.25 52.7 0
      vertex 1.75 52.7 0
    endloop
  endfacet
  facet normal 0 -1 0
    outer loop
      vertex 1.75 55.7 0
      vertex 3.25 55.7 3
      vertex 1.75 55.7 3
    endloop
  endfacet
  facet normal 0 -1 -0
    outer loop
      vertex 3.25 55.7 3
      vertex 1.75 55.7 0
      vertex 3.25 55.7 0
    endloop
  endfacet
  facet normal -0.923884 0.382673 0
    outer loop
      vertex -9.31436 70.2 3.39
      vertex -9.15452 70.5859 7.4
      vertex -9.15452 70.5859 3.39
    endloop
  endfacet
  facet normal -0.923884 0.382673 0
    outer loop
      vertex -9.15452 70.5859 7.4
      vertex -9.31436 70.2 3.39
      vertex -9.31436 70.2 7.4
    endloop
  endfacet
  facet normal -0.991444 0.130533 0
    outer loop
      vertex -9.15452 70.5859 3.39
      vertex -9.1 71 7.4
      vertex -9.1 71 3.39
    endloop
  endfacet
  facet normal -0.991444 0.130533 0
    outer loop
      vertex -9.1 71 7.4
      vertex -9.15452 70.5859 3.39
      vertex -9.15452 70.5859 7.4
    endloop
  endfacet
  facet normal -0.793379 0.608728 0
    outer loop
      vertex -9.56863 69.8686 3.39
      vertex -9.31436 70.2 7.4
      vertex -9.31436 70.2 3.39
    endloop
  endfacet
  facet normal -0.793379 0.608728 0
    outer loop
      vertex -9.31436 70.2 7.4
      vertex -9.56863 69.8686 3.39
      vertex -9.56863 69.8686 7.4
    endloop
  endfacet
  facet normal -0.608657 0.793433 0
    outer loop
      vertex -9.56863 69.8686 3.39
      vertex -9.9 69.6144 7.4
      vertex -9.56863 69.8686 7.4
    endloop
  endfacet
  facet normal -0.608657 0.793433 0
    outer loop
      vertex -9.9 69.6144 7.4
      vertex -9.56863 69.8686 3.39
      vertex -9.9 69.6144 3.39
    endloop
  endfacet
  facet normal 0.608623 0.79346 -0
    outer loop
      vertex -11.5 69.6144 3.39
      vertex -11.8314 69.8686 7.4
      vertex -11.5 69.6144 7.4
    endloop
  endfacet
  facet normal 0.608623 0.79346 0
    outer loop
      vertex -11.8314 69.8686 7.4
      vertex -11.5 69.6144 3.39
      vertex -11.8314 69.8686 3.39
    endloop
  endfacet
  facet normal -0.130485 -0.99145 0
    outer loop
      vertex -10.7 72.6 3.39
      vertex -10.2859 72.5455 7.4
      vertex -10.7 72.6 7.4
    endloop
  endfacet
  facet normal -0.130485 -0.99145 -0
    outer loop
      vertex -10.2859 72.5455 7.4
      vertex -10.7 72.6 3.39
      vertex -10.2859 72.5455 3.39
    endloop
  endfacet
  facet normal -0.923884 -0.382673 0
    outer loop
      vertex -9.15452 71.4141 3.39
      vertex -9.31436 71.8 7.4
      vertex -9.31436 71.8 3.39
    endloop
  endfacet
  facet normal -0.923884 -0.382673 0
    outer loop
      vertex -9.31436 71.8 7.4
      vertex -9.15452 71.4141 3.39
      vertex -9.15452 71.4141 7.4
    endloop
  endfacet
  facet normal 0.608623 -0.79346 0
    outer loop
      vertex -11.8314 72.1314 3.39
      vertex -11.5 72.3856 7.4
      vertex -11.8314 72.1314 7.4
    endloop
  endfacet
  facet normal 0.608623 -0.79346 0
    outer loop
      vertex -11.5 72.3856 7.4
      vertex -11.8314 72.1314 3.39
      vertex -11.5 72.3856 3.39
    endloop
  endfacet
  facet normal 0 0 1
    outer loop
      vertex -9.15452 71.4141 3.39
      vertex -9.15452 70.5859 3.39
      vertex -9.1 71 3.39
    endloop
  endfacet
  facet normal 0 0 1
    outer loop
      vertex -9.31436 71.8 3.39
      vertex -9.15452 70.5859 3.39
      vertex -9.15452 71.4141 3.39
    endloop
  endfacet
  facet normal 0 0 1
    outer loop
      vertex -9.31436 71.8 3.39
      vertex -9.31436 70.2 3.39
      vertex -9.15452 70.5859 3.39
    endloop
  endfacet
  facet normal 0 0 1
    outer loop
      vertex -9.56863 72.1314 3.39
      vertex -9.31436 70.2 3.39
      vertex -9.31436 71.8 3.39
    endloop
  endfacet
  facet normal 0 0 1
    outer loop
      vertex -9.56863 72.1314 3.39
      vertex -9.56863 69.8686 3.39
      vertex -9.31436 70.2 3.39
    endloop
  endfacet
  facet normal 0 0 1
    outer loop
      vertex -9.9 72.3856 3.39
      vertex -9.56863 69.8686 3.39
      vertex -9.56863 72.1314 3.39
    endloop
  endfacet
  facet normal 0 0 1
    outer loop
      vertex -9.9 72.3856 3.39
      vertex -9.9 69.6144 3.39
      vertex -9.56863 69.8686 3.39
    endloop
  endfacet
  facet normal 0 0 1
    outer loop
      vertex -10.2859 72.5455 3.39
      vertex -9.9 69.6144 3.39
      vertex -9.9 72.3856 3.39
    endloop
  endfacet
  facet normal 0 0 1
    outer loop
      vertex -10.2859 72.5455 3.39
      vertex -10.2859 69.4545 3.39
      vertex -9.9 69.6144 3.39
    endloop
  endfacet
  facet normal 0 0 1
    outer loop
      vertex -10.7 72.6 3.39
      vertex -10.2859 69.4545 3.39
      vertex -10.2859 72.5455 3.39
    endloop
  endfacet
  facet normal 0 0 1
    outer loop
      vertex -10.7 72.6 3.39
      vertex -10.7 69.4 3.39
      vertex -10.2859 69.4545 3.39
    endloop
  endfacet
  facet normal -0 0 1
    outer loop
      vertex -11.1141 72.5455 3.39
      vertex -10.7 69.4 3.39
      vertex -10.7 72.6 3.39
    endloop
  endfacet
  facet normal 0 0 1
    outer loop
      vertex -11.1141 72.5455 3.39
      vertex -11.1141 69.4545 3.39
      vertex -10.7 69.4 3.39
    endloop
  endfacet
  facet normal -0 0 1
    outer loop
      vertex -11.5 72.3856 3.39
      vertex -11.1141 69.4545 3.39
      vertex -11.1141 72.5455 3.39
    endloop
  endfacet
  facet normal 0 0 1
    outer loop
      vertex -11.5 72.3856 3.39
      vertex -11.5 69.6144 3.39
      vertex -11.1141 69.4545 3.39
    endloop
  endfacet
  facet normal -0 0 1
    outer loop
      vertex -11.8314 72.1314 3.39
      vertex -11.5 69.6144 3.39
      vertex -11.5 72.3856 3.39
    endloop
  endfacet
  facet normal 0 0 1
    outer loop
      vertex -11.8314 72.1314 3.39
      vertex -11.8314 69.8686 3.39
      vertex -11.5 69.6144 3.39
    endloop
  endfacet
  facet normal -0 0 1
    outer loop
      vertex -12.0856 71.8 3.39
      vertex -11.8314 69.8686 3.39
      vertex -11.8314 72.1314 3.39
    endloop
  endfacet
  facet normal 0 0 1
    outer loop
      vertex -12.0856 71.8 3.39
      vertex -12.0856 70.2 3.39
      vertex -11.8314 69.8686 3.39
    endloop
  endfacet
  facet normal -0 0 1
    outer loop
      vertex -12.2455 71.4141 3.39
      vertex -12.0856 70.2 3.39
      vertex -12.0856 71.8 3.39
    endloop
  endfacet
  facet normal 0 0 1
    outer loop
      vertex -12.2455 71.4141 3.39
      vertex -12.2455 70.5859 3.39
      vertex -12.0856 70.2 3.39
    endloop
  endfacet
  facet normal 0 -0 1
    outer loop
      vertex -12.2455 70.5859 3.39
      vertex -12.2455 71.4141 3.39
      vertex -12.3 71 3.39
    endloop
  endfacet
  facet normal -0.793379 -0.608728 0
    outer loop
      vertex -9.31436 71.8 3.39
      vertex -9.56863 72.1314 7.4
      vertex -9.56863 72.1314 3.39
    endloop
  endfacet
  facet normal -0.793379 -0.608728 0
    outer loop
      vertex -9.56863 72.1314 7.4
      vertex -9.31436 71.8 3.39
      vertex -9.31436 71.8 7.4
    endloop
  endfacet
  facet normal 0.79346 -0.608623 0
    outer loop
      vertex -12.0856 71.8 7.4
      vertex -11.8314 72.1314 3.39
      vertex -11.8314 72.1314 7.4
    endloop
  endfacet
  facet normal 0.79346 -0.608623 0
    outer loop
      vertex -11.8314 72.1314 3.39
      vertex -12.0856 71.8 7.4
      vertex -12.0856 71.8 3.39
    endloop
  endfacet
  facet normal -0.991444 -0.130533 0
    outer loop
      vertex -9.1 71 3.39
      vertex -9.15452 71.4141 7.4
      vertex -9.15452 71.4141 3.39
    endloop
  endfacet
  facet normal -0.991444 -0.130533 0
    outer loop
      vertex -9.15452 71.4141 7.4
      vertex -9.1 71 3.39
      vertex -9.1 71 7.4
    endloop
  endfacet
  facet normal 0.130485 0.99145 -0
    outer loop
      vertex -10.7 69.4 3.39
      vertex -11.1141 69.4545 7.4
      vertex -10.7 69.4 7.4
    endloop
  endfacet
  facet normal 0.130485 0.99145 0
    outer loop
      vertex -11.1141 69.4545 7.4
      vertex -10.7 69.4 3.39
      vertex -11.1141 69.4545 3.39
    endloop
  endfacet
  facet normal -0.382796 0.923833 0
    outer loop
      vertex -9.9 69.6144 3.39
      vertex -10.2859 69.4545 7.4
      vertex -9.9 69.6144 7.4
    endloop
  endfacet
  facet normal -0.382796 0.923833 0
    outer loop
      vertex -10.2859 69.4545 7.4
      vertex -9.9 69.6144 3.39
      vertex -10.2859 69.4545 3.39
    endloop
  endfacet
  facet normal -0.130485 0.99145 0
    outer loop
      vertex -10.2859 69.4545 3.39
      vertex -10.7 69.4 7.4
      vertex -10.2859 69.4545 7.4
    endloop
  endfacet
  facet normal -0.130485 0.99145 0
    outer loop
      vertex -10.7 69.4 7.4
      vertex -10.2859 69.4545 3.39
      vertex -10.7 69.4 3.39
    endloop
  endfacet
  facet normal 0.99145 0.130485 0
    outer loop
      vertex -12.2455 70.5859 7.4
      vertex -12.3 71 3.39
      vertex -12.3 71 7.4
    endloop
  endfacet
  facet normal 0.99145 0.130485 0
    outer loop
      vertex -12.3 71 3.39
      vertex -12.2455 70.5859 7.4
      vertex -12.2455 70.5859 3.39
    endloop
  endfacet
  facet normal 0.382796 0.923833 -0
    outer loop
      vertex -11.1141 69.4545 3.39
      vertex -11.5 69.6144 7.4
      vertex -11.1141 69.4545 7.4
    endloop
  endfacet
  facet normal 0.382796 0.923833 0
    outer loop
      vertex -11.5 69.6144 7.4
      vertex -11.1141 69.4545 3.39
      vertex -11.5 69.6144 3.39
    endloop
  endfacet
  facet normal 0.923833 -0.382796 0
    outer loop
      vertex -12.2455 71.4141 7.4
      vertex -12.0856 71.8 3.39
      vertex -12.0856 71.8 7.4
    endloop
  endfacet
  facet normal 0.923833 -0.382796 0
    outer loop
      vertex -12.0856 71.8 3.39
      vertex -12.2455 71.4141 7.4
      vertex -12.2455 71.4141 3.39
    endloop
  endfacet
  facet normal 0.923833 0.382796 0
    outer loop
      vertex -12.0856 70.2 7.4
      vertex -12.2455 70.5859 3.39
      vertex -12.2455 70.5859 7.4
    endloop
  endfacet
  facet normal 0.923833 0.382796 0
    outer loop
      vertex -12.2455 70.5859 3.39
      vertex -12.0856 70.2 7.4
      vertex -12.0856 70.2 3.39
    endloop
  endfacet
  facet normal 0.130485 -0.99145 0
    outer loop
      vertex -11.1141 72.5455 3.39
      vertex -10.7 72.6 7.4
      vertex -11.1141 72.5455 7.4
    endloop
  endfacet
  facet normal 0.130485 -0.99145 0
    outer loop
      vertex -10.7 72.6 7.4
      vertex -11.1141 72.5455 3.39
      vertex -10.7 72.6 3.39
    endloop
  endfacet
  facet normal 0.79346 0.608623 0
    outer loop
      vertex -11.8314 69.8686 7.4
      vertex -12.0856 70.2 3.39
      vertex -12.0856 70.2 7.4
    endloop
  endfacet
  facet normal 0.79346 0.608623 0
    outer loop
      vertex -12.0856 70.2 3.39
      vertex -11.8314 69.8686 7.4
      vertex -11.8314 69.8686 3.39
    endloop
  endfacet
  facet normal 0.382796 -0.923833 0
    outer loop
      vertex -11.5 72.3856 3.39
      vertex -11.1141 72.5455 7.4
      vertex -11.5 72.3856 7.4
    endloop
  endfacet
  facet normal 0.382796 -0.923833 0
    outer loop
      vertex -11.1141 72.5455 7.4
      vertex -11.5 72.3856 3.39
      vertex -11.1141 72.5455 3.39
    endloop
  endfacet
  facet normal -0.382796 -0.923833 0
    outer loop
      vertex -10.2859 72.5455 3.39
      vertex -9.9 72.3856 7.4
      vertex -10.2859 72.5455 7.4
    endloop
  endfacet
  facet normal -0.382796 -0.923833 -0
    outer loop
      vertex -9.9 72.3856 7.4
      vertex -10.2859 72.5455 3.39
      vertex -9.9 72.3856 3.39
    endloop
  endfacet
  facet normal 0.99145 -0.130485 0
    outer loop
      vertex -12.3 71 7.4
      vertex -12.2455 71.4141 3.39
      vertex -12.2455 71.4141 7.4
    endloop
  endfacet
  facet normal 0.99145 -0.130485 0
    outer loop
      vertex -12.2455 71.4141 3.39
      vertex -12.3 71 7.4
      vertex -12.3 71 3.39
    endloop
  endfacet
  facet normal -0.608657 -0.793433 0
    outer loop
      vertex -9.9 72.3856 3.39
      vertex -9.56863 72.1314 7.4
      vertex -9.9 72.3856 7.4
    endloop
  endfacet
  facet normal -0.608657 -0.793433 -0
    outer loop
      vertex -9.56863 72.1314 7.4
      vertex -9.9 72.3856 3.39
      vertex -9.56863 72.1314 3.39
    endloop
  endfacet
  facet normal -0.923833 0.382796 0
    outer loop
      vertex 12.0856 70.2 3.39
      vertex 12.2455 70.5859 7.4
      vertex 12.2455 70.5859 3.39
    endloop
  endfacet
  facet normal -0.923833 0.382796 0
    outer loop
      vertex 12.2455 70.5859 7.4
      vertex 12.0856 70.2 3.39
      vertex 12.0856 70.2 7.4
    endloop
  endfacet
  facet normal -0.99145 0.130485 0
    outer loop
      vertex 12.2455 70.5859 3.39
      vertex 12.3 71 7.4
      vertex 12.3 71 3.39
    endloop
  endfacet
  facet normal -0.99145 0.130485 0
    outer loop
      vertex 12.3 71 7.4
      vertex 12.2455 70.5859 3.39
      vertex 12.2455 70.5859 7.4
    endloop
  endfacet
  facet normal -0.79346 0.608623 0
    outer loop
      vertex 11.8314 69.8686 3.39
      vertex 12.0856 70.2 7.4
      vertex 12.0856 70.2 3.39
    endloop
  endfacet
  facet normal -0.79346 0.608623 0
    outer loop
      vertex 12.0856 70.2 7.4
      vertex 11.8314 69.8686 3.39
      vertex 11.8314 69.8686 7.4
    endloop
  endfacet
  facet normal -0.382796 -0.923833 0
    outer loop
      vertex 11.1141 72.5455 3.39
      vertex 11.5 72.3856 7.4
      vertex 11.1141 72.5455 7.4
    endloop
  endfacet
  facet normal -0.382796 -0.923833 -0
    outer loop
      vertex 11.5 72.3856 7.4
      vertex 11.1141 72.5455 3.39
      vertex 11.5 72.3856 3.39
    endloop
  endfacet
  facet normal -0.79346 -0.608623 0
    outer loop
      vertex 12.0856 71.8 3.39
      vertex 11.8314 72.1314 7.4
      vertex 11.8314 72.1314 3.39
    endloop
  endfacet
  facet normal -0.79346 -0.608623 0
    outer loop
      vertex 11.8314 72.1314 7.4
      vertex 12.0856 71.8 3.39
      vertex 12.0856 71.8 7.4
    endloop
  endfacet
  facet normal -0.608623 0.79346 0
    outer loop
      vertex 11.8314 69.8686 3.39
      vertex 11.5 69.6144 7.4
      vertex 11.8314 69.8686 7.4
    endloop
  endfacet
  facet normal -0.608623 0.79346 0
    outer loop
      vertex 11.5 69.6144 7.4
      vertex 11.8314 69.8686 3.39
      vertex 11.5 69.6144 3.39
    endloop
  endfacet
  facet normal 0.608657 0.793433 -0
    outer loop
      vertex 9.9 69.6144 3.39
      vertex 9.56863 69.8686 7.4
      vertex 9.9 69.6144 7.4
    endloop
  endfacet
  facet normal 0.608657 0.793433 0
    outer loop
      vertex 9.56863 69.8686 7.4
      vertex 9.9 69.6144 3.39
      vertex 9.56863 69.8686 3.39
    endloop
  endfacet
  facet normal 0 0 1
    outer loop
      vertex 12.2455 71.4141 3.39
      vertex 12.2455 70.5859 3.39
      vertex 12.3 71 3.39
    endloop
  endfacet
  facet normal 0 0 1
    outer loop
      vertex 12.0856 71.8 3.39
      vertex 12.2455 70.5859 3.39
      vertex 12.2455 71.4141 3.39
    endloop
  endfacet
  facet normal 0 0 1
    outer loop
      vertex 12.0856 71.8 3.39
      vertex 12.0856 70.2 3.39
      vertex 12.2455 70.5859 3.39
    endloop
  endfacet
  facet normal 0 0 1
    outer loop
      vertex 11.8314 72.1314 3.39
      vertex 12.0856 70.2 3.39
      vertex 12.0856 71.8 3.39
    endloop
  endfacet
  facet normal 0 0 1
    outer loop
      vertex 11.8314 72.1314 3.39
      vertex 11.8314 69.8686 3.39
      vertex 12.0856 70.2 3.39
    endloop
  endfacet
  facet normal 0 0 1
    outer loop
      vertex 11.5 72.3856 3.39
      vertex 11.8314 69.8686 3.39
      vertex 11.8314 72.1314 3.39
    endloop
  endfacet
  facet normal 0 0 1
    outer loop
      vertex 11.5 72.3856 3.39
      vertex 11.5 69.6144 3.39
      vertex 11.8314 69.8686 3.39
    endloop
  endfacet
  facet normal 0 0 1
    outer loop
      vertex 11.1141 72.5455 3.39
      vertex 11.5 69.6144 3.39
      vertex 11.5 72.3856 3.39
    endloop
  endfacet
  facet normal 0 0 1
    outer loop
      vertex 11.1141 72.5455 3.39
      vertex 11.1141 69.4545 3.39
      vertex 11.5 69.6144 3.39
    endloop
  endfacet
  facet normal 0 0 1
    outer loop
      vertex 10.7 72.6 3.39
      vertex 11.1141 69.4545 3.39
      vertex 11.1141 72.5455 3.39
    endloop
  endfacet
  facet normal 0 0 1
    outer loop
      vertex 10.7 72.6 3.39
      vertex 10.7 69.4 3.39
      vertex 11.1141 69.4545 3.39
    endloop
  endfacet
  facet normal -0 0 1
    outer loop
      vertex 10.2859 72.5455 3.39
      vertex 10.7 69.4 3.39
      vertex 10.7 72.6 3.39
    endloop
  endfacet
  facet normal 0 0 1
    outer loop
      vertex 10.2859 72.5455 3.39
      vertex 10.2859 69.4545 3.39
      vertex 10.7 69.4 3.39
    endloop
  endfacet
  facet normal -0 0 1
    outer loop
      vertex 9.9 72.3856 3.39
      vertex 10.2859 69.4545 3.39
      vertex 10.2859 72.5455 3.39
    endloop
  endfacet
  facet normal 0 0 1
    outer loop
      vertex 9.9 72.3856 3.39
      vertex 9.9 69.6144 3.39
      vertex 10.2859 69.4545 3.39
    endloop
  endfacet
  facet normal -0 0 1
    outer loop
      vertex 9.56863 72.1314 3.39
      vertex 9.9 69.6144 3.39
      vertex 9.9 72.3856 3.39
    endloop
  endfacet
  facet normal 0 0 1
    outer loop
      vertex 9.56863 72.1314 3.39
      vertex 9.56863 69.8686 3.39
      vertex 9.9 69.6144 3.39
    endloop
  endfacet
  facet normal -0 0 1
    outer loop
      vertex 9.31436 71.8 3.39
      vertex 9.56863 69.8686 3.39
      vertex 9.56863 72.1314 3.39
    endloop
  endfacet
  facet normal 0 0 1
    outer loop
      vertex 9.31436 71.8 3.39
      vertex 9.31436 70.2 3.39
      vertex 9.56863 69.8686 3.39
    endloop
  endfacet
  facet normal -0 0 1
    outer loop
      vertex 9.15452 71.4141 3.39
      vertex 9.31436 70.2 3.39
      vertex 9.31436 71.8 3.39
    endloop
  endfacet
  facet normal 0 0 1
    outer loop
      vertex 9.15452 71.4141 3.39
      vertex 9.15452 70.5859 3.39
      vertex 9.31436 70.2 3.39
    endloop
  endfacet
  facet normal 0 -0 1
    outer loop
      vertex 9.15452 70.5859 3.39
      vertex 9.15452 71.4141 3.39
      vertex 9.1 71 3.39
    endloop
  endfacet
  facet normal -0.923833 -0.382796 0
    outer loop
      vertex 12.2455 71.4141 3.39
      vertex 12.0856 71.8 7.4
      vertex 12.0856 71.8 3.39
    endloop
  endfacet
  facet normal -0.923833 -0.382796 0
    outer loop
      vertex 12.0856 71.8 7.4
      vertex 12.2455 71.4141 3.39
      vertex 12.2455 71.4141 7.4
    endloop
  endfacet
  facet normal -0.382796 0.923833 0
    outer loop
      vertex 11.5 69.6144 3.39
      vertex 11.1141 69.4545 7.4
      vertex 11.5 69.6144 7.4
    endloop
  endfacet
  facet normal -0.382796 0.923833 0
    outer loop
      vertex 11.1141 69.4545 7.4
      vertex 11.5 69.6144 3.39
      vertex 11.1141 69.4545 3.39
    endloop
  endfacet
  facet normal 0.130485 -0.99145 0
    outer loop
      vertex 10.2859 72.5455 3.39
      vertex 10.7 72.6 7.4
      vertex 10.2859 72.5455 7.4
    endloop
  endfacet
  facet normal 0.130485 -0.99145 0
    outer loop
      vertex 10.7 72.6 7.4
      vertex 10.2859 72.5455 3.39
      vertex 10.7 72.6 3.39
    endloop
  endfacet
  facet normal -0.130485 -0.99145 0
    outer loop
      vertex 10.7 72.6 3.39
      vertex 11.1141 72.5455 7.4
      vertex 10.7 72.6 7.4
    endloop
  endfacet
  facet normal -0.130485 -0.99145 -0
    outer loop
      vertex 11.1141 72.5455 7.4
      vertex 10.7 72.6 3.39
      vertex 11.1141 72.5455 3.39
    endloop
  endfacet
  facet normal -0.99145 -0.130485 0
    outer loop
      vertex 12.3 71 3.39
      vertex 12.2455 71.4141 7.4
      vertex 12.2455 71.4141 3.39
    endloop
  endfacet
  facet normal -0.99145 -0.130485 0
    outer loop
      vertex 12.2455 71.4141 7.4
      vertex 12.3 71 3.39
      vertex 12.3 71 7.4
    endloop
  endfacet
  facet normal 0.923884 0.382673 0
    outer loop
      vertex 9.31436 70.2 7.4
      vertex 9.15452 70.5859 3.39
      vertex 9.15452 70.5859 7.4
    endloop
  endfacet
  facet normal 0.923884 0.382673 0
    outer loop
      vertex 9.15452 70.5859 3.39
      vertex 9.31436 70.2 7.4
      vertex 9.31436 70.2 3.39
    endloop
  endfacet
  facet normal 0.991444 0.130533 0
    outer loop
      vertex 9.15452 70.5859 7.4
      vertex 9.1 71 3.39
      vertex 9.1 71 7.4
    endloop
  endfacet
  facet normal 0.991444 0.130533 0
    outer loop
      vertex 9.1 71 3.39
      vertex 9.15452 70.5859 7.4
      vertex 9.15452 70.5859 3.39
    endloop
  endfacet
  facet normal 0.130485 0.99145 -0
    outer loop
      vertex 10.7 69.4 3.39
      vertex 10.2859 69.4545 7.4
      vertex 10.7 69.4 7.4
    endloop
  endfacet
  facet normal 0.130485 0.99145 0
    outer loop
      vertex 10.2859 69.4545 7.4
      vertex 10.7 69.4 3.39
      vertex 10.2859 69.4545 3.39
    endloop
  endfacet
  facet normal -0.608623 -0.79346 0
    outer loop
      vertex 11.5 72.3856 3.39
      vertex 11.8314 72.1314 7.4
      vertex 11.5 72.3856 7.4
    endloop
  endfacet
  facet normal -0.608623 -0.79346 -0
    outer loop
      vertex 11.8314 72.1314 7.4
      vertex 11.5 72.3856 3.39
      vertex 11.8314 72.1314 3.39
    endloop
  endfacet
  facet normal 0.991444 -0.130533 0
    outer loop
      vertex 9.1 71 7.4
      vertex 9.15452 71.4141 3.39
      vertex 9.15452 71.4141 7.4
    endloop
  endfacet
  facet normal 0.991444 -0.130533 0
    outer loop
      vertex 9.15452 71.4141 3.39
      vertex 9.1 71 7.4
      vertex 9.1 71 3.39
    endloop
  endfacet
  facet normal 0.382796 0.923833 -0
    outer loop
      vertex 10.2859 69.4545 3.39
      vertex 9.9 69.6144 7.4
      vertex 10.2859 69.4545 7.4
    endloop
  endfacet
  facet normal 0.382796 0.923833 0
    outer loop
      vertex 9.9 69.6144 7.4
      vertex 10.2859 69.4545 3.39
      vertex 9.9 69.6144 3.39
    endloop
  endfacet
  facet normal -0.130485 0.99145 0
    outer loop
      vertex 11.1141 69.4545 3.39
      vertex 10.7 69.4 7.4
      vertex 11.1141 69.4545 7.4
    endloop
  endfacet
  facet normal -0.130485 0.99145 0
    outer loop
      vertex 10.7 69.4 7.4
      vertex 11.1141 69.4545 3.39
      vertex 10.7 69.4 3.39
    endloop
  endfacet
  facet normal 0.608657 -0.793433 0
    outer loop
      vertex 9.56863 72.1314 3.39
      vertex 9.9 72.3856 7.4
      vertex 9.56863 72.1314 7.4
    endloop
  endfacet
  facet normal 0.608657 -0.793433 0
    outer loop
      vertex 9.9 72.3856 7.4
      vertex 9.56863 72.1314 3.39
      vertex 9.9 72.3856 3.39
    endloop
  endfacet
  facet normal 0.382796 -0.923833 0
    outer loop
      vertex 9.9 72.3856 3.39
      vertex 10.2859 72.5455 7.4
      vertex 9.9 72.3856 7.4
    endloop
  endfacet
  facet normal 0.382796 -0.923833 0
    outer loop
      vertex 10.2859 72.5455 7.4
      vertex 9.9 72.3856 3.39
      vertex 10.2859 72.5455 3.39
    endloop
  endfacet
  facet normal 0.923884 -0.382673 0
    outer loop
      vertex 9.15452 71.4141 7.4
      vertex 9.31436 71.8 3.39
      vertex 9.31436 71.8 7.4
    endloop
  endfacet
  facet normal 0.923884 -0.382673 0
    outer loop
      vertex 9.31436 71.8 3.39
      vertex 9.15452 71.4141 7.4
      vertex 9.15452 71.4141 3.39
    endloop
  endfacet
  facet normal 0.793379 -0.608728 0
    outer loop
      vertex 9.31436 71.8 7.4
      vertex 9.56863 72.1314 3.39
      vertex 9.56863 72.1314 7.4
    endloop
  endfacet
  facet normal 0.793379 -0.608728 0
    outer loop
      vertex 9.56863 72.1314 3.39
      vertex 9.31436 71.8 7.4
      vertex 9.31436 71.8 3.39
    endloop
  endfacet
  facet normal 0.793379 0.608728 0
    outer loop
      vertex 9.56863 69.8686 7.4
      vertex 9.31436 70.2 3.39
      vertex 9.31436 70.2 7.4
    endloop
  endfacet
  facet normal 0.793379 0.608728 0
    outer loop
      vertex 9.31436 70.2 3.39
      vertex 9.56863 69.8686 7.4
      vertex 9.56863 69.8686 3.39
    endloop
  endfacet
  facet normal -1 0 0
    outer loop
      vertex 9.05 90.2 3.01
      vertex 9.05 103.8 26.3
      vertex 9.05 103.8 3.01
    endloop
  endfacet
  facet normal -1 -0 0
    outer loop
      vertex 9.05 103.8 26.3
      vertex 9.05 90.2 3.01
      vertex 9.05 90.2 26.3
    endloop
  endfacet
  facet normal -0 0 1
    outer loop
      vertex -9.05 103.8 3.01
      vertex 9.05 90.2 3.01
      vertex 9.05 103.8 3.01
    endloop
  endfacet
  facet normal 0 0 1
    outer loop
      vertex 9.05 90.2 3.01
      vertex -9.05 103.8 3.01
      vertex -9.05 90.2 3.01
    endloop
  endfacet
  facet normal 1 -0 0
    outer loop
      vertex -9.05 90.2 26.3
      vertex -9.05 103.8 3.01
      vertex -9.05 103.8 26.3
    endloop
  endfacet
  facet normal 1 0 0
    outer loop
      vertex -9.05 103.8 3.01
      vertex -9.05 90.2 26.3
      vertex -9.05 90.2 3.01
    endloop
  endfacet
  facet normal 0 1 0
    outer loop
      vertex 9.05 90.2 26.3
      vertex 3 90.2 24.3
      vertex -9.05 90.2 26.3
    endloop
  endfacet
  facet normal 0 1 0
    outer loop
      vertex 9.05 90.2 26.3
      vertex 3 90.2 19.3
      vertex 3 90.2 24.3
    endloop
  endfacet
  facet normal 0 1 0
    outer loop
      vertex 3 90.2 19.3
      vertex 9.05 90.2 3.01
      vertex -3 90.2 19.3
    endloop
  endfacet
  facet normal 0 1 -0
    outer loop
      vertex 9.05 90.2 3.01
      vertex 3 90.2 19.3
      vertex 9.05 90.2 26.3
    endloop
  endfacet
  facet normal 0 1 -0
    outer loop
      vertex -3 90.2 24.3
      vertex -9.05 90.2 26.3
      vertex 3 90.2 24.3
    endloop
  endfacet
  facet normal 0 1 -0
    outer loop
      vertex -3 90.2 19.3
      vertex -9.05 90.2 26.3
      vertex -3 90.2 24.3
    endloop
  endfacet
  facet normal 0 1 0
    outer loop
      vertex -9.05 90.2 3.01
      vertex -3 90.2 19.3
      vertex 9.05 90.2 3.01
    endloop
  endfacet
  facet normal 0 1 0
    outer loop
      vertex -3 90.2 19.3
      vertex -9.05 90.2 3.01
      vertex -9.05 90.2 26.3
    endloop
  endfacet
  facet normal 0 -1 0
    outer loop
      vertex -9.05 103.8 26.3
      vertex 0 103.8 15.3
      vertex 9.05 103.8 26.3
    endloop
  endfacet
  facet normal 0 -1 0
    outer loop
      vertex -9.05 103.8 26.3
      vertex -0.652631 103.8 15.2572
      vertex 0 103.8 15.3
    endloop
  endfacet
  facet normal 0 -1 0
    outer loop
      vertex -9.05 103.8 26.3
      vertex -1.2941 103.8 15.1296
      vertex -0.652631 103.8 15.2572
    endloop
  endfacet
  facet normal 0 -1 0
    outer loop
      vertex -9.05 103.8 26.3
      vertex -1.91342 103.8 14.9194
      vertex -1.2941 103.8 15.1296
    endloop
  endfacet
  facet normal 0 -1 0
    outer loop
      vertex -9.05 103.8 26.3
      vertex -2.5 103.8 14.6301
      vertex -1.91342 103.8 14.9194
    endloop
  endfacet
  facet normal 0 -1 0
    outer loop
      vertex -9.05 103.8 26.3
      vertex -3.04381 103.8 14.2668
      vertex -2.5 103.8 14.6301
    endloop
  endfacet
  facet normal 0 -1 0
    outer loop
      vertex -9.05 103.8 26.3
      vertex -3.53553 103.8 13.8355
      vertex -3.04381 103.8 14.2668
    endloop
  endfacet
  facet normal 0 -1 0
    outer loop
      vertex -9.05 103.8 26.3
      vertex -3.96677 103.8 13.3438
      vertex -3.53553 103.8 13.8355
    endloop
  endfacet
  facet normal 0 -1 0
    outer loop
      vertex -9.05 103.8 26.3
      vertex -4.33013 103.8 12.8
      vertex -3.96677 103.8 13.3438
    endloop
  endfacet
  facet normal 0 -1 0
    outer loop
      vertex -9.05 103.8 26.3
      vertex -4.6194 103.8 12.2134
      vertex -4.33013 103.8 12.8
    endloop
  endfacet
  facet normal 0 -1 0
    outer loop
      vertex -9.05 103.8 26.3
      vertex -4.82963 103.8 11.5941
      vertex -4.6194 103.8 12.2134
    endloop
  endfacet
  facet normal 0 -1 0
    outer loop
      vertex -9.05 103.8 26.3
      vertex -4.95722 103.8 10.9526
      vertex -4.82963 103.8 11.5941
    endloop
  endfacet
  facet normal 0 -1 0
    outer loop
      vertex -9.05 103.8 3.01
      vertex -4.95722 103.8 10.9526
      vertex -9.05 103.8 26.3
    endloop
  endfacet
  facet normal 0 -1 0
    outer loop
      vertex -4.95722 103.8 10.9526
      vertex -9.05 103.8 3.01
      vertex -5 103.8 10.3
    endloop
  endfacet
  facet normal 0 -1 -0
    outer loop
      vertex -5 103.8 10.3
      vertex -9.05 103.8 3.01
      vertex -4.95722 103.8 9.64737
    endloop
  endfacet
  facet normal 0 -1 -0
    outer loop
      vertex -0.652631 103.8 5.34278
      vertex -9.05 103.8 3.01
      vertex 0 103.8 5.3
    endloop
  endfacet
  facet normal 0 -1 -0
    outer loop
      vertex -1.2941 103.8 5.47037
      vertex -9.05 103.8 3.01
      vertex -0.652631 103.8 5.34278
    endloop
  endfacet
  facet normal 0 -1 -0
    outer loop
      vertex -1.91342 103.8 5.6806
      vertex -9.05 103.8 3.01
      vertex -1.2941 103.8 5.47037
    endloop
  endfacet
  facet normal 0 -1 -0
    outer loop
      vertex -2.5 103.8 5.96987
      vertex -9.05 103.8 3.01
      vertex -1.91342 103.8 5.6806
    endloop
  endfacet
  facet normal 0 -1 -0
    outer loop
      vertex -3.04381 103.8 6.33323
      vertex -9.05 103.8 3.01
      vertex -2.5 103.8 5.96987
    endloop
  endfacet
  facet normal 0 -1 -0
    outer loop
      vertex -3.53553 103.8 6.76447
      vertex -9.05 103.8 3.01
      vertex -3.04381 103.8 6.33323
    endloop
  endfacet
  facet normal 0 -1 -0
    outer loop
      vertex -3.96677 103.8 7.25619
      vertex -9.05 103.8 3.01
      vertex -3.53553 103.8 6.76447
    endloop
  endfacet
  facet normal 0 -1 -0
    outer loop
      vertex -4.33013 103.8 7.8
      vertex -9.05 103.8 3.01
      vertex -3.96677 103.8 7.25619
    endloop
  endfacet
  facet normal 0 -1 -0
    outer loop
      vertex -4.6194 103.8 8.38658
      vertex -9.05 103.8 3.01
      vertex -4.33013 103.8 7.8
    endloop
  endfacet
  facet normal 0 -1 -0
    outer loop
      vertex -4.82963 103.8 9.0059
      vertex -9.05 103.8 3.01
      vertex -4.6194 103.8 8.38658
    endloop
  endfacet
  facet normal 0 -1 -0
    outer loop
      vertex -4.95722 103.8 9.64737
      vertex -9.05 103.8 3.01
      vertex -4.82963 103.8 9.0059
    endloop
  endfacet
  facet normal 0 -1 0
    outer loop
      vertex 0.652631 103.8 15.2572
      vertex 9.05 103.8 26.3
      vertex 0 103.8 15.3
    endloop
  endfacet
  facet normal 0 -1 0
    outer loop
      vertex 1.2941 103.8 15.1296
      vertex 9.05 103.8 26.3
      vertex 0.652631 103.8 15.2572
    endloop
  endfacet
  facet normal 0 -1 0
    outer loop
      vertex 1.91342 103.8 14.9194
      vertex 9.05 103.8 26.3
      vertex 1.2941 103.8 15.1296
    endloop
  endfacet
  facet normal 0 -1 0
    outer loop
      vertex 2.5 103.8 14.6301
      vertex 9.05 103.8 26.3
      vertex 1.91342 103.8 14.9194
    endloop
  endfacet
  facet normal 0 -1 0
    outer loop
      vertex 3.04381 103.8 14.2668
      vertex 9.05 103.8 26.3
      vertex 2.5 103.8 14.6301
    endloop
  endfacet
  facet normal 0 -1 0
    outer loop
      vertex 3.53553 103.8 13.8355
      vertex 9.05 103.8 26.3
      vertex 3.04381 103.8 14.2668
    endloop
  endfacet
  facet normal 0 -1 0
    outer loop
      vertex 3.96677 103.8 13.3438
      vertex 9.05 103.8 26.3
      vertex 3.53553 103.8 13.8355
    endloop
  endfacet
  facet normal 0 -1 0
    outer loop
      vertex 4.33013 103.8 12.8
      vertex 9.05 103.8 26.3
      vertex 3.96677 103.8 13.3438
    endloop
  endfacet
  facet normal 0 -1 0
    outer loop
      vertex 4.6194 103.8 12.2134
      vertex 9.05 103.8 26.3
      vertex 4.33013 103.8 12.8
    endloop
  endfacet
  facet normal 0 -1 0
    outer loop
      vertex 4.82963 103.8 11.5941
      vertex 9.05 103.8 26.3
      vertex 4.6194 103.8 12.2134
    endloop
  endfacet
  facet normal 0 -1 0
    outer loop
      vertex 4.95722 103.8 10.9526
      vertex 9.05 103.8 26.3
      vertex 4.82963 103.8 11.5941
    endloop
  endfacet
  facet normal 0 -1 0
    outer loop
      vertex 9.05 103.8 3.01
      vertex 4.95722 103.8 10.9526
      vertex 5 103.8 10.3
    endloop
  endfacet
  facet normal 0 -1 0
    outer loop
      vertex 9.05 103.8 3.01
      vertex 5 103.8 10.3
      vertex 4.95722 103.8 9.64737
    endloop
  endfacet
  facet normal 0 -1 0
    outer loop
      vertex 9.05 103.8 3.01
      vertex 4.95722 103.8 9.64737
      vertex 4.82963 103.8 9.0059
    endloop
  endfacet
  facet normal 0 -1 0
    outer loop
      vertex 9.05 103.8 3.01
      vertex 0 103.8 5.3
      vertex -9.05 103.8 3.01
    endloop
  endfacet
  facet normal 0 -1 0
    outer loop
      vertex 0 103.8 5.3
      vertex 9.05 103.8 3.01
      vertex 0.652631 103.8 5.34278
    endloop
  endfacet
  facet normal 0 -1 0
    outer loop
      vertex 4.95722 103.8 10.9526
      vertex 9.05 103.8 3.01
      vertex 9.05 103.8 26.3
    endloop
  endfacet
  facet normal 0 -1 0
    outer loop
      vertex 4.6194 103.8 8.38658
      vertex 9.05 103.8 3.01
      vertex 4.82963 103.8 9.0059
    endloop
  endfacet
  facet normal 0 -1 0
    outer loop
      vertex 4.33013 103.8 7.8
      vertex 9.05 103.8 3.01
      vertex 4.6194 103.8 8.38658
    endloop
  endfacet
  facet normal 0 -1 0
    outer loop
      vertex 3.96677 103.8 7.25619
      vertex 9.05 103.8 3.01
      vertex 4.33013 103.8 7.8
    endloop
  endfacet
  facet normal 0 -1 0
    outer loop
      vertex 3.53553 103.8 6.76447
      vertex 9.05 103.8 3.01
      vertex 3.96677 103.8 7.25619
    endloop
  endfacet
  facet normal 0 -1 0
    outer loop
      vertex 3.04381 103.8 6.33323
      vertex 9.05 103.8 3.01
      vertex 3.53553 103.8 6.76447
    endloop
  endfacet
  facet normal 0 -1 0
    outer loop
      vertex 2.5 103.8 5.96987
      vertex 9.05 103.8 3.01
      vertex 3.04381 103.8 6.33323
    endloop
  endfacet
  facet normal 0 -1 0
    outer loop
      vertex 1.91342 103.8 5.6806
      vertex 9.05 103.8 3.01
      vertex 2.5 103.8 5.96987
    endloop
  endfacet
  facet normal 0 -1 0
    outer loop
      vertex 1.2941 103.8 5.47037
      vertex 9.05 103.8 3.01
      vertex 1.91342 103.8 5.6806
    endloop
  endfacet
  facet normal 0 -1 0
    outer loop
      vertex 0.652631 103.8 5.34278
      vertex 9.05 103.8 3.01
      vertex 1.2941 103.8 5.47037
    endloop
  endfacet
  facet normal -0.980787 0 0.195081
    outer loop
      vertex 4.82963 103.8 9.0059
      vertex 4.95722 105.8 9.64737
      vertex 4.82963 105.8 9.0059
    endloop
  endfacet
  facet normal -0.980787 0 0.195081
    outer loop
      vertex 4.95722 105.8 9.64737
      vertex 4.82963 103.8 9.0059
      vertex 4.95722 103.8 9.64737
    endloop
  endfacet
  facet normal 0.0654097 0 0.997858
    outer loop
      vertex -0.652631 105.8 5.34278
      vertex 0 103.8 5.3
      vertex 0 105.8 5.3
    endloop
  endfacet
  facet normal 0.0654097 0 0.997858
    outer loop
      vertex 0 103.8 5.3
      vertex -0.652631 105.8 5.34278
      vertex -0.652631 103.8 5.34278
    endloop
  endfacet
  facet normal -0.980789 0 -0.195072
    outer loop
      vertex 4.95722 103.8 10.9526
      vertex 4.82963 105.8 11.5941
      vertex 4.95722 105.8 10.9526
    endloop
  endfacet
  facet normal -0.980789 -0 -0.195072
    outer loop
      vertex 4.82963 105.8 11.5941
      vertex 4.95722 103.8 10.9526
      vertex 4.82963 103.8 11.5941
    endloop
  endfacet
  facet normal -0.997858 0 -0.0654128
    outer loop
      vertex 5 103.8 10.3
      vertex 4.95722 105.8 10.9526
      vertex 5 105.8 10.3
    endloop
  endfacet
  facet normal -0.997858 -0 -0.0654128
    outer loop
      vertex 4.95722 105.8 10.9526
      vertex 5 103.8 10.3
      vertex 4.95722 103.8 10.9526
    endloop
  endfacet
  facet normal 0.946927 0 -0.321448
    outer loop
      vertex -4.6194 103.8 12.2134
      vertex -4.82963 105.8 11.5941
      vertex -4.6194 105.8 12.2134
    endloop
  endfacet
  facet normal 0.946927 0 -0.321448
    outer loop
      vertex -4.82963 105.8 11.5941
      vertex -4.6194 103.8 12.2134
      vertex -4.82963 103.8 11.5941
    endloop
  endfacet
  facet normal 0.659409 0 -0.751784
    outer loop
      vertex -3.53553 103.8 13.8355
      vertex -3.04381 105.8 14.2668
      vertex -3.04381 103.8 14.2668
    endloop
  endfacet
  facet normal 0.659409 0 -0.751784
    outer loop
      vertex -3.04381 105.8 14.2668
      vertex -3.53553 103.8 13.8355
      vertex -3.53553 105.8 13.8355
    endloop
  endfacet
  facet normal -0.44229 0 0.896872
    outer loop
      vertex 1.91342 105.8 5.6806
      vertex 2.5 103.8 5.96987
      vertex 2.5 105.8 5.96987
    endloop
  endfacet
  facet normal -0.44229 0 0.896872
    outer loop
      vertex 2.5 103.8 5.96987
      vertex 1.91342 105.8 5.6806
      vertex 1.91342 103.8 5.6806
    endloop
  endfacet
  facet normal -0.555568 0 0.831471
    outer loop
      vertex 2.5 105.8 5.96987
      vertex 3.04381 103.8 6.33323
      vertex 3.04381 105.8 6.33323
    endloop
  endfacet
  facet normal -0.555568 0 0.831471
    outer loop
      vertex 3.04381 103.8 6.33323
      vertex 2.5 105.8 5.96987
      vertex 2.5 103.8 5.96987
    endloop
  endfacet
  facet normal -0.442327 0 -0.896854
    outer loop
      vertex 1.91342 103.8 14.9194
      vertex 2.5 105.8 14.6301
      vertex 2.5 103.8 14.6301
    endloop
  endfacet
  facet normal -0.442327 0 -0.896854
    outer loop
      vertex 2.5 105.8 14.6301
      vertex 1.91342 103.8 14.9194
      vertex 1.91342 105.8 14.9194
    endloop
  endfacet
  facet normal 0.831466 0 -0.555575
    outer loop
      vertex -3.96677 103.8 13.3438
      vertex -4.33013 105.8 12.8
      vertex -3.96677 105.8 13.3438
    endloop
  endfacet
  facet normal 0.831466 0 -0.555575
    outer loop
      vertex -4.33013 105.8 12.8
      vertex -3.96677 103.8 13.3438
      vertex -4.33013 103.8 12.8
    endloop
  endfacet
  facet normal 0.980789 0 -0.195072
    outer loop
      vertex -4.82963 103.8 11.5941
      vertex -4.95722 105.8 10.9526
      vertex -4.82963 105.8 11.5941
    endloop
  endfacet
  facet normal 0.980789 0 -0.195072
    outer loop
      vertex -4.95722 105.8 10.9526
      vertex -4.82963 103.8 11.5941
      vertex -4.95722 103.8 10.9526
    endloop
  endfacet
  facet normal -0.195081 0 0.980787
    outer loop
      vertex 0.652631 105.8 5.34278
      vertex 1.2941 103.8 5.47037
      vertex 1.2941 105.8 5.47037
    endloop
  endfacet
  facet normal -0.195081 0 0.980787
    outer loop
      vertex 1.2941 103.8 5.47037
      vertex 0.652631 105.8 5.34278
      vertex 0.652631 103.8 5.34278
    endloop
  endfacet
  facet normal 0.555504 0 -0.831514
    outer loop
      vertex -3.04381 103.8 14.2668
      vertex -2.5 105.8 14.6301
      vertex -2.5 103.8 14.6301
    endloop
  endfacet
  facet normal 0.555504 0 -0.831514
    outer loop
      vertex -2.5 105.8 14.6301
      vertex -3.04381 103.8 14.2668
      vertex -3.04381 105.8 14.2668
    endloop
  endfacet
  facet normal -0.659357 0 0.75183
    outer loop
      vertex 3.04381 105.8 6.33323
      vertex 3.53553 103.8 6.76447
      vertex 3.53553 105.8 6.76447
    endloop
  endfacet
  facet normal -0.659357 0 0.75183
    outer loop
      vertex 3.53553 103.8 6.76447
      vertex 3.04381 105.8 6.33323
      vertex 3.04381 103.8 6.33323
    endloop
  endfacet
  facet normal 0.946931 -0 0.321438
    outer loop
      vertex -4.82963 103.8 9.0059
      vertex -4.6194 105.8 8.38658
      vertex -4.82963 105.8 9.0059
    endloop
  endfacet
  facet normal 0.946931 0 0.321438
    outer loop
      vertex -4.6194 105.8 8.38658
      vertex -4.82963 103.8 9.0059
      vertex -4.6194 103.8 8.38658
    endloop
  endfacet
  facet normal 0.980787 -0 0.195081
    outer loop
      vertex -4.95722 103.8 9.64737
      vertex -4.82963 105.8 9.0059
      vertex -4.95722 105.8 9.64737
    endloop
  endfacet
  facet normal 0.980787 0 0.195081
    outer loop
      vertex -4.82963 105.8 9.0059
      vertex -4.95722 103.8 9.64737
      vertex -4.82963 103.8 9.0059
    endloop
  endfacet
  facet normal -0.321438 0 0.946931
    outer loop
      vertex 1.2941 105.8 5.47037
      vertex 1.91342 103.8 5.6806
      vertex 1.91342 105.8 5.6806
    endloop
  endfacet
  facet normal -0.321438 0 0.946931
    outer loop
      vertex 1.91342 103.8 5.6806
      vertex 1.2941 105.8 5.47037
      vertex 1.2941 103.8 5.47037
    endloop
  endfacet
  facet normal -0.0654097 0 0.997858
    outer loop
      vertex 0 105.8 5.3
      vertex 0.652631 103.8 5.34278
      vertex 0.652631 105.8 5.34278
    endloop
  endfacet
  facet normal -0.0654097 0 0.997858
    outer loop
      vertex 0.652631 103.8 5.34278
      vertex 0 105.8 5.3
      vertex 0 103.8 5.3
    endloop
  endfacet
  facet normal 0.442327 0 -0.896854
    outer loop
      vertex -2.5 103.8 14.6301
      vertex -1.91342 105.8 14.9194
      vertex -1.91342 103.8 14.9194
    endloop
  endfacet
  facet normal 0.442327 0 -0.896854
    outer loop
      vertex -1.91342 105.8 14.9194
      vertex -2.5 103.8 14.6301
      vertex -2.5 105.8 14.6301
    endloop
  endfacet
  facet normal 0.997858 -0 0.0654098
    outer loop
      vertex -5 103.8 10.3
      vertex -4.95722 105.8 9.64737
      vertex -5 105.8 10.3
    endloop
  endfacet
  facet normal 0.997858 0 0.0654098
    outer loop
      vertex -4.95722 105.8 9.64737
      vertex -5 103.8 10.3
      vertex -4.95722 103.8 9.64737
    endloop
  endfacet
  facet normal -0.831466 0 -0.555575
    outer loop
      vertex 4.33013 103.8 12.8
      vertex 3.96677 105.8 13.3438
      vertex 4.33013 105.8 12.8
    endloop
  endfacet
  facet normal -0.831466 -0 -0.555575
    outer loop
      vertex 3.96677 105.8 13.3438
      vertex 4.33013 103.8 12.8
      vertex 3.96677 103.8 13.3438
    endloop
  endfacet
  facet normal -0.0654401 0 -0.997856
    outer loop
      vertex 0 103.8 15.3
      vertex 0.652631 105.8 15.2572
      vertex 0.652631 103.8 15.2572
    endloop
  endfacet
  facet normal -0.0654401 0 -0.997856
    outer loop
      vertex 0.652631 105.8 15.2572
      vertex 0 103.8 15.3
      vertex 0 105.8 15.3
    endloop
  endfacet
  facet normal 0.751817 0 -0.659372
    outer loop
      vertex -3.53553 103.8 13.8355
      vertex -3.96677 105.8 13.3438
      vertex -3.53553 105.8 13.8355
    endloop
  endfacet
  facet normal 0.751817 0 -0.659372
    outer loop
      vertex -3.96677 105.8 13.3438
      vertex -3.53553 103.8 13.8355
      vertex -3.96677 103.8 13.3438
    endloop
  endfacet
  facet normal 0.75183 -0 0.659357
    outer loop
      vertex -3.96677 103.8 7.25619
      vertex -3.53553 105.8 6.76447
      vertex -3.96677 105.8 7.25619
    endloop
  endfacet
  facet normal 0.75183 0 0.659357
    outer loop
      vertex -3.53553 105.8 6.76447
      vertex -3.96677 103.8 7.25619
      vertex -3.53553 103.8 6.76447
    endloop
  endfacet
  facet normal -0.997858 0 0.0654098
    outer loop
      vertex 4.95722 103.8 9.64737
      vertex 5 105.8 10.3
      vertex 4.95722 105.8 9.64737
    endloop
  endfacet
  facet normal -0.997858 0 0.0654098
    outer loop
      vertex 5 105.8 10.3
      vertex 4.95722 103.8 9.64737
      vertex 5 103.8 10.3
    endloop
  endfacet
  facet normal -0.659409 0 -0.751784
    outer loop
      vertex 3.04381 103.8 14.2668
      vertex 3.53553 105.8 13.8355
      vertex 3.53553 103.8 13.8355
    endloop
  endfacet
  facet normal -0.659409 0 -0.751784
    outer loop
      vertex 3.53553 105.8 13.8355
      vertex 3.04381 103.8 14.2668
      vertex 3.04381 105.8 14.2668
    endloop
  endfacet
  facet normal -0.555504 0 -0.831514
    outer loop
      vertex 2.5 103.8 14.6301
      vertex 3.04381 105.8 14.2668
      vertex 3.04381 103.8 14.2668
    endloop
  endfacet
  facet normal -0.555504 0 -0.831514
    outer loop
      vertex 3.04381 105.8 14.2668
      vertex 2.5 103.8 14.6301
      vertex 2.5 105.8 14.6301
    endloop
  endfacet
  facet normal -0.195096 0 -0.980784
    outer loop
      vertex 0.652631 103.8 15.2572
      vertex 1.2941 105.8 15.1296
      vertex 1.2941 103.8 15.1296
    endloop
  endfacet
  facet normal -0.195096 0 -0.980784
    outer loop
      vertex 1.2941 105.8 15.1296
      vertex 0.652631 103.8 15.2572
      vertex 0.652631 105.8 15.2572
    endloop
  endfacet
  facet normal -0.321397 0 -0.946944
    outer loop
      vertex 1.2941 103.8 15.1296
      vertex 1.91342 105.8 14.9194
      vertex 1.91342 103.8 14.9194
    endloop
  endfacet
  facet normal -0.321397 0 -0.946944
    outer loop
      vertex 1.91342 105.8 14.9194
      vertex 1.2941 103.8 15.1296
      vertex 1.2941 105.8 15.1296
    endloop
  endfacet
  facet normal 0.44229 0 0.896872
    outer loop
      vertex -2.5 105.8 5.96987
      vertex -1.91342 103.8 5.6806
      vertex -1.91342 105.8 5.6806
    endloop
  endfacet
  facet normal 0.44229 0 0.896872
    outer loop
      vertex -1.91342 103.8 5.6806
      vertex -2.5 105.8 5.96987
      vertex -2.5 103.8 5.96987
    endloop
  endfacet
  facet normal 0.659357 0 0.75183
    outer loop
      vertex -3.53553 105.8 6.76447
      vertex -3.04381 103.8 6.33323
      vertex -3.04381 105.8 6.33323
    endloop
  endfacet
  facet normal 0.659357 0 0.75183
    outer loop
      vertex -3.04381 103.8 6.33323
      vertex -3.53553 105.8 6.76447
      vertex -3.53553 103.8 6.76447
    endloop
  endfacet
  facet normal -0.75183 0 0.659357
    outer loop
      vertex 3.53553 103.8 6.76447
      vertex 3.96677 105.8 7.25619
      vertex 3.53553 105.8 6.76447
    endloop
  endfacet
  facet normal -0.75183 0 0.659357
    outer loop
      vertex 3.96677 105.8 7.25619
      vertex 3.53553 103.8 6.76447
      vertex 3.96677 103.8 7.25619
    endloop
  endfacet
  facet normal -0.896872 0 0.44229
    outer loop
      vertex 4.33013 103.8 7.8
      vertex 4.6194 105.8 8.38658
      vertex 4.33013 105.8 7.8
    endloop
  endfacet
  facet normal -0.896872 0 0.44229
    outer loop
      vertex 4.6194 105.8 8.38658
      vertex 4.33013 103.8 7.8
      vertex 4.6194 103.8 8.38658
    endloop
  endfacet
  facet normal 0.896872 -0 0.44229
    outer loop
      vertex -4.6194 103.8 8.38658
      vertex -4.33013 105.8 7.8
      vertex -4.6194 105.8 8.38658
    endloop
  endfacet
  facet normal 0.896872 0 0.44229
    outer loop
      vertex -4.33013 105.8 7.8
      vertex -4.6194 103.8 8.38658
      vertex -4.33013 103.8 7.8
    endloop
  endfacet
  facet normal 0.195096 0 -0.980784
    outer loop
      vertex -1.2941 103.8 15.1296
      vertex -0.652631 105.8 15.2572
      vertex -0.652631 103.8 15.2572
    endloop
  endfacet
  facet normal 0.195096 0 -0.980784
    outer loop
      vertex -0.652631 105.8 15.2572
      vertex -1.2941 103.8 15.1296
      vertex -1.2941 105.8 15.1296
    endloop
  endfacet
  facet normal 0.896878 0 -0.442277
    outer loop
      vertex -4.33013 103.8 12.8
      vertex -4.6194 105.8 12.2134
      vertex -4.33013 105.8 12.8
    endloop
  endfacet
  facet normal 0.896878 0 -0.442277
    outer loop
      vertex -4.6194 105.8 12.2134
      vertex -4.33013 103.8 12.8
      vertex -4.6194 103.8 12.2134
    endloop
  endfacet
  facet normal -0.831471 0 0.555568
    outer loop
      vertex 3.96677 103.8 7.25619
      vertex 4.33013 105.8 7.8
      vertex 3.96677 105.8 7.25619
    endloop
  endfacet
  facet normal -0.831471 0 0.555568
    outer loop
      vertex 4.33013 105.8 7.8
      vertex 3.96677 103.8 7.25619
      vertex 4.33013 103.8 7.8
    endloop
  endfacet
  facet normal -0.896878 0 -0.442277
    outer loop
      vertex 4.6194 103.8 12.2134
      vertex 4.33013 105.8 12.8
      vertex 4.6194 105.8 12.2134
    endloop
  endfacet
  facet normal -0.896878 -0 -0.442277
    outer loop
      vertex 4.33013 105.8 12.8
      vertex 4.6194 103.8 12.2134
      vertex 4.33013 103.8 12.8
    endloop
  endfacet
  facet normal -0.751817 0 -0.659372
    outer loop
      vertex 3.96677 103.8 13.3438
      vertex 3.53553 105.8 13.8355
      vertex 3.96677 105.8 13.3438
    endloop
  endfacet
  facet normal -0.751817 -0 -0.659372
    outer loop
      vertex 3.53553 105.8 13.8355
      vertex 3.96677 103.8 13.3438
      vertex 3.53553 103.8 13.8355
    endloop
  endfacet
  facet normal 0.321397 0 -0.946944
    outer loop
      vertex -1.91342 103.8 14.9194
      vertex -1.2941 105.8 15.1296
      vertex -1.2941 103.8 15.1296
    endloop
  endfacet
  facet normal 0.321397 0 -0.946944
    outer loop
      vertex -1.2941 105.8 15.1296
      vertex -1.91342 103.8 14.9194
      vertex -1.91342 105.8 14.9194
    endloop
  endfacet
  facet normal -0.946927 0 -0.321448
    outer loop
      vertex 4.82963 103.8 11.5941
      vertex 4.6194 105.8 12.2134
      vertex 4.82963 105.8 11.5941
    endloop
  endfacet
  facet normal -0.946927 -0 -0.321448
    outer loop
      vertex 4.6194 105.8 12.2134
      vertex 4.82963 103.8 11.5941
      vertex 4.6194 103.8 12.2134
    endloop
  endfacet
  facet normal 0.831471 -0 0.555568
    outer loop
      vertex -4.33013 103.8 7.8
      vertex -3.96677 105.8 7.25619
      vertex -4.33013 105.8 7.8
    endloop
  endfacet
  facet normal 0.831471 0 0.555568
    outer loop
      vertex -3.96677 105.8 7.25619
      vertex -4.33013 103.8 7.8
      vertex -3.96677 103.8 7.25619
    endloop
  endfacet
  facet normal -0.946931 0 0.321438
    outer loop
      vertex 4.6194 103.8 8.38658
      vertex 4.82963 105.8 9.0059
      vertex 4.6194 105.8 8.38658
    endloop
  endfacet
  facet normal -0.946931 0 0.321438
    outer loop
      vertex 4.82963 105.8 9.0059
      vertex 4.6194 103.8 8.38658
      vertex 4.82963 103.8 9.0059
    endloop
  endfacet
  facet normal 0.997858 0 -0.0654128
    outer loop
      vertex -4.95722 103.8 10.9526
      vertex -5 105.8 10.3
      vertex -4.95722 105.8 10.9526
    endloop
  endfacet
  facet normal 0.997858 0 -0.0654128
    outer loop
      vertex -5 105.8 10.3
      vertex -4.95722 103.8 10.9526
      vertex -5 103.8 10.3
    endloop
  endfacet
  facet normal 0.321438 0 0.946931
    outer loop
      vertex -1.91342 105.8 5.6806
      vertex -1.2941 103.8 5.47037
      vertex -1.2941 105.8 5.47037
    endloop
  endfacet
  facet normal 0.321438 0 0.946931
    outer loop
      vertex -1.2941 103.8 5.47037
      vertex -1.91342 105.8 5.6806
      vertex -1.91342 103.8 5.6806
    endloop
  endfacet
  facet normal 0.0654401 0 -0.997856
    outer loop
      vertex -0.652631 103.8 15.2572
      vertex 0 105.8 15.3
      vertex 0 103.8 15.3
    endloop
  endfacet
  facet normal 0.0654401 0 -0.997856
    outer loop
      vertex 0 105.8 15.3
      vertex -0.652631 103.8 15.2572
      vertex -0.652631 105.8 15.2572
    endloop
  endfacet
  facet normal 0.195081 0 0.980787
    outer loop
      vertex -1.2941 105.8 5.47037
      vertex -0.652631 103.8 5.34278
      vertex -0.652631 105.8 5.34278
    endloop
  endfacet
  facet normal 0.195081 0 0.980787
    outer loop
      vertex -0.652631 103.8 5.34278
      vertex -1.2941 105.8 5.47037
      vertex -1.2941 103.8 5.47037
    endloop
  endfacet
  facet normal 0.555568 0 0.831471
    outer loop
      vertex -3.04381 105.8 6.33323
      vertex -2.5 103.8 5.96987
      vertex -2.5 105.8 5.96987
    endloop
  endfacet
  facet normal 0.555568 0 0.831471
    outer loop
      vertex -2.5 103.8 5.96987
      vertex -3.04381 105.8 6.33323
      vertex -3.04381 103.8 6.33323
    endloop
  endfacet
  facet normal -1 0 0
    outer loop
      vertex 3 88.2 19.3
      vertex 3 90.2 24.3
      vertex 3 90.2 19.3
    endloop
  endfacet
  facet normal -1 -0 0
    outer loop
      vertex 3 90.2 24.3
      vertex 3 88.2 19.3
      vertex 3 88.2 24.3
    endloop
  endfacet
  facet normal -0 0 1
    outer loop
      vertex -3 90.2 19.3
      vertex 3 88.2 19.3
      vertex 3 90.2 19.3
    endloop
  endfacet
  facet normal 0 0 1
    outer loop
      vertex 3 88.2 19.3
      vertex -3 90.2 19.3
      vertex -3 88.2 19.3
    endloop
  endfacet
  facet normal 0 0 -1
    outer loop
      vertex -3 88.2 24.3
      vertex 3 90.2 24.3
      vertex 3 88.2 24.3
    endloop
  endfacet
  facet normal -0 0 -1
    outer loop
      vertex 3 90.2 24.3
      vertex -3 88.2 24.3
      vertex -3 90.2 24.3
    endloop
  endfacet
  facet normal 1 -0 0
    outer loop
      vertex -3 88.2 24.3
      vertex -3 90.2 19.3
      vertex -3 90.2 24.3
    endloop
  endfacet
  facet normal 1 0 0
    outer loop
      vertex -3 90.2 19.3
      vertex -3 88.2 24.3
      vertex -3 88.2 19.3
    endloop
  endfacet
  facet normal -1 0 0
    outer loop
      vertex 6.7 59.8 3.01
      vertex 6.7 82.2 7.4
      vertex 6.7 82.2 3.01
    endloop
  endfacet
  facet normal -1 -0 0
    outer loop
      vertex 6.7 82.2 7.4
      vertex 6.7 59.8 3.01
      vertex 6.7 59.8 7.4
    endloop
  endfacet
  facet normal 0 0 1
    outer loop
      vertex 6.7 82.2 3.01
      vertex 3 59.8 3.01
      vertex 6.7 59.8 3.01
    endloop
  endfacet
  facet normal 0 0 1
    outer loop
      vertex 3 59.8 3.01
      vertex -3 59.8 3.01
      vertex 3 58.2 3.01
    endloop
  endfacet
  facet normal 0 0 1
    outer loop
      vertex 6.7 82.2 3.01
      vertex -3 59.8 3.01
      vertex 3 59.8 3.01
    endloop
  endfacet
  facet normal -0 0 1
    outer loop
      vertex -6.7 82.2 3.01
      vertex -3 59.8 3.01
      vertex 6.7 82.2 3.01
    endloop
  endfacet
  facet normal 0 0 1
    outer loop
      vertex -3 59.8 3.01
      vertex -6.7 82.2 3.01
      vertex -6.7 59.8 3.01
    endloop
  endfacet
  facet normal 0 0 1
    outer loop
      vertex 3 58.2 3.01
      vertex -3 59.8 3.01
      vertex -3 58.2 3.01
    endloop
  endfacet
  facet normal 1 -0 0
    outer loop
      vertex -6.7 59.8 7.4
      vertex -6.7 82.2 3.01
      vertex -6.7 82.2 7.4
    endloop
  endfacet
  facet normal 1 0 0
    outer loop
      vertex -6.7 82.2 3.01
      vertex -6.7 59.8 7.4
      vertex -6.7 59.8 3.01
    endloop
  endfacet
  facet normal 0 1 0
    outer loop
      vertex 6.7 59.8 7.4
      vertex 3 59.8 6.4
      vertex -6.7 59.8 7.4
    endloop
  endfacet
  facet normal 0 1 -0
    outer loop
      vertex 6.7 59.8 3.01
      vertex 3 59.8 6.4
      vertex 6.7 59.8 7.4
    endloop
  endfacet
  facet normal 0 1 0
    outer loop
      vertex 3 59.8 6.4
      vertex 6.7 59.8 3.01
      vertex 3 59.8 3.01
    endloop
  endfacet
  facet normal 0 1 -0
    outer loop
      vertex -3 59.8 6.4
      vertex -6.7 59.8 7.4
      vertex 3 59.8 6.4
    endloop
  endfacet
  facet normal 0 1 0
    outer loop
      vertex -6.7 59.8 3.01
      vertex -3 59.8 6.4
      vertex -3 59.8 3.01
    endloop
  endfacet
  facet normal 0 1 0
    outer loop
      vertex -3 59.8 6.4
      vertex -6.7 59.8 3.01
      vertex -6.7 59.8 7.4
    endloop
  endfacet
  facet normal 0 -1 0
    outer loop
      vertex -6.7 82.2 3.01
      vertex 6.7 82.2 7.4
      vertex -6.7 82.2 7.4
    endloop
  endfacet
  facet normal 0 -1 -0
    outer loop
      vertex 6.7 82.2 7.4
      vertex -6.7 82.2 3.01
      vertex 6.7 82.2 3.01
    endloop
  endfacet
  facet normal -1 0 0
    outer loop
      vertex 3 58.2 3.01
      vertex 3 59.8 6.4
      vertex 3 59.8 3.01
    endloop
  endfacet
  facet normal -1 -0 0
    outer loop
      vertex 3 59.8 6.4
      vertex 3 58.2 3.01
      vertex 3 58.2 6.4
    endloop
  endfacet
  facet normal 0 0 -1
    outer loop
      vertex -3 58.2 6.4
      vertex 3 59.8 6.4
      vertex 3 58.2 6.4
    endloop
  endfacet
  facet normal -0 0 -1
    outer loop
      vertex 3 59.8 6.4
      vertex -3 58.2 6.4
      vertex -3 59.8 6.4
    endloop
  endfacet
  facet normal 1 -0 0
    outer loop
      vertex -3 58.2 6.4
      vertex -3 59.8 3.01
      vertex -3 59.8 6.4
    endloop
  endfacet
  facet normal 1 0 0
    outer loop
      vertex -3 59.8 3.01
      vertex -3 58.2 6.4
      vertex -3 58.2 3.01
    endloop
  endfacet
  facet normal -0.923822 0.382823 0
    outer loop
      vertex 20.4722 89.15 0
      vertex 20.6421 89.56 15
      vertex 20.6421 89.56 0
    endloop
  endfacet
  facet normal -0.923822 0.382823 0
    outer loop
      vertex 20.6421 89.56 15
      vertex 20.4722 89.15 0
      vertex 20.4722 89.15 15
    endloop
  endfacet
  facet normal -0.991453 0.130466 0
    outer loop
      vertex 20.6421 89.56 0
      vertex 20.7 90 15
      vertex 20.7 90 0
    endloop
  endfacet
  facet normal -0.991453 0.130466 0
    outer loop
      vertex 20.7 90 15
      vertex 20.6421 89.56 0
      vertex 20.6421 89.56 15
    endloop
  endfacet
  facet normal -0.793436 0.608654 0
    outer loop
      vertex 20.2021 88.7979 0
      vertex 20.4722 89.15 15
      vertex 20.4722 89.15 0
    endloop
  endfacet
  facet normal -0.793436 0.608654 0
    outer loop
      vertex 20.4722 89.15 15
      vertex 20.2021 88.7979 0
      vertex 20.2021 88.7979 15
    endloop
  endfacet
  facet normal -0.608654 0.793436 0
    outer loop
      vertex 20.2021 88.7979 0
      vertex 19.85 88.5278 15
      vertex 20.2021 88.7979 15
    endloop
  endfacet
  facet normal -0.608654 0.793436 0
    outer loop
      vertex 19.85 88.5278 15
      vertex 20.2021 88.7979 0
      vertex 19.85 88.5278 0
    endloop
  endfacet
  facet normal 0.991453 0.130466 0
    outer loop
      vertex 17.3579 89.56 15
      vertex 17.3 90 0
      vertex 17.3 90 15
    endloop
  endfacet
  facet normal 0.991453 0.130466 0
    outer loop
      vertex 17.3 90 0
      vertex 17.3579 89.56 15
      vertex 17.3579 89.56 0
    endloop
  endfacet
  facet normal 0.382823 0.923822 -0
    outer loop
      vertex 18.56 88.3579 0
      vertex 18.15 88.5278 15
      vertex 18.56 88.3579 15
    endloop
  endfacet
  facet normal 0.382823 0.923822 0
    outer loop
      vertex 18.15 88.5278 15
      vertex 18.56 88.3579 0
      vertex 18.15 88.5278 0
    endloop
  endfacet
  facet normal 0.793436 0.608654 0
    outer loop
      vertex 17.7979 88.7979 15
      vertex 17.5278 89.15 0
      vertex 17.5278 89.15 15
    endloop
  endfacet
  facet normal 0.793436 0.608654 0
    outer loop
      vertex 17.5278 89.15 0
      vertex 17.7979 88.7979 15
      vertex 17.7979 88.7979 0
    endloop
  endfacet
  facet normal 0.923822 0.382823 0
    outer loop
      vertex 17.5278 89.15 15
      vertex 17.3579 89.56 0
      vertex 17.3579 89.56 15
    endloop
  endfacet
  facet normal 0.923822 0.382823 0
    outer loop
      vertex 17.3579 89.56 0
      vertex 17.5278 89.15 15
      vertex 17.5278 89.15 0
    endloop
  endfacet
  facet normal 0.130466 0.991453 -0
    outer loop
      vertex 19 88.3 0
      vertex 18.56 88.3579 15
      vertex 19 88.3 15
    endloop
  endfacet
  facet normal 0.130466 0.991453 0
    outer loop
      vertex 18.56 88.3579 15
      vertex 19 88.3 0
      vertex 18.56 88.3579 0
    endloop
  endfacet
  facet normal -0.382823 -0.923822 0
    outer loop
      vertex 19.44 91.6421 0
      vertex 19.85 91.4722 15
      vertex 19.44 91.6421 15
    endloop
  endfacet
  facet normal -0.382823 -0.923822 -0
    outer loop
      vertex 19.85 91.4722 15
      vertex 19.44 91.6421 0
      vertex 19.85 91.4722 0
    endloop
  endfacet
  facet normal -0.793436 -0.608654 0
    outer loop
      vertex 20.4722 90.85 0
      vertex 20.2021 91.2021 15
      vertex 20.2021 91.2021 0
    endloop
  endfacet
  facet normal -0.793436 -0.608654 0
    outer loop
      vertex 20.2021 91.2021 15
      vertex 20.4722 90.85 0
      vertex 20.4722 90.85 15
    endloop
  endfacet
  facet normal 0.793436 -0.608654 0
    outer loop
      vertex 17.5278 90.85 15
      vertex 17.7979 91.2021 0
      vertex 17.7979 91.2021 15
    endloop
  endfacet
  facet normal 0.793436 -0.608654 0
    outer loop
      vertex 17.7979 91.2021 0
      vertex 17.5278 90.85 15
      vertex 17.5278 90.85 0
    endloop
  endfacet
  facet normal 0.923822 -0.382823 0
    outer loop
      vertex 17.3579 90.44 15
      vertex 17.5278 90.85 0
      vertex 17.5278 90.85 15
    endloop
  endfacet
  facet normal 0.923822 -0.382823 0
    outer loop
      vertex 17.5278 90.85 0
      vertex 17.3579 90.44 15
      vertex 17.3579 90.44 0
    endloop
  endfacet
  facet normal -0.991453 -0.130466 0
    outer loop
      vertex 20.7 90 0
      vertex 20.6421 90.44 15
      vertex 20.6421 90.44 0
    endloop
  endfacet
  facet normal -0.991453 -0.130466 0
    outer loop
      vertex 20.6421 90.44 15
      vertex 20.7 90 0
      vertex 20.7 90 15
    endloop
  endfacet
  facet normal -0.382823 0.923822 0
    outer loop
      vertex 19.85 88.5278 0
      vertex 19.44 88.3579 15
      vertex 19.85 88.5278 15
    endloop
  endfacet
  facet normal -0.382823 0.923822 0
    outer loop
      vertex 19.44 88.3579 15
      vertex 19.85 88.5278 0
      vertex 19.44 88.3579 0
    endloop
  endfacet
  facet normal 0.382823 -0.923822 0
    outer loop
      vertex 18.15 91.4722 0
      vertex 18.56 91.6421 15
      vertex 18.15 91.4722 15
    endloop
  endfacet
  facet normal 0.382823 -0.923822 0
    outer loop
      vertex 18.56 91.6421 15
      vertex 18.15 91.4722 0
      vertex 18.56 91.6421 0
    endloop
  endfacet
  facet normal -0.923822 -0.382823 0
    outer loop
      vertex 20.6421 90.44 0
      vertex 20.4722 90.85 15
      vertex 20.4722 90.85 0
    endloop
  endfacet
  facet normal -0.923822 -0.382823 0
    outer loop
      vertex 20.4722 90.85 15
      vertex 20.6421 90.44 0
      vertex 20.6421 90.44 15
    endloop
  endfacet
  facet normal 0.608654 0.793436 -0
    outer loop
      vertex 18.15 88.5278 0
      vertex 17.7979 88.7979 15
      vertex 18.15 88.5278 15
    endloop
  endfacet
  facet normal 0.608654 0.793436 0
    outer loop
      vertex 17.7979 88.7979 15
      vertex 18.15 88.5278 0
      vertex 17.7979 88.7979 0
    endloop
  endfacet
  facet normal -0.130466 -0.991453 0
    outer loop
      vertex 19 91.7 0
      vertex 19.44 91.6421 15
      vertex 19 91.7 15
    endloop
  endfacet
  facet normal -0.130466 -0.991453 -0
    outer loop
      vertex 19.44 91.6421 15
      vertex 19 91.7 0
      vertex 19.44 91.6421 0
    endloop
  endfacet
  facet normal 0.608654 -0.793436 0
    outer loop
      vertex 17.7979 91.2021 0
      vertex 18.15 91.4722 15
      vertex 17.7979 91.2021 15
    endloop
  endfacet
  facet normal 0.608654 -0.793436 0
    outer loop
      vertex 18.15 91.4722 15
      vertex 17.7979 91.2021 0
      vertex 18.15 91.4722 0
    endloop
  endfacet
  facet normal 0.991453 -0.130466 0
    outer loop
      vertex 17.3 90 15
      vertex 17.3579 90.44 0
      vertex 17.3579 90.44 15
    endloop
  endfacet
  facet normal 0.991453 -0.130466 0
    outer loop
      vertex 17.3579 90.44 0
      vertex 17.3 90 15
      vertex 17.3 90 0
    endloop
  endfacet
  facet normal -0.608654 -0.793436 0
    outer loop
      vertex 19.85 91.4722 0
      vertex 20.2021 91.2021 15
      vertex 19.85 91.4722 15
    endloop
  endfacet
  facet normal -0.608654 -0.793436 -0
    outer loop
      vertex 20.2021 91.2021 15
      vertex 19.85 91.4722 0
      vertex 20.2021 91.2021 0
    endloop
  endfacet
  facet normal -0.130466 0.991453 0
    outer loop
      vertex 19.44 88.3579 0
      vertex 19 88.3 15
      vertex 19.44 88.3579 15
    endloop
  endfacet
  facet normal -0.130466 0.991453 0
    outer loop
      vertex 19 88.3 15
      vertex 19.44 88.3579 0
      vertex 19 88.3 0
    endloop
  endfacet
  facet normal 0.130466 -0.991453 0
    outer loop
      vertex 18.56 91.6421 0
      vertex 19 91.7 15
      vertex 18.56 91.6421 15
    endloop
  endfacet
  facet normal 0.130466 -0.991453 0
    outer loop
      vertex 19 91.7 15
      vertex 18.56 91.6421 0
      vertex 19 91.7 0
    endloop
  endfacet
  facet normal -0.923825 0 -0.382815
    outer loop
      vertex -17.3579 101 8.93999
      vertex -17.5278 106 9.35
      vertex -17.3579 106 8.93999
    endloop
  endfacet
  facet normal -0.923825 -0 -0.382815
    outer loop
      vertex -17.5278 106 9.35
      vertex -17.3579 101 8.93999
      vertex -17.5278 101 9.35
    endloop
  endfacet
  facet normal -0.991452 0 -0.130469
    outer loop
      vertex -17.3 101 8.5
      vertex -17.3579 106 8.93999
      vertex -17.3 106 8.5
    endloop
  endfacet
  facet normal -0.991452 -0 -0.130469
    outer loop
      vertex -17.3579 106 8.93999
      vertex -17.3 101 8.5
      vertex -17.3579 101 8.93999
    endloop
  endfacet
  facet normal -0.793419 0 -0.608676
    outer loop
      vertex -17.5278 101 9.35
      vertex -17.7979 106 9.70208
      vertex -17.5278 106 9.35
    endloop
  endfacet
  facet normal -0.793419 -0 -0.608676
    outer loop
      vertex -17.7979 106 9.70208
      vertex -17.5278 101 9.35
      vertex -17.7979 101 9.70208
    endloop
  endfacet
  facet normal -0.793419 0 0.608676
    outer loop
      vertex -17.7979 101 7.29792
      vertex -17.5278 106 7.65
      vertex -17.7979 106 7.29792
    endloop
  endfacet
  facet normal -0.793419 0 0.608676
    outer loop
      vertex -17.5278 106 7.65
      vertex -17.7979 101 7.29792
      vertex -17.5278 101 7.65
    endloop
  endfacet
  facet normal -0.130466 0 -0.991453
    outer loop
      vertex -19 101 10.2
      vertex -18.56 106 10.1421
      vertex -18.56 101 10.1421
    endloop
  endfacet
  facet normal -0.130466 0 -0.991453
    outer loop
      vertex -18.56 106 10.1421
      vertex -19 101 10.2
      vertex -19 106 10.2
    endloop
  endfacet
  facet normal -0.991452 0 0.130469
    outer loop
      vertex -17.3579 101 8.06001
      vertex -17.3 106 8.5
      vertex -17.3579 106 8.06001
    endloop
  endfacet
  facet normal -0.991452 0 0.130469
    outer loop
      vertex -17.3 106 8.5
      vertex -17.3579 101 8.06001
      vertex -17.3 101 8.5
    endloop
  endfacet
  facet normal 0.991452 0 -0.130469
    outer loop
      vertex -20.6421 101 8.93999
      vertex -20.7 106 8.5
      vertex -20.6421 106 8.93999
    endloop
  endfacet
  facet normal 0.991452 0 -0.130469
    outer loop
      vertex -20.7 106 8.5
      vertex -20.6421 101 8.93999
      vertex -20.7 101 8.5
    endloop
  endfacet
  facet normal 0.130533 0 0.991444
    outer loop
      vertex -19.44 106 6.85793
      vertex -19 101 6.8
      vertex -19 106 6.8
    endloop
  endfacet
  facet normal 0.130533 0 0.991444
    outer loop
      vertex -19 101 6.8
      vertex -19.44 106 6.85793
      vertex -19.44 101 6.85793
    endloop
  endfacet
  facet normal -0.608739 0 -0.793371
    outer loop
      vertex -18.15 101 9.97224
      vertex -17.7979 106 9.70208
      vertex -17.7979 101 9.70208
    endloop
  endfacet
  facet normal -0.608739 0 -0.793371
    outer loop
      vertex -17.7979 106 9.70208
      vertex -18.15 101 9.97224
      vertex -18.15 106 9.97224
    endloop
  endfacet
  facet normal 0.130466 0 -0.991453
    outer loop
      vertex -19.44 101 10.1421
      vertex -19 106 10.2
      vertex -19 101 10.2
    endloop
  endfacet
  facet normal 0.130466 0 -0.991453
    outer loop
      vertex -19 106 10.2
      vertex -19.44 101 10.1421
      vertex -19.44 106 10.1421
    endloop
  endfacet
  facet normal 0.382688 0 0.923878
    outer loop
      vertex -19.85 106 7.02776
      vertex -19.44 101 6.85793
      vertex -19.44 106 6.85793
    endloop
  endfacet
  facet normal 0.382688 0 0.923878
    outer loop
      vertex -19.44 101 6.85793
      vertex -19.85 106 7.02776
      vertex -19.85 101 7.02776
    endloop
  endfacet
  facet normal 0.923825 -0 0.382815
    outer loop
      vertex -20.6421 101 8.06001
      vertex -20.4722 106 7.65
      vertex -20.6421 106 8.06001
    endloop
  endfacet
  facet normal 0.923825 0 0.382815
    outer loop
      vertex -20.4722 106 7.65
      vertex -20.6421 101 8.06001
      vertex -20.4722 101 7.65
    endloop
  endfacet
  facet normal 0.608739 0 0.793371
    outer loop
      vertex -20.2021 106 7.29792
      vertex -19.85 101 7.02776
      vertex -19.85 106 7.02776
    endloop
  endfacet
  facet normal 0.608739 0 0.793371
    outer loop
      vertex -19.85 101 7.02776
      vertex -20.2021 106 7.29792
      vertex -20.2021 101 7.29792
    endloop
  endfacet
  facet normal -0.923825 0 0.382815
    outer loop
      vertex -17.5278 101 7.65
      vertex -17.3579 106 8.06001
      vertex -17.5278 106 7.65
    endloop
  endfacet
  facet normal -0.923825 0 0.382815
    outer loop
      vertex -17.3579 106 8.06001
      vertex -17.5278 101 7.65
      vertex -17.3579 101 8.06001
    endloop
  endfacet
  facet normal -0.130533 0 0.991444
    outer loop
      vertex -19 106 6.8
      vertex -18.56 101 6.85793
      vertex -18.56 106 6.85793
    endloop
  endfacet
  facet normal -0.130533 0 0.991444
    outer loop
      vertex -18.56 101 6.85793
      vertex -19 106 6.8
      vertex -19 101 6.8
    endloop
  endfacet
  facet normal -0.382746 0 -0.923854
    outer loop
      vertex -18.56 101 10.1421
      vertex -18.15 106 9.97224
      vertex -18.15 101 9.97224
    endloop
  endfacet
  facet normal -0.382746 0 -0.923854
    outer loop
      vertex -18.15 106 9.97224
      vertex -18.56 101 10.1421
      vertex -18.56 106 10.1421
    endloop
  endfacet
  facet normal 0.991452 -0 0.130469
    outer loop
      vertex -20.7 101 8.5
      vertex -20.6421 106 8.06001
      vertex -20.7 106 8.5
    endloop
  endfacet
  facet normal 0.991452 0 0.130469
    outer loop
      vertex -20.6421 106 8.06001
      vertex -20.7 101 8.5
      vertex -20.6421 101 8.06001
    endloop
  endfacet
  facet normal -0.608739 0 0.793371
    outer loop
      vertex -18.15 106 7.02776
      vertex -17.7979 101 7.29792
      vertex -17.7979 106 7.29792
    endloop
  endfacet
  facet normal -0.608739 0 0.793371
    outer loop
      vertex -17.7979 101 7.29792
      vertex -18.15 106 7.02776
      vertex -18.15 101 7.02776
    endloop
  endfacet
  facet normal 0.923825 0 -0.382815
    outer loop
      vertex -20.4722 101 9.35
      vertex -20.6421 106 8.93999
      vertex -20.4722 106 9.35
    endloop
  endfacet
  facet normal 0.923825 0 -0.382815
    outer loop
      vertex -20.6421 106 8.93999
      vertex -20.4722 101 9.35
      vertex -20.6421 101 8.93999
    endloop
  endfacet
  facet normal 0.793419 -0 0.608676
    outer loop
      vertex -20.4722 101 7.65
      vertex -20.2021 106 7.29792
      vertex -20.4722 106 7.65
    endloop
  endfacet
  facet normal 0.793419 0 0.608676
    outer loop
      vertex -20.2021 106 7.29792
      vertex -20.4722 101 7.65
      vertex -20.2021 101 7.29792
    endloop
  endfacet
  facet normal -0.382688 0 0.923878
    outer loop
      vertex -18.56 106 6.85793
      vertex -18.15 101 7.02776
      vertex -18.15 106 7.02776
    endloop
  endfacet
  facet normal -0.382688 0 0.923878
    outer loop
      vertex -18.15 101 7.02776
      vertex -18.56 106 6.85793
      vertex -18.56 101 6.85793
    endloop
  endfacet
  facet normal 0.608739 0 -0.793371
    outer loop
      vertex -20.2021 101 9.70208
      vertex -19.85 106 9.97224
      vertex -19.85 101 9.97224
    endloop
  endfacet
  facet normal 0.608739 0 -0.793371
    outer loop
      vertex -19.85 106 9.97224
      vertex -20.2021 101 9.70208
      vertex -20.2021 106 9.70208
    endloop
  endfacet
  facet normal 0.382746 0 -0.923854
    outer loop
      vertex -19.85 101 9.97224
      vertex -19.44 106 10.1421
      vertex -19.44 101 10.1421
    endloop
  endfacet
  facet normal 0.382746 0 -0.923854
    outer loop
      vertex -19.44 106 10.1421
      vertex -19.85 101 9.97224
      vertex -19.85 106 9.97224
    endloop
  endfacet
  facet normal 0.793419 0 -0.608676
    outer loop
      vertex -20.2021 101 9.70208
      vertex -20.4722 106 9.35
      vertex -20.2021 106 9.70208
    endloop
  endfacet
  facet normal 0.793419 0 -0.608676
    outer loop
      vertex -20.4722 106 9.35
      vertex -20.2021 101 9.70208
      vertex -20.4722 101 9.35
    endloop
  endfacet
endsolid OpenSCAD_Model
